26-07-27 17:27:26.607 [background-preinit] INFO  o.h.validator.internal.util.Version - HV000001: Hibernate Validator 8.0.3.Final
26-07-27 17:27:26.630 [Test worker] INFO  c.s.m.d.DiscodeitApplicationTests - Starting DiscodeitApplicationTests using Java 17.0.19 with PID 33645 (started by apple in /Users/apple/Desktop/codeit-13th-develop/13-sprint-mission)
26-07-27 17:27:26.631 [Test worker] INFO  c.s.m.d.DiscodeitApplicationTests - No active profile set, falling back to 1 default profile: "default"
26-07-27 17:27:27.191 [Test worker] INFO  o.s.d.r.c.RepositoryConfigurationDelegate - Bootstrapping Spring Data JPA repositories in DEFAULT mode.
26-07-27 17:27:27.247 [Test worker] INFO  o.s.d.r.c.RepositoryConfigurationDelegate - Finished Spring Data repository scanning in 46 ms. Found 6 JPA repository interfaces.
26-07-27 17:27:27.660 [Test worker] INFO  o.h.jpa.internal.util.LogHelper - HHH000204: Processing PersistenceUnitInfo [name: default]
26-07-27 17:27:27.695 [Test worker] INFO  org.hibernate.Version - HHH000412: Hibernate ORM core version 6.6.49.Final
26-07-27 17:27:27.716 [Test worker] INFO  o.h.c.i.RegionFactoryInitiator - HHH000026: Second-level cache disabled
26-07-27 17:27:27.939 [Test worker] INFO  o.s.o.j.p.SpringPersistenceUnitInfo - No LoadTimeWeaver setup: ignoring JPA class transformer
26-07-27 17:27:27.963 [Test worker] INFO  com.zaxxer.hikari.HikariDataSource - HikariPool-1 - Starting...
26-07-27 17:27:28.079 [Test worker] INFO  com.zaxxer.hikari.pool.HikariPool - HikariPool-1 - Added connection conn0: url=jdbc:h2:mem:discodeit-test user=SA
26-07-27 17:27:28.080 [Test worker] INFO  com.zaxxer.hikari.HikariDataSource - HikariPool-1 - Start completed.
26-07-27 17:27:28.125 [Test worker] INFO  o.hibernate.orm.connections.pooling - HHH10001005: Database info:
	Database JDBC URL [Connecting through datasource 'p6SpyDataSourceDecorator [com.p6spy.engine.spy.P6DataSource] -> dataSource [com.zaxxer.hikari.HikariDataSource]']
	Database driver: undefined/unknown
	Database version: 2.3.232
	Autocommit mode: undefined/unknown
	Isolation level: undefined/unknown
	Minimum pool size: undefined/unknown
	Maximum pool size: undefined/unknown
26-07-27 17:27:28.737 [Test worker] INFO  o.h.e.t.j.p.i.JtaPlatformInitiator - HHH000489: No JTA platform available (set 'hibernate.transaction.jta.platform' to enable JTA platform integration)
26-07-27 17:27:28.746 [Test worker] DEBUG org.hibernate.SQL - 
    drop table if exists binary_contents cascade 
26-07-27 17:27:28.749 [Test worker] INFO  p6spy - #1785140848749 | took 0ms | statement | connection 1| url jdbc:h2:mem:discodeit-test

    drop table if exists binary_contents cascade 

    drop table if exists binary_contents cascade ;
26-07-27 17:27:28.750 [Test worker] DEBUG org.hibernate.SQL - 
    drop table if exists channels cascade 
26-07-27 17:27:28.750 [Test worker] INFO  p6spy - #1785140848750 | took 0ms | statement | connection 1| url jdbc:h2:mem:discodeit-test

    drop table if exists channels cascade 

    drop table if exists channels cascade ;
26-07-27 17:27:28.751 [Test worker] DEBUG org.hibernate.SQL - 
    drop table if exists message_attachments cascade 
26-07-27 17:27:28.753 [Test worker] INFO  p6spy - #1785140848753 | took 0ms | statement | connection 1| url jdbc:h2:mem:discodeit-test

    drop table if exists message_attachments cascade 

    drop table if exists message_attachments cascade ;
26-07-27 17:27:28.754 [Test worker] DEBUG org.hibernate.SQL - 
    drop table if exists messages cascade 
26-07-27 17:27:28.754 [Test worker] INFO  p6spy - #1785140848754 | took 0ms | statement | connection 1| url jdbc:h2:mem:discodeit-test

    drop table if exists messages cascade 

    drop table if exists messages cascade ;
26-07-27 17:27:28.754 [Test worker] DEBUG org.hibernate.SQL - 
    drop table if exists read_statuses cascade 
26-07-27 17:27:28.754 [Test worker] INFO  p6spy - #1785140848754 | took 0ms | statement | connection 1| url jdbc:h2:mem:discodeit-test

    drop table if exists read_statuses cascade 

    drop table if exists read_statuses cascade ;
26-07-27 17:27:28.755 [Test worker] DEBUG org.hibernate.SQL - 
    drop table if exists user_statuses cascade 
26-07-27 17:27:28.755 [Test worker] INFO  p6spy - #1785140848755 | took 0ms | statement | connection 1| url jdbc:h2:mem:discodeit-test

    drop table if exists user_statuses cascade 

    drop table if exists user_statuses cascade ;
26-07-27 17:27:28.755 [Test worker] DEBUG org.hibernate.SQL - 
    drop table if exists users cascade 
26-07-27 17:27:28.755 [Test worker] INFO  p6spy - #1785140848755 | took 0ms | statement | connection 1| url jdbc:h2:mem:discodeit-test

    drop table if exists users cascade 

    drop table if exists users cascade ;
26-07-27 17:27:28.759 [Test worker] DEBUG org.hibernate.SQL - 
    create table binary_contents (
        created_at timestamp(6) with time zone not null,
        size bigint not null,
        id uuid not null,
        content_type varchar(100) not null,
        file_name varchar(255) not null,
        primary key (id)
    )
26-07-27 17:27:28.763 [Test worker] INFO  p6spy - #1785140848763 | took 3ms | statement | connection 2| url jdbc:h2:mem:discodeit-test

    create table binary_contents (
        created_at timestamp(6) with time zone not null,
        size bigint not null,
        id uuid not null,
        content_type varchar(100) not null,
        file_name varchar(255) not null,
        primary key (id)
    )

    create table binary_contents (
        created_at timestamp(6) with time zone not null,
        size bigint not null,
        id uuid not null,
        content_type varchar(100) not null,
        file_name varchar(255) not null,
        primary key (id)
    );
26-07-27 17:27:28.764 [Test worker] DEBUG org.hibernate.SQL - 
    create table channels (
        created_at timestamp(6) with time zone not null,
        updated_at timestamp(6) with time zone,
        id uuid not null,
        name varchar(100),
        description varchar(500),
        type enum ('PRIVATE','PUBLIC') not null,
        primary key (id)
    )
26-07-27 17:27:28.765 [Test worker] INFO  p6spy - #1785140848765 | took 0ms | statement | connection 2| url jdbc:h2:mem:discodeit-test

    create table channels (
        created_at timestamp(6) with time zone not null,
        updated_at timestamp(6) with time zone,
        id uuid not null,
        name varchar(100),
        description varchar(500),
        type enum ('PRIVATE','PUBLIC') not null,
        primary key (id)
    )

    create table channels (
        created_at timestamp(6) with time zone not null,
        updated_at timestamp(6) with time zone,
        id uuid not null,
        name varchar(100),
        description varchar(500),
        type enum ('PRIVATE','PUBLIC') not null,
        primary key (id)
    );
26-07-27 17:27:28.767 [Test worker] DEBUG org.hibernate.SQL - 
    create table message_attachments (
        attachment_id uuid not null unique,
        message_id uuid not null
    )
26-07-27 17:27:28.769 [Test worker] INFO  p6spy - #1785140848769 | took 1ms | statement | connection 2| url jdbc:h2:mem:discodeit-test

    create table message_attachments (
        attachment_id uuid not null unique,
        message_id uuid not null
    )

    create table message_attachments (
        attachment_id uuid not null unique,
        message_id uuid not null
    );
26-07-27 17:27:28.770 [Test worker] DEBUG org.hibernate.SQL - 
    create table messages (
        created_at timestamp(6) with time zone not null,
        updated_at timestamp(6) with time zone,
        author_id uuid,
        channel_id uuid not null,
        id uuid not null,
        content text,
        primary key (id)
    )
26-07-27 17:27:28.770 [Test worker] INFO  p6spy - #1785140848770 | took 0ms | statement | connection 2| url jdbc:h2:mem:discodeit-test

    create table messages (
        created_at timestamp(6) with time zone not null,
        updated_at timestamp(6) with time zone,
        author_id uuid,
        channel_id uuid not null,
        id uuid not null,
        content text,
        primary key (id)
    )

    create table messages (
        created_at timestamp(6) with time zone not null,
        updated_at timestamp(6) with time zone,
        author_id uuid,
        channel_id uuid not null,
        id uuid not null,
        content text,
        primary key (id)
    );
26-07-27 17:27:28.771 [Test worker] DEBUG org.hibernate.SQL - 
    create table read_statuses (
        created_at timestamp(6) with time zone not null,
        last_read_at timestamp(6) with time zone not null,
        updated_at timestamp(6) with time zone,
        channel_id uuid not null,
        id uuid not null,
        user_id uuid not null,
        primary key (id)
    )
26-07-27 17:27:28.772 [Test worker] INFO  p6spy - #1785140848772 | took 0ms | statement | connection 2| url jdbc:h2:mem:discodeit-test

    create table read_statuses (
        created_at timestamp(6) with time zone not null,
        last_read_at timestamp(6) with time zone not null,
        updated_at timestamp(6) with time zone,
        channel_id uuid not null,
        id uuid not null,
        user_id uuid not null,
        primary key (id)
    )

    create table read_statuses (
        created_at timestamp(6) with time zone not null,
        last_read_at timestamp(6) with time zone not null,
        updated_at timestamp(6) with time zone,
        channel_id uuid not null,
        id uuid not null,
        user_id uuid not null,
        primary key (id)
    );
26-07-27 17:27:28.772 [Test worker] DEBUG org.hibernate.SQL - 
    create table user_statuses (
        created_at timestamp(6) with time zone not null,
        last_active_at timestamp(6) with time zone not null,
        updated_at timestamp(6) with time zone,
        id uuid not null,
        user_id uuid not null unique,
        primary key (id)
    )
26-07-27 17:27:28.774 [Test worker] INFO  p6spy - #1785140848774 | took 0ms | statement | connection 2| url jdbc:h2:mem:discodeit-test

    create table user_statuses (
        created_at timestamp(6) with time zone not null,
        last_active_at timestamp(6) with time zone not null,
        updated_at timestamp(6) with time zone,
        id uuid not null,
        user_id uuid not null unique,
        primary key (id)
    )

    create table user_statuses (
        created_at timestamp(6) with time zone not null,
        last_active_at timestamp(6) with time zone not null,
        updated_at timestamp(6) with time zone,
        id uuid not null,
        user_id uuid not null unique,
        primary key (id)
    );
26-07-27 17:27:28.774 [Test worker] DEBUG org.hibernate.SQL - 
    create table users (
        created_at timestamp(6) with time zone not null,
        updated_at timestamp(6) with time zone,
        id uuid not null,
        profile_id uuid unique,
        username varchar(50) not null unique,
        password varchar(60) not null,
        email varchar(100) not null unique,
        primary key (id)
    )
26-07-27 17:27:28.779 [Test worker] INFO  p6spy - #1785140848779 | took 4ms | statement | connection 2| url jdbc:h2:mem:discodeit-test

    create table users (
        created_at timestamp(6) with time zone not null,
        updated_at timestamp(6) with time zone,
        id uuid not null,
        profile_id uuid unique,
        username varchar(50) not null unique,
        password varchar(60) not null,
        email varchar(100) not null unique,
        primary key (id)
    )

    create table users (
        created_at timestamp(6) with time zone not null,
        updated_at timestamp(6) with time zone,
        id uuid not null,
        profile_id uuid unique,
        username varchar(50) not null unique,
        password varchar(60) not null,
        email varchar(100) not null unique,
        primary key (id)
    );
26-07-27 17:27:28.780 [Test worker] DEBUG org.hibernate.SQL - 
    alter table if exists message_attachments 
       add constraint FKsd1m8rb8jcpbcnb7rpdue7ctc 
       foreign key (attachment_id) 
       references binary_contents
26-07-27 17:27:28.792 [Test worker] INFO  p6spy - #1785140848792 | took 11ms | statement | connection 2| url jdbc:h2:mem:discodeit-test

    alter table if exists message_attachments 
       add constraint FKsd1m8rb8jcpbcnb7rpdue7ctc 
       foreign key (attachment_id) 
       references binary_contents

    alter table if exists message_attachments 
       add constraint FKsd1m8rb8jcpbcnb7rpdue7ctc 
       foreign key (attachment_id) 
       references binary_contents;
26-07-27 17:27:28.792 [Test worker] DEBUG org.hibernate.SQL - 
    alter table if exists message_attachments 
       add constraint FKj7twd218e2gqw9cmlhwvo1rth 
       foreign key (message_id) 
       references messages
26-07-27 17:27:28.793 [Test worker] INFO  p6spy - #1785140848793 | took 0ms | statement | connection 2| url jdbc:h2:mem:discodeit-test

    alter table if exists message_attachments 
       add constraint FKj7twd218e2gqw9cmlhwvo1rth 
       foreign key (message_id) 
       references messages

    alter table if exists message_attachments 
       add constraint FKj7twd218e2gqw9cmlhwvo1rth 
       foreign key (message_id) 
       references messages;
26-07-27 17:27:28.793 [Test worker] DEBUG org.hibernate.SQL - 
    alter table if exists messages 
       add constraint FKowtlim26svclkatusptbgi7u1 
       foreign key (author_id) 
       references users
26-07-27 17:27:28.794 [Test worker] INFO  p6spy - #1785140848794 | took 0ms | statement | connection 2| url jdbc:h2:mem:discodeit-test

    alter table if exists messages 
       add constraint FKowtlim26svclkatusptbgi7u1 
       foreign key (author_id) 
       references users

    alter table if exists messages 
       add constraint FKowtlim26svclkatusptbgi7u1 
       foreign key (author_id) 
       references users;
26-07-27 17:27:28.794 [Test worker] DEBUG org.hibernate.SQL - 
    alter table if exists messages 
       add constraint FK3u3ckbhwq9se1cmopk2pq05b2 
       foreign key (channel_id) 
       references channels
26-07-27 17:27:28.795 [Test worker] INFO  p6spy - #1785140848795 | took 0ms | statement | connection 2| url jdbc:h2:mem:discodeit-test

    alter table if exists messages 
       add constraint FK3u3ckbhwq9se1cmopk2pq05b2 
       foreign key (channel_id) 
       references channels

    alter table if exists messages 
       add constraint FK3u3ckbhwq9se1cmopk2pq05b2 
       foreign key (channel_id) 
       references channels;
26-07-27 17:27:28.795 [Test worker] DEBUG org.hibernate.SQL - 
    alter table if exists read_statuses 
       add constraint FKa38ri44ml4gfdpklx4ahqr8gd 
       foreign key (channel_id) 
       references channels
26-07-27 17:27:28.796 [Test worker] INFO  p6spy - #1785140848796 | took 0ms | statement | connection 2| url jdbc:h2:mem:discodeit-test

    alter table if exists read_statuses 
       add constraint FKa38ri44ml4gfdpklx4ahqr8gd 
       foreign key (channel_id) 
       references channels

    alter table if exists read_statuses 
       add constraint FKa38ri44ml4gfdpklx4ahqr8gd 
       foreign key (channel_id) 
       references channels;
26-07-27 17:27:28.796 [Test worker] DEBUG org.hibernate.SQL - 
    alter table if exists read_statuses 
       add constraint FKml3k4wr9sj5yxrmj6d0aoib2e 
       foreign key (user_id) 
       references users
26-07-27 17:27:28.797 [Test worker] INFO  p6spy - #1785140848797 | took 0ms | statement | connection 2| url jdbc:h2:mem:discodeit-test

    alter table if exists read_statuses 
       add constraint FKml3k4wr9sj5yxrmj6d0aoib2e 
       foreign key (user_id) 
       references users

    alter table if exists read_statuses 
       add constraint FKml3k4wr9sj5yxrmj6d0aoib2e 
       foreign key (user_id) 
       references users;
26-07-27 17:27:28.797 [Test worker] DEBUG org.hibernate.SQL - 
    alter table if exists user_statuses 
       add constraint FK4lfl3ei2ubchgcxrrpo3pw4mm 
       foreign key (user_id) 
       references users
26-07-27 17:27:28.798 [Test worker] INFO  p6spy - #1785140848798 | took 0ms | statement | connection 2| url jdbc:h2:mem:discodeit-test

    alter table if exists user_statuses 
       add constraint FK4lfl3ei2ubchgcxrrpo3pw4mm 
       foreign key (user_id) 
       references users

    alter table if exists user_statuses 
       add constraint FK4lfl3ei2ubchgcxrrpo3pw4mm 
       foreign key (user_id) 
       references users;
26-07-27 17:27:28.799 [Test worker] DEBUG org.hibernate.SQL - 
    alter table if exists users 
       add constraint FKtbudycgrip49xdptogmhfqnso 
       foreign key (profile_id) 
       references binary_contents
26-07-27 17:27:28.800 [Test worker] INFO  p6spy - #1785140848800 | took 0ms | statement | connection 2| url jdbc:h2:mem:discodeit-test

    alter table if exists users 
       add constraint FKtbudycgrip49xdptogmhfqnso 
       foreign key (profile_id) 
       references binary_contents

    alter table if exists users 
       add constraint FKtbudycgrip49xdptogmhfqnso 
       foreign key (profile_id) 
       references binary_contents;
26-07-27 17:27:28.803 [Test worker] INFO  o.s.o.j.LocalContainerEntityManagerFactoryBean - Initialized JPA EntityManagerFactory for persistence unit 'default'
26-07-27 17:27:29.050 [Test worker] INFO  o.s.d.j.r.query.QueryEnhancerFactory - Hibernate is in classpath; If applicable, HQL parser will be used.
26-07-27 17:27:29.621 [Test worker] INFO  o.s.b.a.w.s.WelcomePageHandlerMapping - Adding welcome page: class path resource [static/index.html]
26-07-27 17:27:29.909 [Test worker] INFO  c.s.m.d.DiscodeitApplicationTests - Started DiscodeitApplicationTests in 3.518 seconds (process running for 4.254)
26-07-27 17:27:30.404 [Test worker] INFO  c.s.m.d.c.BinaryContentController - Binary content download requested. binaryContentId=57d3210a-a509-41db-8a26-4de4149192bb, fileName=요청서.png, size=3
26-07-27 17:27:30.860 [Test worker] INFO  c.s.m.d.s.basic.BasicChannelService - Channel deleted. channelId=ecf83fc5-4003-4e2e-9dd7-82c4b8545411
26-07-27 17:27:30.893 [Test worker] INFO  c.s.m.d.s.basic.BasicChannelService - Public channel created. channelId=6aefa131-ce51-4fdd-8d61-d5d85cb8320b, name=공지
26-07-27 17:27:30.898 [Test worker] INFO  c.s.m.d.s.basic.BasicChannelService - Private channel created. channelId=ca67b2a7-07da-401d-85be-0ea6c3d9e033, participantCount=1
26-07-27 17:27:30.912 [Test worker] INFO  c.s.m.d.s.basic.BasicChannelService - Channel updated. channelId=2a5cab75-ff60-488c-85d8-e4dafac06fc5
26-07-27 17:27:31.005 [Test worker] INFO  c.s.m.d.s.basic.BasicMessageService - Message created. messageId=47f0f03a-aa42-43c7-8759-9f0e02c834a5, channelId=c888ebde-42f3-4a90-ab59-6dc6326870ba, authorId=9b47e9c0-0c17-47dd-805e-9a83bbc6c1c6, attachmentCount=1
26-07-27 17:27:31.022 [Test worker] INFO  c.s.m.d.s.basic.BasicMessageService - Message deleted. messageId=921028b2-44c1-4d10-a054-471d98ccfe06
26-07-27 17:27:31.029 [Test worker] INFO  c.s.m.d.s.basic.BasicMessageService - Message updated. messageId=65d3772d-a3ef-4ad3-bba2-9137877aa7ef
26-07-27 17:27:31.041 [Test worker] INFO  c.s.m.d.s.basic.BasicMessageService - Message created. messageId=24c26b35-7e5f-4ecc-9745-cbcd3057a87b, channelId=601349e7-4463-477b-af49-06c4f762e2a3, authorId=cabaa8f6-1a92-4a97-a41a-8496ac06e5a7, attachmentCount=0
26-07-27 17:27:31.071 [Test worker] INFO  c.s.m.d.s.basic.BasicUserService - User deleted. userId=73a70665-f4e8-40ee-ab4b-99cd973fcc1d
26-07-27 17:27:31.090 [Test worker] INFO  c.s.m.d.s.basic.BasicUserService - User updated. userId=95061445-2f01-46e3-8cb5-71d1357605e1
26-07-27 17:27:31.096 [Test worker] INFO  c.s.m.d.s.basic.BasicUserService - User created. userId=b2c00e3b-904b-4607-bc8e-5a6d96c530a8, username=woody
26-07-27 17:27:31.101 [Test worker] INFO  c.s.m.d.s.basic.BasicUserService - User deleted. userId=be8dff0d-7012-4894-805e-2e5031b58103
26-07-27 17:27:31.105 [Test worker] INFO  c.s.m.d.s.basic.BasicUserService - User created. userId=5e540308-39f7-4d80-b130-130dee90ffc7, username=woody
26-07-27 17:27:31.109 [Test worker] WARN  c.s.m.d.s.basic.BasicUserService - User creation failed. duplicated username or email. username=woody
26-07-27 17:27:31.145 [SpringApplicationShutdownHook] INFO  o.s.o.j.LocalContainerEntityManagerFactoryBean - Closing JPA EntityManagerFactory for persistence unit 'default'
26-07-27 17:27:31.147 [SpringApplicationShutdownHook] DEBUG org.hibernate.SQL - 
    drop table if exists binary_contents cascade 
26-07-27 17:27:31.151 [SpringApplicationShutdownHook] INFO  p6spy - #1785140851151 | took 3ms | statement | connection 3| url jdbc:h2:mem:discodeit-test

    drop table if exists binary_contents cascade 

    drop table if exists binary_contents cascade ;
26-07-27 17:27:31.151 [SpringApplicationShutdownHook] DEBUG org.hibernate.SQL - 
    drop table if exists channels cascade 
26-07-27 17:27:31.154 [SpringApplicationShutdownHook] INFO  p6spy - #1785140851154 | took 2ms | statement | connection 3| url jdbc:h2:mem:discodeit-test

    drop table if exists channels cascade 

    drop table if exists channels cascade ;
26-07-27 17:27:31.155 [SpringApplicationShutdownHook] DEBUG org.hibernate.SQL - 
    drop table if exists message_attachments cascade 
26-07-27 17:27:31.156 [SpringApplicationShutdownHook] INFO  p6spy - #1785140851156 | took 1ms | statement | connection 3| url jdbc:h2:mem:discodeit-test

    drop table if exists message_attachments cascade 

    drop table if exists message_attachments cascade ;
26-07-27 17:27:31.157 [SpringApplicationShutdownHook] DEBUG org.hibernate.SQL - 
    drop table if exists messages cascade 
26-07-27 17:27:31.158 [SpringApplicationShutdownHook] INFO  p6spy - #1785140851158 | took 1ms | statement | connection 3| url jdbc:h2:mem:discodeit-test

    drop table if exists messages cascade 

    drop table if exists messages cascade ;
26-07-27 17:27:31.159 [SpringApplicationShutdownHook] DEBUG org.hibernate.SQL - 
    drop table if exists read_statuses cascade 
26-07-27 17:27:31.160 [SpringApplicationShutdownHook] INFO  p6spy - #1785140851160 | took 0ms | statement | connection 3| url jdbc:h2:mem:discodeit-test

    drop table if exists read_statuses cascade 

    drop table if exists read_statuses cascade ;
26-07-27 17:27:31.160 [SpringApplicationShutdownHook] DEBUG org.hibernate.SQL - 
    drop table if exists user_statuses cascade 
26-07-27 17:27:31.161 [SpringApplicationShutdownHook] INFO  p6spy - #1785140851161 | took 0ms | statement | connection 3| url jdbc:h2:mem:discodeit-test

    drop table if exists user_statuses cascade 

    drop table if exists user_statuses cascade ;
26-07-27 17:27:31.161 [SpringApplicationShutdownHook] DEBUG org.hibernate.SQL - 
    drop table if exists users cascade 
26-07-27 17:27:31.163 [SpringApplicationShutdownHook] INFO  p6spy - #1785140851163 | took 1ms | statement | connection 3| url jdbc:h2:mem:discodeit-test

    drop table if exists users cascade 

    drop table if exists users cascade ;
26-07-27 17:27:31.169 [SpringApplicationShutdownHook] INFO  com.zaxxer.hikari.HikariDataSource - HikariPool-1 - Shutdown initiated...
26-07-27 17:27:31.171 [SpringApplicationShutdownHook] INFO  com.zaxxer.hikari.HikariDataSource - HikariPool-1 - Shutdown completed.
26-07-27 17:38:37.873 [background-preinit] INFO  o.h.validator.internal.util.Version - HV000001: Hibernate Validator 8.0.3.Final
26-07-27 17:38:37.899 [Test worker] INFO  c.s.m.d.DiscodeitApplicationTests - Starting DiscodeitApplicationTests using Java 17.0.19 with PID 35136 (started by apple in /Users/apple/Desktop/codeit-13th-develop/13-sprint-mission)
26-07-27 17:38:37.900 [Test worker] INFO  c.s.m.d.DiscodeitApplicationTests - No active profile set, falling back to 1 default profile: "default"
26-07-27 17:38:38.444 [Test worker] INFO  o.s.d.r.c.RepositoryConfigurationDelegate - Bootstrapping Spring Data JPA repositories in DEFAULT mode.
26-07-27 17:38:38.488 [Test worker] INFO  o.s.d.r.c.RepositoryConfigurationDelegate - Finished Spring Data repository scanning in 38 ms. Found 6 JPA repository interfaces.
26-07-27 17:38:38.871 [Test worker] INFO  o.h.jpa.internal.util.LogHelper - HHH000204: Processing PersistenceUnitInfo [name: default]
26-07-27 17:38:38.907 [Test worker] INFO  org.hibernate.Version - HHH000412: Hibernate ORM core version 6.6.49.Final
26-07-27 17:38:38.927 [Test worker] INFO  o.h.c.i.RegionFactoryInitiator - HHH000026: Second-level cache disabled
26-07-27 17:38:39.081 [Test worker] INFO  o.s.o.j.p.SpringPersistenceUnitInfo - No LoadTimeWeaver setup: ignoring JPA class transformer
26-07-27 17:38:39.103 [Test worker] INFO  com.zaxxer.hikari.HikariDataSource - HikariPool-1 - Starting...
26-07-27 17:38:39.225 [Test worker] INFO  com.zaxxer.hikari.pool.HikariPool - HikariPool-1 - Added connection conn0: url=jdbc:h2:mem:discodeit-test user=SA
26-07-27 17:38:39.226 [Test worker] INFO  com.zaxxer.hikari.HikariDataSource - HikariPool-1 - Start completed.
26-07-27 17:38:39.269 [Test worker] INFO  o.hibernate.orm.connections.pooling - HHH10001005: Database info:
	Database JDBC URL [Connecting through datasource 'p6SpyDataSourceDecorator [com.p6spy.engine.spy.P6DataSource] -> dataSource [com.zaxxer.hikari.HikariDataSource]']
	Database driver: undefined/unknown
	Database version: 2.3.232
	Autocommit mode: undefined/unknown
	Isolation level: undefined/unknown
	Minimum pool size: undefined/unknown
	Maximum pool size: undefined/unknown
26-07-27 17:38:39.872 [Test worker] INFO  o.h.e.t.j.p.i.JtaPlatformInitiator - HHH000489: No JTA platform available (set 'hibernate.transaction.jta.platform' to enable JTA platform integration)
26-07-27 17:38:39.879 [Test worker] DEBUG org.hibernate.SQL - 
    drop table if exists binary_contents cascade 
26-07-27 17:38:39.881 [Test worker] INFO  p6spy - #1785141519881 | took 0ms | statement | connection 1| url jdbc:h2:mem:discodeit-test

    drop table if exists binary_contents cascade 

    drop table if exists binary_contents cascade ;
26-07-27 17:38:39.882 [Test worker] DEBUG org.hibernate.SQL - 
    drop table if exists channels cascade 
26-07-27 17:38:39.882 [Test worker] INFO  p6spy - #1785141519882 | took 0ms | statement | connection 1| url jdbc:h2:mem:discodeit-test

    drop table if exists channels cascade 

    drop table if exists channels cascade ;
26-07-27 17:38:39.882 [Test worker] DEBUG org.hibernate.SQL - 
    drop table if exists message_attachments cascade 
26-07-27 17:38:39.882 [Test worker] INFO  p6spy - #1785141519882 | took 0ms | statement | connection 1| url jdbc:h2:mem:discodeit-test

    drop table if exists message_attachments cascade 

    drop table if exists message_attachments cascade ;
26-07-27 17:38:39.882 [Test worker] DEBUG org.hibernate.SQL - 
    drop table if exists messages cascade 
26-07-27 17:38:39.882 [Test worker] INFO  p6spy - #1785141519882 | took 0ms | statement | connection 1| url jdbc:h2:mem:discodeit-test

    drop table if exists messages cascade 

    drop table if exists messages cascade ;
26-07-27 17:38:39.882 [Test worker] DEBUG org.hibernate.SQL - 
    drop table if exists read_statuses cascade 
26-07-27 17:38:39.882 [Test worker] INFO  p6spy - #1785141519882 | took 0ms | statement | connection 1| url jdbc:h2:mem:discodeit-test

    drop table if exists read_statuses cascade 

    drop table if exists read_statuses cascade ;
26-07-27 17:38:39.883 [Test worker] DEBUG org.hibernate.SQL - 
    drop table if exists user_statuses cascade 
26-07-27 17:38:39.883 [Test worker] INFO  p6spy - #1785141519883 | took 0ms | statement | connection 1| url jdbc:h2:mem:discodeit-test

    drop table if exists user_statuses cascade 

    drop table if exists user_statuses cascade ;
26-07-27 17:38:39.883 [Test worker] DEBUG org.hibernate.SQL - 
    drop table if exists users cascade 
26-07-27 17:38:39.883 [Test worker] INFO  p6spy - #1785141519883 | took 0ms | statement | connection 1| url jdbc:h2:mem:discodeit-test

    drop table if exists users cascade 

    drop table if exists users cascade ;
26-07-27 17:38:39.886 [Test worker] DEBUG org.hibernate.SQL - 
    create table binary_contents (
        created_at timestamp(6) with time zone not null,
        size bigint not null,
        id uuid not null,
        content_type varchar(100) not null,
        file_name varchar(255) not null,
        primary key (id)
    )
26-07-27 17:38:39.893 [Test worker] INFO  p6spy - #1785141519893 | took 6ms | statement | connection 2| url jdbc:h2:mem:discodeit-test

    create table binary_contents (
        created_at timestamp(6) with time zone not null,
        size bigint not null,
        id uuid not null,
        content_type varchar(100) not null,
        file_name varchar(255) not null,
        primary key (id)
    )

    create table binary_contents (
        created_at timestamp(6) with time zone not null,
        size bigint not null,
        id uuid not null,
        content_type varchar(100) not null,
        file_name varchar(255) not null,
        primary key (id)
    );
26-07-27 17:38:39.894 [Test worker] DEBUG org.hibernate.SQL - 
    create table channels (
        created_at timestamp(6) with time zone not null,
        updated_at timestamp(6) with time zone,
        id uuid not null,
        name varchar(100),
        description varchar(500),
        type enum ('PRIVATE','PUBLIC') not null,
        primary key (id)
    )
26-07-27 17:38:39.895 [Test worker] INFO  p6spy - #1785141519895 | took 0ms | statement | connection 2| url jdbc:h2:mem:discodeit-test

    create table channels (
        created_at timestamp(6) with time zone not null,
        updated_at timestamp(6) with time zone,
        id uuid not null,
        name varchar(100),
        description varchar(500),
        type enum ('PRIVATE','PUBLIC') not null,
        primary key (id)
    )

    create table channels (
        created_at timestamp(6) with time zone not null,
        updated_at timestamp(6) with time zone,
        id uuid not null,
        name varchar(100),
        description varchar(500),
        type enum ('PRIVATE','PUBLIC') not null,
        primary key (id)
    );
26-07-27 17:38:39.897 [Test worker] DEBUG org.hibernate.SQL - 
    create table message_attachments (
        attachment_id uuid not null unique,
        message_id uuid not null
    )
26-07-27 17:38:39.898 [Test worker] INFO  p6spy - #1785141519898 | took 1ms | statement | connection 2| url jdbc:h2:mem:discodeit-test

    create table message_attachments (
        attachment_id uuid not null unique,
        message_id uuid not null
    )

    create table message_attachments (
        attachment_id uuid not null unique,
        message_id uuid not null
    );
26-07-27 17:38:39.898 [Test worker] DEBUG org.hibernate.SQL - 
    create table messages (
        created_at timestamp(6) with time zone not null,
        updated_at timestamp(6) with time zone,
        author_id uuid,
        channel_id uuid not null,
        id uuid not null,
        content text,
        primary key (id)
    )
26-07-27 17:38:39.901 [Test worker] INFO  p6spy - #1785141519901 | took 1ms | statement | connection 2| url jdbc:h2:mem:discodeit-test

    create table messages (
        created_at timestamp(6) with time zone not null,
        updated_at timestamp(6) with time zone,
        author_id uuid,
        channel_id uuid not null,
        id uuid not null,
        content text,
        primary key (id)
    )

    create table messages (
        created_at timestamp(6) with time zone not null,
        updated_at timestamp(6) with time zone,
        author_id uuid,
        channel_id uuid not null,
        id uuid not null,
        content text,
        primary key (id)
    );
26-07-27 17:38:39.902 [Test worker] DEBUG org.hibernate.SQL - 
    create table read_statuses (
        created_at timestamp(6) with time zone not null,
        last_read_at timestamp(6) with time zone not null,
        updated_at timestamp(6) with time zone,
        channel_id uuid not null,
        id uuid not null,
        user_id uuid not null,
        primary key (id)
    )
26-07-27 17:38:39.903 [Test worker] INFO  p6spy - #1785141519903 | took 0ms | statement | connection 2| url jdbc:h2:mem:discodeit-test

    create table read_statuses (
        created_at timestamp(6) with time zone not null,
        last_read_at timestamp(6) with time zone not null,
        updated_at timestamp(6) with time zone,
        channel_id uuid not null,
        id uuid not null,
        user_id uuid not null,
        primary key (id)
    )

    create table read_statuses (
        created_at timestamp(6) with time zone not null,
        last_read_at timestamp(6) with time zone not null,
        updated_at timestamp(6) with time zone,
        channel_id uuid not null,
        id uuid not null,
        user_id uuid not null,
        primary key (id)
    );
26-07-27 17:38:39.904 [Test worker] DEBUG org.hibernate.SQL - 
    create table user_statuses (
        created_at timestamp(6) with time zone not null,
        last_active_at timestamp(6) with time zone not null,
        updated_at timestamp(6) with time zone,
        id uuid not null,
        user_id uuid not null unique,
        primary key (id)
    )
26-07-27 17:38:39.905 [Test worker] INFO  p6spy - #1785141519905 | took 0ms | statement | connection 2| url jdbc:h2:mem:discodeit-test

    create table user_statuses (
        created_at timestamp(6) with time zone not null,
        last_active_at timestamp(6) with time zone not null,
        updated_at timestamp(6) with time zone,
        id uuid not null,
        user_id uuid not null unique,
        primary key (id)
    )

    create table user_statuses (
        created_at timestamp(6) with time zone not null,
        last_active_at timestamp(6) with time zone not null,
        updated_at timestamp(6) with time zone,
        id uuid not null,
        user_id uuid not null unique,
        primary key (id)
    );
26-07-27 17:38:39.905 [Test worker] DEBUG org.hibernate.SQL - 
    create table users (
        created_at timestamp(6) with time zone not null,
        updated_at timestamp(6) with time zone,
        id uuid not null,
        profile_id uuid unique,
        username varchar(50) not null unique,
        password varchar(60) not null,
        email varchar(100) not null unique,
        primary key (id)
    )
26-07-27 17:38:39.907 [Test worker] INFO  p6spy - #1785141519907 | took 1ms | statement | connection 2| url jdbc:h2:mem:discodeit-test

    create table users (
        created_at timestamp(6) with time zone not null,
        updated_at timestamp(6) with time zone,
        id uuid not null,
        profile_id uuid unique,
        username varchar(50) not null unique,
        password varchar(60) not null,
        email varchar(100) not null unique,
        primary key (id)
    )

    create table users (
        created_at timestamp(6) with time zone not null,
        updated_at timestamp(6) with time zone,
        id uuid not null,
        profile_id uuid unique,
        username varchar(50) not null unique,
        password varchar(60) not null,
        email varchar(100) not null unique,
        primary key (id)
    );
26-07-27 17:38:39.907 [Test worker] DEBUG org.hibernate.SQL - 
    alter table if exists message_attachments 
       add constraint FKsd1m8rb8jcpbcnb7rpdue7ctc 
       foreign key (attachment_id) 
       references binary_contents
26-07-27 17:38:39.915 [Test worker] INFO  p6spy - #1785141519915 | took 7ms | statement | connection 2| url jdbc:h2:mem:discodeit-test

    alter table if exists message_attachments 
       add constraint FKsd1m8rb8jcpbcnb7rpdue7ctc 
       foreign key (attachment_id) 
       references binary_contents

    alter table if exists message_attachments 
       add constraint FKsd1m8rb8jcpbcnb7rpdue7ctc 
       foreign key (attachment_id) 
       references binary_contents;
26-07-27 17:38:39.916 [Test worker] DEBUG org.hibernate.SQL - 
    alter table if exists message_attachments 
       add constraint FKj7twd218e2gqw9cmlhwvo1rth 
       foreign key (message_id) 
       references messages
26-07-27 17:38:39.917 [Test worker] INFO  p6spy - #1785141519917 | took 0ms | statement | connection 2| url jdbc:h2:mem:discodeit-test

    alter table if exists message_attachments 
       add constraint FKj7twd218e2gqw9cmlhwvo1rth 
       foreign key (message_id) 
       references messages

    alter table if exists message_attachments 
       add constraint FKj7twd218e2gqw9cmlhwvo1rth 
       foreign key (message_id) 
       references messages;
26-07-27 17:38:39.917 [Test worker] DEBUG org.hibernate.SQL - 
    alter table if exists messages 
       add constraint FKowtlim26svclkatusptbgi7u1 
       foreign key (author_id) 
       references users
26-07-27 17:38:39.920 [Test worker] INFO  p6spy - #1785141519920 | took 2ms | statement | connection 2| url jdbc:h2:mem:discodeit-test

    alter table if exists messages 
       add constraint FKowtlim26svclkatusptbgi7u1 
       foreign key (author_id) 
       references users

    alter table if exists messages 
       add constraint FKowtlim26svclkatusptbgi7u1 
       foreign key (author_id) 
       references users;
26-07-27 17:38:39.920 [Test worker] DEBUG org.hibernate.SQL - 
    alter table if exists messages 
       add constraint FK3u3ckbhwq9se1cmopk2pq05b2 
       foreign key (channel_id) 
       references channels
26-07-27 17:38:39.922 [Test worker] INFO  p6spy - #1785141519922 | took 1ms | statement | connection 2| url jdbc:h2:mem:discodeit-test

    alter table if exists messages 
       add constraint FK3u3ckbhwq9se1cmopk2pq05b2 
       foreign key (channel_id) 
       references channels

    alter table if exists messages 
       add constraint FK3u3ckbhwq9se1cmopk2pq05b2 
       foreign key (channel_id) 
       references channels;
26-07-27 17:38:39.922 [Test worker] DEBUG org.hibernate.SQL - 
    alter table if exists read_statuses 
       add constraint FKa38ri44ml4gfdpklx4ahqr8gd 
       foreign key (channel_id) 
       references channels
26-07-27 17:38:39.923 [Test worker] INFO  p6spy - #1785141519923 | took 0ms | statement | connection 2| url jdbc:h2:mem:discodeit-test

    alter table if exists read_statuses 
       add constraint FKa38ri44ml4gfdpklx4ahqr8gd 
       foreign key (channel_id) 
       references channels

    alter table if exists read_statuses 
       add constraint FKa38ri44ml4gfdpklx4ahqr8gd 
       foreign key (channel_id) 
       references channels;
26-07-27 17:38:39.923 [Test worker] DEBUG org.hibernate.SQL - 
    alter table if exists read_statuses 
       add constraint FKml3k4wr9sj5yxrmj6d0aoib2e 
       foreign key (user_id) 
       references users
26-07-27 17:38:39.924 [Test worker] INFO  p6spy - #1785141519924 | took 0ms | statement | connection 2| url jdbc:h2:mem:discodeit-test

    alter table if exists read_statuses 
       add constraint FKml3k4wr9sj5yxrmj6d0aoib2e 
       foreign key (user_id) 
       references users

    alter table if exists read_statuses 
       add constraint FKml3k4wr9sj5yxrmj6d0aoib2e 
       foreign key (user_id) 
       references users;
26-07-27 17:38:39.924 [Test worker] DEBUG org.hibernate.SQL - 
    alter table if exists user_statuses 
       add constraint FK4lfl3ei2ubchgcxrrpo3pw4mm 
       foreign key (user_id) 
       references users
26-07-27 17:38:39.925 [Test worker] INFO  p6spy - #1785141519925 | took 0ms | statement | connection 2| url jdbc:h2:mem:discodeit-test

    alter table if exists user_statuses 
       add constraint FK4lfl3ei2ubchgcxrrpo3pw4mm 
       foreign key (user_id) 
       references users

    alter table if exists user_statuses 
       add constraint FK4lfl3ei2ubchgcxrrpo3pw4mm 
       foreign key (user_id) 
       references users;
26-07-27 17:38:39.925 [Test worker] DEBUG org.hibernate.SQL - 
    alter table if exists users 
       add constraint FKtbudycgrip49xdptogmhfqnso 
       foreign key (profile_id) 
       references binary_contents
26-07-27 17:38:39.926 [Test worker] INFO  p6spy - #1785141519926 | took 0ms | statement | connection 2| url jdbc:h2:mem:discodeit-test

    alter table if exists users 
       add constraint FKtbudycgrip49xdptogmhfqnso 
       foreign key (profile_id) 
       references binary_contents

    alter table if exists users 
       add constraint FKtbudycgrip49xdptogmhfqnso 
       foreign key (profile_id) 
       references binary_contents;
26-07-27 17:38:39.929 [Test worker] INFO  o.s.o.j.LocalContainerEntityManagerFactoryBean - Initialized JPA EntityManagerFactory for persistence unit 'default'
26-07-27 17:38:40.169 [Test worker] INFO  o.s.d.j.r.query.QueryEnhancerFactory - Hibernate is in classpath; If applicable, HQL parser will be used.
26-07-27 17:38:40.727 [Test worker] INFO  o.s.b.a.w.s.WelcomePageHandlerMapping - Adding welcome page: class path resource [static/index.html]
26-07-27 17:38:40.901 [Test worker] WARN  o.s.w.c.s.GenericWebApplicationContext - Exception encountered during context initialization - cancelling refresh attempt: org.springframework.beans.factory.BeanCreationException: Error creating bean with name 'handlerExceptionResolver' defined in class path resource [org/springframework/boot/autoconfigure/web/servlet/WebMvcAutoConfiguration$EnableWebMvcConfiguration.class]: Failed to instantiate [org.springframework.web.servlet.HandlerExceptionResolver]: Factory method 'handlerExceptionResolver' threw exception with message: Ambiguous @ExceptionHandler method mapped for [ExceptionHandler{exceptionType=org.springframework.web.bind.MethodArgumentNotValidException, mediaType=*/*}]: {public org.springframework.http.ResponseEntity com.sprint.mission.discodeit.global.GlobalExceptionHandler.handleInvalidRequest(java.lang.Exception), public org.springframework.http.ResponseEntity com.sprint.mission.discodeit.global.GlobalExceptionHandler.handleValidationFailed(org.springframework.web.bind.MethodArgumentNotValidException)}
26-07-27 17:38:40.903 [Test worker] INFO  o.s.o.j.LocalContainerEntityManagerFactoryBean - Closing JPA EntityManagerFactory for persistence unit 'default'
26-07-27 17:38:40.903 [Test worker] DEBUG org.hibernate.SQL - 
    drop table if exists binary_contents cascade 
26-07-27 17:38:40.904 [Test worker] INFO  p6spy - #1785141520904 | took 0ms | statement | connection 3| url jdbc:h2:mem:discodeit-test

    drop table if exists binary_contents cascade 

    drop table if exists binary_contents cascade ;
26-07-27 17:38:40.904 [Test worker] DEBUG org.hibernate.SQL - 
    drop table if exists channels cascade 
26-07-27 17:38:40.905 [Test worker] INFO  p6spy - #1785141520905 | took 0ms | statement | connection 3| url jdbc:h2:mem:discodeit-test

    drop table if exists channels cascade 

    drop table if exists channels cascade ;
26-07-27 17:38:40.906 [Test worker] DEBUG org.hibernate.SQL - 
    drop table if exists message_attachments cascade 
26-07-27 17:38:40.906 [Test worker] INFO  p6spy - #1785141520906 | took 0ms | statement | connection 3| url jdbc:h2:mem:discodeit-test

    drop table if exists message_attachments cascade 

    drop table if exists message_attachments cascade ;
26-07-27 17:38:40.906 [Test worker] DEBUG org.hibernate.SQL - 
    drop table if exists messages cascade 
26-07-27 17:38:40.906 [Test worker] INFO  p6spy - #1785141520906 | took 0ms | statement | connection 3| url jdbc:h2:mem:discodeit-test

    drop table if exists messages cascade 

    drop table if exists messages cascade ;
26-07-27 17:38:40.906 [Test worker] DEBUG org.hibernate.SQL - 
    drop table if exists read_statuses cascade 
26-07-27 17:38:40.907 [Test worker] INFO  p6spy - #1785141520907 | took 0ms | statement | connection 3| url jdbc:h2:mem:discodeit-test

    drop table if exists read_statuses cascade 

    drop table if exists read_statuses cascade ;
26-07-27 17:38:40.907 [Test worker] DEBUG org.hibernate.SQL - 
    drop table if exists user_statuses cascade 
26-07-27 17:38:40.907 [Test worker] INFO  p6spy - #1785141520907 | took 0ms | statement | connection 3| url jdbc:h2:mem:discodeit-test

    drop table if exists user_statuses cascade 

    drop table if exists user_statuses cascade ;
26-07-27 17:38:40.907 [Test worker] DEBUG org.hibernate.SQL - 
    drop table if exists users cascade 
26-07-27 17:38:40.908 [Test worker] INFO  p6spy - #1785141520908 | took 0ms | statement | connection 3| url jdbc:h2:mem:discodeit-test

    drop table if exists users cascade 

    drop table if exists users cascade ;
26-07-27 17:38:40.909 [Test worker] INFO  com.zaxxer.hikari.HikariDataSource - HikariPool-1 - Shutdown initiated...
26-07-27 17:38:40.911 [Test worker] INFO  com.zaxxer.hikari.HikariDataSource - HikariPool-1 - Shutdown completed.
26-07-27 17:38:40.932 [Test worker] INFO  o.s.b.a.l.ConditionEvaluationReportLogger - 

Error starting ApplicationContext. To display the condition evaluation report re-run your application with 'debug' enabled.
26-07-27 17:38:40.942 [Test worker] ERROR o.s.boot.SpringApplication - Application run failed
org.springframework.beans.factory.BeanCreationException: Error creating bean with name 'handlerExceptionResolver' defined in class path resource [org/springframework/boot/autoconfigure/web/servlet/WebMvcAutoConfiguration$EnableWebMvcConfiguration.class]: Failed to instantiate [org.springframework.web.servlet.HandlerExceptionResolver]: Factory method 'handlerExceptionResolver' threw exception with message: Ambiguous @ExceptionHandler method mapped for [ExceptionHandler{exceptionType=org.springframework.web.bind.MethodArgumentNotValidException, mediaType=*/*}]: {public org.springframework.http.ResponseEntity com.sprint.mission.discodeit.global.GlobalExceptionHandler.handleInvalidRequest(java.lang.Exception), public org.springframework.http.ResponseEntity com.sprint.mission.discodeit.global.GlobalExceptionHandler.handleValidationFailed(org.springframework.web.bind.MethodArgumentNotValidException)}
	at org.springframework.beans.factory.support.ConstructorResolver.instantiate(ConstructorResolver.java:657)
	at org.springframework.beans.factory.support.ConstructorResolver.instantiateUsingFactoryMethod(ConstructorResolver.java:645)
	at org.springframework.beans.factory.support.AbstractAutowireCapableBeanFactory.instantiateUsingFactoryMethod(AbstractAutowireCapableBeanFactory.java:1375)
	at org.springframework.beans.factory.support.AbstractAutowireCapableBeanFactory.createBeanInstance(AbstractAutowireCapableBeanFactory.java:1205)
	at org.springframework.beans.factory.support.AbstractAutowireCapableBeanFactory.doCreateBean(AbstractAutowireCapableBeanFactory.java:569)
	at org.springframework.beans.factory.support.AbstractAutowireCapableBeanFactory.createBean(AbstractAutowireCapableBeanFactory.java:529)
	at org.springframework.beans.factory.support.AbstractBeanFactory.lambda$doGetBean$0(AbstractBeanFactory.java:339)
	at org.springframework.beans.factory.support.DefaultSingletonBeanRegistry.getSingleton(DefaultSingletonBeanRegistry.java:373)
	at org.springframework.beans.factory.support.AbstractBeanFactory.doGetBean(AbstractBeanFactory.java:337)
	at org.springframework.beans.factory.support.AbstractBeanFactory.getBean(AbstractBeanFactory.java:202)
	at org.springframework.beans.factory.support.DefaultListableBeanFactory.instantiateSingleton(DefaultListableBeanFactory.java:1228)
	at org.springframework.beans.factory.support.DefaultListableBeanFactory.preInstantiateSingleton(DefaultListableBeanFactory.java:1194)
	at org.springframework.beans.factory.support.DefaultListableBeanFactory.preInstantiateSingletons(DefaultListableBeanFactory.java:1130)
	at org.springframework.context.support.AbstractApplicationContext.finishBeanFactoryInitialization(AbstractApplicationContext.java:991)
	at org.springframework.context.support.AbstractApplicationContext.refresh(AbstractApplicationContext.java:628)
	at org.springframework.boot.SpringApplication.refresh(SpringApplication.java:752)
	at org.springframework.boot.SpringApplication.refreshContext(SpringApplication.java:439)
	at org.springframework.boot.SpringApplication.run(SpringApplication.java:318)
	at org.springframework.boot.test.context.SpringBootContextLoader.lambda$loadContext$3(SpringBootContextLoader.java:151)
	at org.springframework.util.function.ThrowingSupplier.get(ThrowingSupplier.java:58)
	at org.springframework.util.function.ThrowingSupplier.get(ThrowingSupplier.java:46)
	at org.springframework.boot.SpringApplication.withHook(SpringApplication.java:1461)
	at org.springframework.boot.test.context.SpringBootContextLoader$ContextLoaderHook.run(SpringBootContextLoader.java:590)
	at org.springframework.boot.test.context.SpringBootContextLoader.loadContext(SpringBootContextLoader.java:151)
	at org.springframework.boot.test.context.SpringBootContextLoader.loadContext(SpringBootContextLoader.java:110)
	at org.springframework.test.context.cache.DefaultCacheAwareContextLoaderDelegate.loadContextInternal(DefaultCacheAwareContextLoaderDelegate.java:225)
	at org.springframework.test.context.cache.DefaultCacheAwareContextLoaderDelegate.loadContext(DefaultCacheAwareContextLoaderDelegate.java:152)
	at org.springframework.test.context.support.DefaultTestContext.getApplicationContext(DefaultTestContext.java:130)
	at org.springframework.test.context.web.ServletTestExecutionListener.setUpRequestContextIfNecessary(ServletTestExecutionListener.java:200)
	at org.springframework.test.context.web.ServletTestExecutionListener.prepareTestInstance(ServletTestExecutionListener.java:139)
	at org.springframework.test.context.TestContextManager.prepareTestInstance(TestContextManager.java:260)
	at org.springframework.test.context.junit.jupiter.SpringExtension.postProcessTestInstance(SpringExtension.java:159)
	at org.junit.jupiter.engine.descriptor.ClassBasedTestDescriptor.lambda$invokeTestInstancePostProcessors$10(ClassBasedTestDescriptor.java:383)
	at org.junit.jupiter.engine.descriptor.ClassBasedTestDescriptor.executeAndMaskThrowable(ClassBasedTestDescriptor.java:388)
	at org.junit.jupiter.engine.descriptor.ClassBasedTestDescriptor.lambda$invokeTestInstancePostProcessors$11(ClassBasedTestDescriptor.java:382)
	at java.base/java.util.stream.ForEachOps$ForEachOp$OfRef.accept(ForEachOps.java:183)
	at java.base/java.util.stream.ReferencePipeline$3$1.accept(ReferencePipeline.java:197)
	at java.base/java.util.stream.ReferencePipeline$2$1.accept(ReferencePipeline.java:179)
	at java.base/java.util.stream.ReferencePipeline$3$1.accept(ReferencePipeline.java:197)
	at java.base/java.util.ArrayList$ArrayListSpliterator.forEachRemaining(ArrayList.java:1625)
	at java.base/java.util.stream.AbstractPipeline.copyInto(AbstractPipeline.java:509)
	at java.base/java.util.stream.AbstractPipeline.wrapAndCopyInto(AbstractPipeline.java:499)
	at java.base/java.util.stream.ForEachOps$ForEachOp.evaluateSequential(ForEachOps.java:150)
	at java.base/java.util.stream.ForEachOps$ForEachOp$OfRef.evaluateSequential(ForEachOps.java:173)
	at java.base/java.util.stream.AbstractPipeline.evaluate(AbstractPipeline.java:234)
	at java.base/java.util.stream.ReferencePipeline.forEach(ReferencePipeline.java:596)
	at org.junit.jupiter.engine.descriptor.ClassBasedTestDescriptor.invokeTestInstancePostProcessors(ClassBasedTestDescriptor.java:382)
	at org.junit.jupiter.engine.descriptor.ClassBasedTestDescriptor.lambda$instantiateAndPostProcessTestInstance$6(ClassBasedTestDescriptor.java:293)
	at org.junit.platform.engine.support.hierarchical.ThrowableCollector.execute(ThrowableCollector.java:73)
	at org.junit.jupiter.engine.descriptor.ClassBasedTestDescriptor.instantiateAndPostProcessTestInstance(ClassBasedTestDescriptor.java:292)
	at org.junit.jupiter.engine.descriptor.ClassBasedTestDescriptor.lambda$testInstancesProvider$4(ClassBasedTestDescriptor.java:281)
	at java.base/java.util.Optional.orElseGet(Optional.java:364)
	at org.junit.jupiter.engine.descriptor.ClassBasedTestDescriptor.lambda$testInstancesProvider$5(ClassBasedTestDescriptor.java:280)
	at org.junit.jupiter.engine.execution.TestInstancesProvider.getTestInstances(TestInstancesProvider.java:27)
	at org.junit.jupiter.engine.descriptor.TestMethodTestDescriptor.lambda$prepare$0(TestMethodTestDescriptor.java:112)
	at org.junit.platform.engine.support.hierarchical.ThrowableCollector.execute(ThrowableCollector.java:73)
	at org.junit.jupiter.engine.descriptor.TestMethodTestDescriptor.prepare(TestMethodTestDescriptor.java:111)
	at org.junit.jupiter.engine.descriptor.TestMethodTestDescriptor.prepare(TestMethodTestDescriptor.java:69)
	at org.junit.platform.engine.support.hierarchical.NodeTestTask.lambda$prepare$2(NodeTestTask.java:128)
	at org.junit.platform.engine.support.hierarchical.ThrowableCollector.execute(ThrowableCollector.java:73)
	at org.junit.platform.engine.support.hierarchical.NodeTestTask.prepare(NodeTestTask.java:128)
	at org.junit.platform.engine.support.hierarchical.NodeTestTask.execute(NodeTestTask.java:95)
	at java.base/java.util.ArrayList.forEach(ArrayList.java:1511)
	at org.junit.platform.engine.support.hierarchical.SameThreadHierarchicalTestExecutorService.invokeAll(SameThreadHierarchicalTestExecutorService.java:41)
	at org.junit.platform.engine.support.hierarchical.NodeTestTask.lambda$executeRecursively$6(NodeTestTask.java:160)
	at org.junit.platform.engine.support.hierarchical.ThrowableCollector.execute(ThrowableCollector.java:73)
	at org.junit.platform.engine.support.hierarchical.NodeTestTask.lambda$executeRecursively$8(NodeTestTask.java:146)
	at org.junit.platform.engine.support.hierarchical.Node.around(Node.java:137)
	at org.junit.platform.engine.support.hierarchical.NodeTestTask.lambda$executeRecursively$9(NodeTestTask.java:144)
	at org.junit.platform.engine.support.hierarchical.ThrowableCollector.execute(ThrowableCollector.java:73)
	at org.junit.platform.engine.support.hierarchical.NodeTestTask.executeRecursively(NodeTestTask.java:143)
	at org.junit.platform.engine.support.hierarchical.NodeTestTask.execute(NodeTestTask.java:100)
	at java.base/java.util.ArrayList.forEach(ArrayList.java:1511)
	at org.junit.platform.engine.support.hierarchical.SameThreadHierarchicalTestExecutorService.invokeAll(SameThreadHierarchicalTestExecutorService.java:41)
	at org.junit.platform.engine.support.hierarchical.NodeTestTask.lambda$executeRecursively$6(NodeTestTask.java:160)
	at org.junit.platform.engine.support.hierarchical.ThrowableCollector.execute(ThrowableCollector.java:73)
	at org.junit.platform.engine.support.hierarchical.NodeTestTask.lambda$executeRecursively$8(NodeTestTask.java:146)
	at org.junit.platform.engine.support.hierarchical.Node.around(Node.java:137)
	at org.junit.platform.engine.support.hierarchical.NodeTestTask.lambda$executeRecursively$9(NodeTestTask.java:144)
	at org.junit.platform.engine.support.hierarchical.ThrowableCollector.execute(ThrowableCollector.java:73)
	at org.junit.platform.engine.support.hierarchical.NodeTestTask.executeRecursively(NodeTestTask.java:143)
	at org.junit.platform.engine.support.hierarchical.NodeTestTask.execute(NodeTestTask.java:100)
	at org.junit.platform.engine.support.hierarchical.SameThreadHierarchicalTestExecutorService.submit(SameThreadHierarchicalTestExecutorService.java:35)
	at org.junit.platform.engine.support.hierarchical.HierarchicalTestExecutor.execute(HierarchicalTestExecutor.java:57)
	at org.junit.platform.engine.support.hierarchical.HierarchicalTestEngine.execute(HierarchicalTestEngine.java:54)
	at org.junit.platform.launcher.core.EngineExecutionOrchestrator.execute(EngineExecutionOrchestrator.java:201)
	at org.junit.platform.launcher.core.EngineExecutionOrchestrator.execute(EngineExecutionOrchestrator.java:170)
	at org.junit.platform.launcher.core.EngineExecutionOrchestrator.execute(EngineExecutionOrchestrator.java:94)
	at org.junit.platform.launcher.core.EngineExecutionOrchestrator.lambda$execute$0(EngineExecutionOrchestrator.java:59)
	at org.junit.platform.launcher.core.EngineExecutionOrchestrator.withInterceptedStreams(EngineExecutionOrchestrator.java:142)
	at org.junit.platform.launcher.core.EngineExecutionOrchestrator.execute(EngineExecutionOrchestrator.java:58)
	at org.junit.platform.launcher.core.DefaultLauncher.execute(DefaultLauncher.java:103)
	at org.junit.platform.launcher.core.DefaultLauncher.execute(DefaultLauncher.java:85)
	at org.junit.platform.launcher.core.DelegatingLauncher.execute(DelegatingLauncher.java:47)
	at org.junit.platform.launcher.core.InterceptingLauncher.lambda$execute$1(InterceptingLauncher.java:39)
	at org.junit.platform.launcher.core.ClasspathAlignmentCheckingLauncherInterceptor.intercept(ClasspathAlignmentCheckingLauncherInterceptor.java:25)
	at org.junit.platform.launcher.core.InterceptingLauncher.execute(InterceptingLauncher.java:38)
	at org.junit.platform.launcher.core.DelegatingLauncher.execute(DelegatingLauncher.java:47)
	at org.gradle.api.internal.tasks.testing.junitplatform.JUnitPlatformTestDefinitionProcessor$CollectThenExecuteTestDefinitionConsumer.processAllTestClasses(JUnitPlatformTestDefinitionProcessor.java:172)
	at org.gradle.api.internal.tasks.testing.junitplatform.JUnitPlatformTestDefinitionProcessor$CollectThenExecuteTestDefinitionConsumer.access$000(JUnitPlatformTestDefinitionProcessor.java:121)
	at org.gradle.api.internal.tasks.testing.junitplatform.JUnitPlatformTestDefinitionProcessor.stop(JUnitPlatformTestDefinitionProcessor.java:114)
	at org.gradle.api.internal.tasks.testing.SuiteTestDefinitionProcessor.stop(SuiteTestDefinitionProcessor.java:64)
	at java.base/jdk.internal.reflect.NativeMethodAccessorImpl.invoke0(Native Method)
	at java.base/jdk.internal.reflect.NativeMethodAccessorImpl.invoke(NativeMethodAccessorImpl.java:77)
	at java.base/jdk.internal.reflect.DelegatingMethodAccessorImpl.invoke(DelegatingMethodAccessorImpl.java:43)
	at java.base/java.lang.reflect.Method.invoke(Method.java:569)
	at org.gradle.internal.dispatch.MethodInvocation.invokeOn(MethodInvocation.java:77)
	at org.gradle.internal.dispatch.ReflectionDispatch.dispatch(ReflectionDispatch.java:28)
	at org.gradle.internal.dispatch.ReflectionDispatch.dispatch(ReflectionDispatch.java:19)
	at org.gradle.internal.dispatch.ContextClassLoaderDispatch.dispatch(ContextClassLoaderDispatch.java:33)
	at org.gradle.internal.dispatch.ProxyDispatchAdapter$DispatchingInvocationHandler.invoke(ProxyDispatchAdapter.java:88)
	at jdk.proxy1/jdk.proxy1.$Proxy4.stop(Unknown Source)
	at org.gradle.api.internal.tasks.testing.worker.TestWorker$3.run(TestWorker.java:195)
	at org.gradle.api.internal.tasks.testing.worker.TestWorker.executeAndMaintainThreadName(TestWorker.java:126)
	at org.gradle.api.internal.tasks.testing.worker.TestWorker.execute(TestWorker.java:103)
	at org.gradle.api.internal.tasks.testing.worker.TestWorker.execute(TestWorker.java:63)
	at org.gradle.process.internal.worker.child.ActionExecutionWorker.execute(ActionExecutionWorker.java:56)
	at org.gradle.process.internal.worker.child.SystemApplicationClassLoaderWorker.call(SystemApplicationClassLoaderWorker.java:122)
	at org.gradle.process.internal.worker.child.SystemApplicationClassLoaderWorker.call(SystemApplicationClassLoaderWorker.java:72)
	at worker.org.gradle.process.internal.worker.GradleWorkerMain.run(GradleWorkerMain.java:69)
	at worker.org.gradle.process.internal.worker.GradleWorkerMain.main(GradleWorkerMain.java:74)
Caused by: org.springframework.beans.BeanInstantiationException: Failed to instantiate [org.springframework.web.servlet.HandlerExceptionResolver]: Factory method 'handlerExceptionResolver' threw exception with message: Ambiguous @ExceptionHandler method mapped for [ExceptionHandler{exceptionType=org.springframework.web.bind.MethodArgumentNotValidException, mediaType=*/*}]: {public org.springframework.http.ResponseEntity com.sprint.mission.discodeit.global.GlobalExceptionHandler.handleInvalidRequest(java.lang.Exception), public org.springframework.http.ResponseEntity com.sprint.mission.discodeit.global.GlobalExceptionHandler.handleValidationFailed(org.springframework.web.bind.MethodArgumentNotValidException)}
	at org.springframework.beans.factory.support.SimpleInstantiationStrategy.lambda$instantiate$0(SimpleInstantiationStrategy.java:200)
	at org.springframework.beans.factory.support.SimpleInstantiationStrategy.instantiateWithFactoryMethod(SimpleInstantiationStrategy.java:89)
	at org.springframework.beans.factory.support.SimpleInstantiationStrategy.instantiate(SimpleInstantiationStrategy.java:169)
	at org.springframework.beans.factory.support.ConstructorResolver.instantiate(ConstructorResolver.java:653)
	... 120 common frames omitted
Caused by: java.lang.IllegalStateException: Ambiguous @ExceptionHandler method mapped for [ExceptionHandler{exceptionType=org.springframework.web.bind.MethodArgumentNotValidException, mediaType=*/*}]: {public org.springframework.http.ResponseEntity com.sprint.mission.discodeit.global.GlobalExceptionHandler.handleInvalidRequest(java.lang.Exception), public org.springframework.http.ResponseEntity com.sprint.mission.discodeit.global.GlobalExceptionHandler.handleValidationFailed(org.springframework.web.bind.MethodArgumentNotValidException)}
	at org.springframework.web.method.annotation.ExceptionHandlerMethodResolver.addExceptionMapping(ExceptionHandlerMethodResolver.java:146)
	at org.springframework.web.method.annotation.ExceptionHandlerMethodResolver.<init>(ExceptionHandlerMethodResolver.java:99)
	at org.springframework.web.servlet.mvc.method.annotation.ExceptionHandlerExceptionResolver.initExceptionHandlerAdviceCache(ExceptionHandlerExceptionResolver.java:320)
	at org.springframework.web.servlet.mvc.method.annotation.ExceptionHandlerExceptionResolver.afterPropertiesSet(ExceptionHandlerExceptionResolver.java:287)
	at org.springframework.web.servlet.config.annotation.WebMvcConfigurationSupport.addDefaultHandlerExceptionResolvers(WebMvcConfigurationSupport.java:1084)
	at org.springframework.web.servlet.config.annotation.WebMvcConfigurationSupport.handlerExceptionResolver(WebMvcConfigurationSupport.java:1025)
	at java.base/jdk.internal.reflect.NativeMethodAccessorImpl.invoke0(Native Method)
	at java.base/jdk.internal.reflect.NativeMethodAccessorImpl.invoke(NativeMethodAccessorImpl.java:77)
	at java.base/jdk.internal.reflect.DelegatingMethodAccessorImpl.invoke(DelegatingMethodAccessorImpl.java:43)
	at java.base/java.lang.reflect.Method.invoke(Method.java:569)
	at org.springframework.beans.factory.support.SimpleInstantiationStrategy.lambda$instantiate$0(SimpleInstantiationStrategy.java:172)
	... 123 common frames omitted
26-07-27 17:38:40.946 [Test worker] WARN  o.s.test.context.TestContextManager - Caught exception while allowing TestExecutionListener [org.springframework.test.context.web.ServletTestExecutionListener] to prepare test instance [com.sprint.mission.discodeit.DiscodeitApplicationTests@2e826bd1]
java.lang.IllegalStateException: Failed to load ApplicationContext for [WebMergedContextConfiguration@6d8c1584 testClass = com.sprint.mission.discodeit.DiscodeitApplicationTests, locations = [], classes = [com.sprint.mission.discodeit.DiscodeitApplication], contextInitializerClasses = [], activeProfiles = [], propertySourceDescriptors = [], propertySourceProperties = ["spring.datasource.url=jdbc:h2:mem:discodeit-test;MODE=PostgreSQL;DATABASE_TO_LOWER=TRUE;DB_CLOSE_DELAY=-1", "spring.datasource.driver-class-name=org.h2.Driver", "spring.datasource.username=sa", "spring.datasource.password=", "spring.sql.init.mode=never", "spring.jpa.hibernate.ddl-auto=create-drop", "discodeit.storage.type=local", "discodeit.storage.local.root-path=${java.io.tmpdir}/discodeit-test-binary-contents", "org.springframework.boot.test.context.SpringBootTestContextBootstrapper=true"], contextCustomizers = [org.springframework.boot.test.autoconfigure.OnFailureConditionReportContextCustomizerFactory$OnFailureConditionReportContextCustomizer@65fe9e33, org.springframework.boot.test.autoconfigure.actuate.observability.ObservabilityContextCustomizerFactory$DisableObservabilityContextCustomizer@1f, org.springframework.boot.test.autoconfigure.properties.PropertyMappingContextCustomizer@0, org.springframework.boot.test.autoconfigure.web.servlet.WebDriverContextCustomizer@4bff64c2, org.springframework.boot.test.context.filter.ExcludeFilterContextCustomizer@4566d049, org.springframework.boot.test.json.DuplicateJsonObjectContextCustomizerFactory$DuplicateJsonObjectContextCustomizer@7f6f61c8, org.springframework.boot.test.mock.mockito.MockitoContextCustomizer@0, org.springframework.boot.test.web.client.TestRestTemplateContextCustomizer@3c9bfddc, org.springframework.boot.test.web.reactor.netty.DisableReactorResourceFactoryGlobalResourcesContextCustomizerFactory$DisableReactorResourceFactoryGlobalResourcesContextCustomizerCustomizer@58fb7731, org.springframework.test.context.support.DynamicPropertiesContextCustomizer@0, org.springframework.boot.test.context.SpringBootTestAnnotation@441461bc], resourceBasePath = "src/main/webapp", contextLoader = org.springframework.boot.test.context.SpringBootContextLoader, parent = null]
	at org.springframework.test.context.cache.DefaultCacheAwareContextLoaderDelegate.loadContext(DefaultCacheAwareContextLoaderDelegate.java:180)
	at org.springframework.test.context.support.DefaultTestContext.getApplicationContext(DefaultTestContext.java:130)
	at org.springframework.test.context.web.ServletTestExecutionListener.setUpRequestContextIfNecessary(ServletTestExecutionListener.java:200)
	at org.springframework.test.context.web.ServletTestExecutionListener.prepareTestInstance(ServletTestExecutionListener.java:139)
	at org.springframework.test.context.TestContextManager.prepareTestInstance(TestContextManager.java:260)
	at org.springframework.test.context.junit.jupiter.SpringExtension.postProcessTestInstance(SpringExtension.java:159)
	at org.junit.jupiter.engine.descriptor.ClassBasedTestDescriptor.lambda$invokeTestInstancePostProcessors$10(ClassBasedTestDescriptor.java:383)
	at org.junit.jupiter.engine.descriptor.ClassBasedTestDescriptor.executeAndMaskThrowable(ClassBasedTestDescriptor.java:388)
	at org.junit.jupiter.engine.descriptor.ClassBasedTestDescriptor.lambda$invokeTestInstancePostProcessors$11(ClassBasedTestDescriptor.java:382)
	at java.base/java.util.stream.ForEachOps$ForEachOp$OfRef.accept(ForEachOps.java:183)
	at java.base/java.util.stream.ReferencePipeline$3$1.accept(ReferencePipeline.java:197)
	at java.base/java.util.stream.ReferencePipeline$2$1.accept(ReferencePipeline.java:179)
	at java.base/java.util.stream.ReferencePipeline$3$1.accept(ReferencePipeline.java:197)
	at java.base/java.util.ArrayList$ArrayListSpliterator.forEachRemaining(ArrayList.java:1625)
	at java.base/java.util.stream.AbstractPipeline.copyInto(AbstractPipeline.java:509)
	at java.base/java.util.stream.AbstractPipeline.wrapAndCopyInto(AbstractPipeline.java:499)
	at java.base/java.util.stream.ForEachOps$ForEachOp.evaluateSequential(ForEachOps.java:150)
	at java.base/java.util.stream.ForEachOps$ForEachOp$OfRef.evaluateSequential(ForEachOps.java:173)
	at java.base/java.util.stream.AbstractPipeline.evaluate(AbstractPipeline.java:234)
	at java.base/java.util.stream.ReferencePipeline.forEach(ReferencePipeline.java:596)
	at org.junit.jupiter.engine.descriptor.ClassBasedTestDescriptor.invokeTestInstancePostProcessors(ClassBasedTestDescriptor.java:382)
	at org.junit.jupiter.engine.descriptor.ClassBasedTestDescriptor.lambda$instantiateAndPostProcessTestInstance$6(ClassBasedTestDescriptor.java:293)
	at org.junit.platform.engine.support.hierarchical.ThrowableCollector.execute(ThrowableCollector.java:73)
	at org.junit.jupiter.engine.descriptor.ClassBasedTestDescriptor.instantiateAndPostProcessTestInstance(ClassBasedTestDescriptor.java:292)
	at org.junit.jupiter.engine.descriptor.ClassBasedTestDescriptor.lambda$testInstancesProvider$4(ClassBasedTestDescriptor.java:281)
	at java.base/java.util.Optional.orElseGet(Optional.java:364)
	at org.junit.jupiter.engine.descriptor.ClassBasedTestDescriptor.lambda$testInstancesProvider$5(ClassBasedTestDescriptor.java:280)
	at org.junit.jupiter.engine.execution.TestInstancesProvider.getTestInstances(TestInstancesProvider.java:27)
	at org.junit.jupiter.engine.descriptor.TestMethodTestDescriptor.lambda$prepare$0(TestMethodTestDescriptor.java:112)
	at org.junit.platform.engine.support.hierarchical.ThrowableCollector.execute(ThrowableCollector.java:73)
	at org.junit.jupiter.engine.descriptor.TestMethodTestDescriptor.prepare(TestMethodTestDescriptor.java:111)
	at org.junit.jupiter.engine.descriptor.TestMethodTestDescriptor.prepare(TestMethodTestDescriptor.java:69)
	at org.junit.platform.engine.support.hierarchical.NodeTestTask.lambda$prepare$2(NodeTestTask.java:128)
	at org.junit.platform.engine.support.hierarchical.ThrowableCollector.execute(ThrowableCollector.java:73)
	at org.junit.platform.engine.support.hierarchical.NodeTestTask.prepare(NodeTestTask.java:128)
	at org.junit.platform.engine.support.hierarchical.NodeTestTask.execute(NodeTestTask.java:95)
	at java.base/java.util.ArrayList.forEach(ArrayList.java:1511)
	at org.junit.platform.engine.support.hierarchical.SameThreadHierarchicalTestExecutorService.invokeAll(SameThreadHierarchicalTestExecutorService.java:41)
	at org.junit.platform.engine.support.hierarchical.NodeTestTask.lambda$executeRecursively$6(NodeTestTask.java:160)
	at org.junit.platform.engine.support.hierarchical.ThrowableCollector.execute(ThrowableCollector.java:73)
	at org.junit.platform.engine.support.hierarchical.NodeTestTask.lambda$executeRecursively$8(NodeTestTask.java:146)
	at org.junit.platform.engine.support.hierarchical.Node.around(Node.java:137)
	at org.junit.platform.engine.support.hierarchical.NodeTestTask.lambda$executeRecursively$9(NodeTestTask.java:144)
	at org.junit.platform.engine.support.hierarchical.ThrowableCollector.execute(ThrowableCollector.java:73)
	at org.junit.platform.engine.support.hierarchical.NodeTestTask.executeRecursively(NodeTestTask.java:143)
	at org.junit.platform.engine.support.hierarchical.NodeTestTask.execute(NodeTestTask.java:100)
	at java.base/java.util.ArrayList.forEach(ArrayList.java:1511)
	at org.junit.platform.engine.support.hierarchical.SameThreadHierarchicalTestExecutorService.invokeAll(SameThreadHierarchicalTestExecutorService.java:41)
	at org.junit.platform.engine.support.hierarchical.NodeTestTask.lambda$executeRecursively$6(NodeTestTask.java:160)
	at org.junit.platform.engine.support.hierarchical.ThrowableCollector.execute(ThrowableCollector.java:73)
	at org.junit.platform.engine.support.hierarchical.NodeTestTask.lambda$executeRecursively$8(NodeTestTask.java:146)
	at org.junit.platform.engine.support.hierarchical.Node.around(Node.java:137)
	at org.junit.platform.engine.support.hierarchical.NodeTestTask.lambda$executeRecursively$9(NodeTestTask.java:144)
	at org.junit.platform.engine.support.hierarchical.ThrowableCollector.execute(ThrowableCollector.java:73)
	at org.junit.platform.engine.support.hierarchical.NodeTestTask.executeRecursively(NodeTestTask.java:143)
	at org.junit.platform.engine.support.hierarchical.NodeTestTask.execute(NodeTestTask.java:100)
	at org.junit.platform.engine.support.hierarchical.SameThreadHierarchicalTestExecutorService.submit(SameThreadHierarchicalTestExecutorService.java:35)
	at org.junit.platform.engine.support.hierarchical.HierarchicalTestExecutor.execute(HierarchicalTestExecutor.java:57)
	at org.junit.platform.engine.support.hierarchical.HierarchicalTestEngine.execute(HierarchicalTestEngine.java:54)
	at org.junit.platform.launcher.core.EngineExecutionOrchestrator.execute(EngineExecutionOrchestrator.java:201)
	at org.junit.platform.launcher.core.EngineExecutionOrchestrator.execute(EngineExecutionOrchestrator.java:170)
	at org.junit.platform.launcher.core.EngineExecutionOrchestrator.execute(EngineExecutionOrchestrator.java:94)
	at org.junit.platform.launcher.core.EngineExecutionOrchestrator.lambda$execute$0(EngineExecutionOrchestrator.java:59)
	at org.junit.platform.launcher.core.EngineExecutionOrchestrator.withInterceptedStreams(EngineExecutionOrchestrator.java:142)
	at org.junit.platform.launcher.core.EngineExecutionOrchestrator.execute(EngineExecutionOrchestrator.java:58)
	at org.junit.platform.launcher.core.DefaultLauncher.execute(DefaultLauncher.java:103)
	at org.junit.platform.launcher.core.DefaultLauncher.execute(DefaultLauncher.java:85)
	at org.junit.platform.launcher.core.DelegatingLauncher.execute(DelegatingLauncher.java:47)
	at org.junit.platform.launcher.core.InterceptingLauncher.lambda$execute$1(InterceptingLauncher.java:39)
	at org.junit.platform.launcher.core.ClasspathAlignmentCheckingLauncherInterceptor.intercept(ClasspathAlignmentCheckingLauncherInterceptor.java:25)
	at org.junit.platform.launcher.core.InterceptingLauncher.execute(InterceptingLauncher.java:38)
	at org.junit.platform.launcher.core.DelegatingLauncher.execute(DelegatingLauncher.java:47)
	at org.gradle.api.internal.tasks.testing.junitplatform.JUnitPlatformTestDefinitionProcessor$CollectThenExecuteTestDefinitionConsumer.processAllTestClasses(JUnitPlatformTestDefinitionProcessor.java:172)
	at org.gradle.api.internal.tasks.testing.junitplatform.JUnitPlatformTestDefinitionProcessor$CollectThenExecuteTestDefinitionConsumer.access$000(JUnitPlatformTestDefinitionProcessor.java:121)
	at org.gradle.api.internal.tasks.testing.junitplatform.JUnitPlatformTestDefinitionProcessor.stop(JUnitPlatformTestDefinitionProcessor.java:114)
	at org.gradle.api.internal.tasks.testing.SuiteTestDefinitionProcessor.stop(SuiteTestDefinitionProcessor.java:64)
	at java.base/jdk.internal.reflect.NativeMethodAccessorImpl.invoke0(Native Method)
	at java.base/jdk.internal.reflect.NativeMethodAccessorImpl.invoke(NativeMethodAccessorImpl.java:77)
	at java.base/jdk.internal.reflect.DelegatingMethodAccessorImpl.invoke(DelegatingMethodAccessorImpl.java:43)
	at java.base/java.lang.reflect.Method.invoke(Method.java:569)
	at org.gradle.internal.dispatch.MethodInvocation.invokeOn(MethodInvocation.java:77)
	at org.gradle.internal.dispatch.ReflectionDispatch.dispatch(ReflectionDispatch.java:28)
	at org.gradle.internal.dispatch.ReflectionDispatch.dispatch(ReflectionDispatch.java:19)
	at org.gradle.internal.dispatch.ContextClassLoaderDispatch.dispatch(ContextClassLoaderDispatch.java:33)
	at org.gradle.internal.dispatch.ProxyDispatchAdapter$DispatchingInvocationHandler.invoke(ProxyDispatchAdapter.java:88)
	at jdk.proxy1/jdk.proxy1.$Proxy4.stop(Unknown Source)
	at org.gradle.api.internal.tasks.testing.worker.TestWorker$3.run(TestWorker.java:195)
	at org.gradle.api.internal.tasks.testing.worker.TestWorker.executeAndMaintainThreadName(TestWorker.java:126)
	at org.gradle.api.internal.tasks.testing.worker.TestWorker.execute(TestWorker.java:103)
	at org.gradle.api.internal.tasks.testing.worker.TestWorker.execute(TestWorker.java:63)
	at org.gradle.process.internal.worker.child.ActionExecutionWorker.execute(ActionExecutionWorker.java:56)
	at org.gradle.process.internal.worker.child.SystemApplicationClassLoaderWorker.call(SystemApplicationClassLoaderWorker.java:122)
	at org.gradle.process.internal.worker.child.SystemApplicationClassLoaderWorker.call(SystemApplicationClassLoaderWorker.java:72)
	at worker.org.gradle.process.internal.worker.GradleWorkerMain.run(GradleWorkerMain.java:69)
	at worker.org.gradle.process.internal.worker.GradleWorkerMain.main(GradleWorkerMain.java:74)
Caused by: org.springframework.beans.factory.BeanCreationException: Error creating bean with name 'handlerExceptionResolver' defined in class path resource [org/springframework/boot/autoconfigure/web/servlet/WebMvcAutoConfiguration$EnableWebMvcConfiguration.class]: Failed to instantiate [org.springframework.web.servlet.HandlerExceptionResolver]: Factory method 'handlerExceptionResolver' threw exception with message: Ambiguous @ExceptionHandler method mapped for [ExceptionHandler{exceptionType=org.springframework.web.bind.MethodArgumentNotValidException, mediaType=*/*}]: {public org.springframework.http.ResponseEntity com.sprint.mission.discodeit.global.GlobalExceptionHandler.handleInvalidRequest(java.lang.Exception), public org.springframework.http.ResponseEntity com.sprint.mission.discodeit.global.GlobalExceptionHandler.handleValidationFailed(org.springframework.web.bind.MethodArgumentNotValidException)}
	at org.springframework.beans.factory.support.ConstructorResolver.instantiate(ConstructorResolver.java:657)
	at org.springframework.beans.factory.support.ConstructorResolver.instantiateUsingFactoryMethod(ConstructorResolver.java:645)
	at org.springframework.beans.factory.support.AbstractAutowireCapableBeanFactory.instantiateUsingFactoryMethod(AbstractAutowireCapableBeanFactory.java:1375)
	at org.springframework.beans.factory.support.AbstractAutowireCapableBeanFactory.createBeanInstance(AbstractAutowireCapableBeanFactory.java:1205)
	at org.springframework.beans.factory.support.AbstractAutowireCapableBeanFactory.doCreateBean(AbstractAutowireCapableBeanFactory.java:569)
	at org.springframework.beans.factory.support.AbstractAutowireCapableBeanFactory.createBean(AbstractAutowireCapableBeanFactory.java:529)
	at org.springframework.beans.factory.support.AbstractBeanFactory.lambda$doGetBean$0(AbstractBeanFactory.java:339)
	at org.springframework.beans.factory.support.DefaultSingletonBeanRegistry.getSingleton(DefaultSingletonBeanRegistry.java:373)
	at org.springframework.beans.factory.support.AbstractBeanFactory.doGetBean(AbstractBeanFactory.java:337)
	at org.springframework.beans.factory.support.AbstractBeanFactory.getBean(AbstractBeanFactory.java:202)
	at org.springframework.beans.factory.support.DefaultListableBeanFactory.instantiateSingleton(DefaultListableBeanFactory.java:1228)
	at org.springframework.beans.factory.support.DefaultListableBeanFactory.preInstantiateSingleton(DefaultListableBeanFactory.java:1194)
	at org.springframework.beans.factory.support.DefaultListableBeanFactory.preInstantiateSingletons(DefaultListableBeanFactory.java:1130)
	at org.springframework.context.support.AbstractApplicationContext.finishBeanFactoryInitialization(AbstractApplicationContext.java:991)
	at org.springframework.context.support.AbstractApplicationContext.refresh(AbstractApplicationContext.java:628)
	at org.springframework.boot.SpringApplication.refresh(SpringApplication.java:752)
	at org.springframework.boot.SpringApplication.refreshContext(SpringApplication.java:439)
	at org.springframework.boot.SpringApplication.run(SpringApplication.java:318)
	at org.springframework.boot.test.context.SpringBootContextLoader.lambda$loadContext$3(SpringBootContextLoader.java:151)
	at org.springframework.util.function.ThrowingSupplier.get(ThrowingSupplier.java:58)
	at org.springframework.util.function.ThrowingSupplier.get(ThrowingSupplier.java:46)
	at org.springframework.boot.SpringApplication.withHook(SpringApplication.java:1461)
	at org.springframework.boot.test.context.SpringBootContextLoader$ContextLoaderHook.run(SpringBootContextLoader.java:590)
	at org.springframework.boot.test.context.SpringBootContextLoader.loadContext(SpringBootContextLoader.java:151)
	at org.springframework.boot.test.context.SpringBootContextLoader.loadContext(SpringBootContextLoader.java:110)
	at org.springframework.test.context.cache.DefaultCacheAwareContextLoaderDelegate.loadContextInternal(DefaultCacheAwareContextLoaderDelegate.java:225)
	at org.springframework.test.context.cache.DefaultCacheAwareContextLoaderDelegate.loadContext(DefaultCacheAwareContextLoaderDelegate.java:152)
	... 94 common frames omitted
Caused by: org.springframework.beans.BeanInstantiationException: Failed to instantiate [org.springframework.web.servlet.HandlerExceptionResolver]: Factory method 'handlerExceptionResolver' threw exception with message: Ambiguous @ExceptionHandler method mapped for [ExceptionHandler{exceptionType=org.springframework.web.bind.MethodArgumentNotValidException, mediaType=*/*}]: {public org.springframework.http.ResponseEntity com.sprint.mission.discodeit.global.GlobalExceptionHandler.handleInvalidRequest(java.lang.Exception), public org.springframework.http.ResponseEntity com.sprint.mission.discodeit.global.GlobalExceptionHandler.handleValidationFailed(org.springframework.web.bind.MethodArgumentNotValidException)}
	at org.springframework.beans.factory.support.SimpleInstantiationStrategy.lambda$instantiate$0(SimpleInstantiationStrategy.java:200)
	at org.springframework.beans.factory.support.SimpleInstantiationStrategy.instantiateWithFactoryMethod(SimpleInstantiationStrategy.java:89)
	at org.springframework.beans.factory.support.SimpleInstantiationStrategy.instantiate(SimpleInstantiationStrategy.java:169)
	at org.springframework.beans.factory.support.ConstructorResolver.instantiate(ConstructorResolver.java:653)
	... 120 common frames omitted
Caused by: java.lang.IllegalStateException: Ambiguous @ExceptionHandler method mapped for [ExceptionHandler{exceptionType=org.springframework.web.bind.MethodArgumentNotValidException, mediaType=*/*}]: {public org.springframework.http.ResponseEntity com.sprint.mission.discodeit.global.GlobalExceptionHandler.handleInvalidRequest(java.lang.Exception), public org.springframework.http.ResponseEntity com.sprint.mission.discodeit.global.GlobalExceptionHandler.handleValidationFailed(org.springframework.web.bind.MethodArgumentNotValidException)}
	at org.springframework.web.method.annotation.ExceptionHandlerMethodResolver.addExceptionMapping(ExceptionHandlerMethodResolver.java:146)
	at org.springframework.web.method.annotation.ExceptionHandlerMethodResolver.<init>(ExceptionHandlerMethodResolver.java:99)
	at org.springframework.web.servlet.mvc.method.annotation.ExceptionHandlerExceptionResolver.initExceptionHandlerAdviceCache(ExceptionHandlerExceptionResolver.java:320)
	at org.springframework.web.servlet.mvc.method.annotation.ExceptionHandlerExceptionResolver.afterPropertiesSet(ExceptionHandlerExceptionResolver.java:287)
	at org.springframework.web.servlet.config.annotation.WebMvcConfigurationSupport.addDefaultHandlerExceptionResolvers(WebMvcConfigurationSupport.java:1084)
	at org.springframework.web.servlet.config.annotation.WebMvcConfigurationSupport.handlerExceptionResolver(WebMvcConfigurationSupport.java:1025)
	at java.base/jdk.internal.reflect.NativeMethodAccessorImpl.invoke0(Native Method)
	at java.base/jdk.internal.reflect.NativeMethodAccessorImpl.invoke(NativeMethodAccessorImpl.java:77)
	at java.base/jdk.internal.reflect.DelegatingMethodAccessorImpl.invoke(DelegatingMethodAccessorImpl.java:43)
	at java.base/java.lang.reflect.Method.invoke(Method.java:569)
	at org.springframework.beans.factory.support.SimpleInstantiationStrategy.lambda$instantiate$0(SimpleInstantiationStrategy.java:172)
	... 123 common frames omitted
26-07-27 17:38:41.382 [Test worker] INFO  c.s.m.d.c.BinaryContentController - Binary content download requested. binaryContentId=a3fff1bf-a7e3-41bb-b999-02f9ad757cdc, fileName=요청서.png, size=3
26-07-27 17:38:41.780 [Test worker] INFO  c.s.m.d.s.basic.BasicChannelService - Channel deleted. channelId=9b9922b0-5480-409e-a233-7acf7d9ee8e8
26-07-27 17:38:41.805 [Test worker] INFO  c.s.m.d.s.basic.BasicChannelService - Public channel created. channelId=25b69568-c7cf-463b-8084-bc716064dee9, name=공지
26-07-27 17:38:41.809 [Test worker] INFO  c.s.m.d.s.basic.BasicChannelService - Private channel created. channelId=845b6bc9-3aed-4b96-8ca9-8d515943be0d, participantCount=1
26-07-27 17:38:41.817 [Test worker] INFO  c.s.m.d.s.basic.BasicChannelService - Channel updated. channelId=7a71e3d7-cfab-4730-a678-c81195d8af69
26-07-27 17:38:41.883 [Test worker] INFO  c.s.m.d.s.basic.BasicMessageService - Message created. messageId=ba3b8be6-8de0-4a8e-8265-df21d08dcdc1, channelId=eda15334-098e-4656-8a6d-c35f920006f4, authorId=dfec2c4c-4466-42bf-9e83-39064551439a, attachmentCount=1
26-07-27 17:38:41.894 [Test worker] INFO  c.s.m.d.s.basic.BasicMessageService - Message deleted. messageId=2c52c15a-b511-4916-a8e2-e884e2168309
26-07-27 17:38:41.903 [Test worker] INFO  c.s.m.d.s.basic.BasicMessageService - Message updated. messageId=85106244-3713-4696-bcb7-eff099ad62b7
26-07-27 17:38:41.912 [Test worker] INFO  c.s.m.d.s.basic.BasicMessageService - Message created. messageId=0555ed4a-c10f-4f58-9c8c-8aaa4bfcacb7, channelId=994e8923-9073-41d7-b73e-f852b6aa07a1, authorId=4f0f2d80-9dca-45e5-9528-7aa76e138403, attachmentCount=0
26-07-27 17:38:41.934 [Test worker] INFO  c.s.m.d.s.basic.BasicUserService - User deleted. userId=508cdc2b-a405-45b9-873d-d60dd3f0902a
26-07-27 17:38:41.947 [Test worker] INFO  c.s.m.d.s.basic.BasicUserService - User updated. userId=5b21d94e-cea6-4fa8-b572-947487179e88
26-07-27 17:38:41.951 [Test worker] INFO  c.s.m.d.s.basic.BasicUserService - User created. userId=28e6b225-4b86-408a-a99f-860e53b7b4be, username=woody
26-07-27 17:38:41.955 [Test worker] INFO  c.s.m.d.s.basic.BasicUserService - User deleted. userId=de2717d2-56e5-467c-94c2-0bb354623caf
26-07-27 17:38:41.960 [Test worker] INFO  c.s.m.d.s.basic.BasicUserService - User created. userId=a1179ece-b716-4124-9ae6-effbd317795b, username=woody
26-07-27 17:38:41.964 [Test worker] WARN  c.s.m.d.s.basic.BasicUserService - User creation failed. duplicated username or email. username=woody
26-07-27 17:40:15.736 [background-preinit] INFO  o.h.validator.internal.util.Version - HV000001: Hibernate Validator 8.0.3.Final
26-07-27 17:40:15.766 [Test worker] INFO  c.s.m.d.DiscodeitApplicationTests - Starting DiscodeitApplicationTests using Java 17.0.19 with PID 35506 (started by apple in /Users/apple/Desktop/codeit-13th-develop/13-sprint-mission)
26-07-27 17:40:15.770 [Test worker] INFO  c.s.m.d.DiscodeitApplicationTests - No active profile set, falling back to 1 default profile: "default"
26-07-27 17:40:16.845 [Test worker] INFO  o.s.d.r.c.RepositoryConfigurationDelegate - Bootstrapping Spring Data JPA repositories in DEFAULT mode.
26-07-27 17:40:16.900 [Test worker] INFO  o.s.d.r.c.RepositoryConfigurationDelegate - Finished Spring Data repository scanning in 40 ms. Found 6 JPA repository interfaces.
26-07-27 17:40:17.323 [Test worker] INFO  o.h.jpa.internal.util.LogHelper - HHH000204: Processing PersistenceUnitInfo [name: default]
26-07-27 17:40:17.363 [Test worker] INFO  org.hibernate.Version - HHH000412: Hibernate ORM core version 6.6.49.Final
26-07-27 17:40:17.386 [Test worker] INFO  o.h.c.i.RegionFactoryInitiator - HHH000026: Second-level cache disabled
26-07-27 17:40:17.551 [Test worker] INFO  o.s.o.j.p.SpringPersistenceUnitInfo - No LoadTimeWeaver setup: ignoring JPA class transformer
26-07-27 17:40:17.574 [Test worker] INFO  com.zaxxer.hikari.HikariDataSource - HikariPool-1 - Starting...
26-07-27 17:40:17.842 [Test worker] INFO  com.zaxxer.hikari.pool.HikariPool - HikariPool-1 - Added connection conn0: url=jdbc:h2:mem:discodeit-test user=SA
26-07-27 17:40:17.844 [Test worker] INFO  com.zaxxer.hikari.HikariDataSource - HikariPool-1 - Start completed.
26-07-27 17:40:17.896 [Test worker] INFO  o.hibernate.orm.connections.pooling - HHH10001005: Database info:
	Database JDBC URL [Connecting through datasource 'p6SpyDataSourceDecorator [com.p6spy.engine.spy.P6DataSource] -> dataSource [com.zaxxer.hikari.HikariDataSource]']
	Database driver: undefined/unknown
	Database version: 2.3.232
	Autocommit mode: undefined/unknown
	Isolation level: undefined/unknown
	Minimum pool size: undefined/unknown
	Maximum pool size: undefined/unknown
26-07-27 17:40:18.593 [Test worker] INFO  o.h.e.t.j.p.i.JtaPlatformInitiator - HHH000489: No JTA platform available (set 'hibernate.transaction.jta.platform' to enable JTA platform integration)
26-07-27 17:40:18.627 [Test worker] DEBUG org.hibernate.SQL - 
    drop table if exists binary_contents cascade 
26-07-27 17:40:18.630 [Test worker] INFO  p6spy - #1785141618630 | took 0ms | statement | connection 1| url jdbc:h2:mem:discodeit-test

    drop table if exists binary_contents cascade 

    drop table if exists binary_contents cascade ;
26-07-27 17:40:18.631 [Test worker] DEBUG org.hibernate.SQL - 
    drop table if exists channels cascade 
26-07-27 17:40:18.631 [Test worker] INFO  p6spy - #1785141618631 | took 0ms | statement | connection 1| url jdbc:h2:mem:discodeit-test

    drop table if exists channels cascade 

    drop table if exists channels cascade ;
26-07-27 17:40:18.632 [Test worker] DEBUG org.hibernate.SQL - 
    drop table if exists message_attachments cascade 
26-07-27 17:40:18.633 [Test worker] INFO  p6spy - #1785141618633 | took 0ms | statement | connection 1| url jdbc:h2:mem:discodeit-test

    drop table if exists message_attachments cascade 

    drop table if exists message_attachments cascade ;
26-07-27 17:40:18.634 [Test worker] DEBUG org.hibernate.SQL - 
    drop table if exists messages cascade 
26-07-27 17:40:18.634 [Test worker] INFO  p6spy - #1785141618634 | took 0ms | statement | connection 1| url jdbc:h2:mem:discodeit-test

    drop table if exists messages cascade 

    drop table if exists messages cascade ;
26-07-27 17:40:18.634 [Test worker] DEBUG org.hibernate.SQL - 
    drop table if exists read_statuses cascade 
26-07-27 17:40:18.634 [Test worker] INFO  p6spy - #1785141618634 | took 0ms | statement | connection 1| url jdbc:h2:mem:discodeit-test

    drop table if exists read_statuses cascade 

    drop table if exists read_statuses cascade ;
26-07-27 17:40:18.634 [Test worker] DEBUG org.hibernate.SQL - 
    drop table if exists user_statuses cascade 
26-07-27 17:40:18.635 [Test worker] INFO  p6spy - #1785141618635 | took 0ms | statement | connection 1| url jdbc:h2:mem:discodeit-test

    drop table if exists user_statuses cascade 

    drop table if exists user_statuses cascade ;
26-07-27 17:40:18.635 [Test worker] DEBUG org.hibernate.SQL - 
    drop table if exists users cascade 
26-07-27 17:40:18.635 [Test worker] INFO  p6spy - #1785141618635 | took 0ms | statement | connection 1| url jdbc:h2:mem:discodeit-test

    drop table if exists users cascade 

    drop table if exists users cascade ;
26-07-27 17:40:18.638 [Test worker] DEBUG org.hibernate.SQL - 
    create table binary_contents (
        created_at timestamp(6) with time zone not null,
        size bigint not null,
        id uuid not null,
        content_type varchar(100) not null,
        file_name varchar(255) not null,
        primary key (id)
    )
26-07-27 17:40:18.641 [Test worker] INFO  p6spy - #1785141618641 | took 3ms | statement | connection 2| url jdbc:h2:mem:discodeit-test

    create table binary_contents (
        created_at timestamp(6) with time zone not null,
        size bigint not null,
        id uuid not null,
        content_type varchar(100) not null,
        file_name varchar(255) not null,
        primary key (id)
    )

    create table binary_contents (
        created_at timestamp(6) with time zone not null,
        size bigint not null,
        id uuid not null,
        content_type varchar(100) not null,
        file_name varchar(255) not null,
        primary key (id)
    );
26-07-27 17:40:18.643 [Test worker] DEBUG org.hibernate.SQL - 
    create table channels (
        created_at timestamp(6) with time zone not null,
        updated_at timestamp(6) with time zone,
        id uuid not null,
        name varchar(100),
        description varchar(500),
        type enum ('PRIVATE','PUBLIC') not null,
        primary key (id)
    )
26-07-27 17:40:18.643 [Test worker] INFO  p6spy - #1785141618643 | took 0ms | statement | connection 2| url jdbc:h2:mem:discodeit-test

    create table channels (
        created_at timestamp(6) with time zone not null,
        updated_at timestamp(6) with time zone,
        id uuid not null,
        name varchar(100),
        description varchar(500),
        type enum ('PRIVATE','PUBLIC') not null,
        primary key (id)
    )

    create table channels (
        created_at timestamp(6) with time zone not null,
        updated_at timestamp(6) with time zone,
        id uuid not null,
        name varchar(100),
        description varchar(500),
        type enum ('PRIVATE','PUBLIC') not null,
        primary key (id)
    );
26-07-27 17:40:18.644 [Test worker] DEBUG org.hibernate.SQL - 
    create table message_attachments (
        attachment_id uuid not null unique,
        message_id uuid not null
    )
26-07-27 17:40:18.645 [Test worker] INFO  p6spy - #1785141618645 | took 0ms | statement | connection 2| url jdbc:h2:mem:discodeit-test

    create table message_attachments (
        attachment_id uuid not null unique,
        message_id uuid not null
    )

    create table message_attachments (
        attachment_id uuid not null unique,
        message_id uuid not null
    );
26-07-27 17:40:18.645 [Test worker] DEBUG org.hibernate.SQL - 
    create table messages (
        created_at timestamp(6) with time zone not null,
        updated_at timestamp(6) with time zone,
        author_id uuid,
        channel_id uuid not null,
        id uuid not null,
        content text,
        primary key (id)
    )
26-07-27 17:40:18.646 [Test worker] INFO  p6spy - #1785141618646 | took 0ms | statement | connection 2| url jdbc:h2:mem:discodeit-test

    create table messages (
        created_at timestamp(6) with time zone not null,
        updated_at timestamp(6) with time zone,
        author_id uuid,
        channel_id uuid not null,
        id uuid not null,
        content text,
        primary key (id)
    )

    create table messages (
        created_at timestamp(6) with time zone not null,
        updated_at timestamp(6) with time zone,
        author_id uuid,
        channel_id uuid not null,
        id uuid not null,
        content text,
        primary key (id)
    );
26-07-27 17:40:18.646 [Test worker] DEBUG org.hibernate.SQL - 
    create table read_statuses (
        created_at timestamp(6) with time zone not null,
        last_read_at timestamp(6) with time zone not null,
        updated_at timestamp(6) with time zone,
        channel_id uuid not null,
        id uuid not null,
        user_id uuid not null,
        primary key (id)
    )
26-07-27 17:40:18.647 [Test worker] INFO  p6spy - #1785141618647 | took 0ms | statement | connection 2| url jdbc:h2:mem:discodeit-test

    create table read_statuses (
        created_at timestamp(6) with time zone not null,
        last_read_at timestamp(6) with time zone not null,
        updated_at timestamp(6) with time zone,
        channel_id uuid not null,
        id uuid not null,
        user_id uuid not null,
        primary key (id)
    )

    create table read_statuses (
        created_at timestamp(6) with time zone not null,
        last_read_at timestamp(6) with time zone not null,
        updated_at timestamp(6) with time zone,
        channel_id uuid not null,
        id uuid not null,
        user_id uuid not null,
        primary key (id)
    );
26-07-27 17:40:18.648 [Test worker] DEBUG org.hibernate.SQL - 
    create table user_statuses (
        created_at timestamp(6) with time zone not null,
        last_active_at timestamp(6) with time zone not null,
        updated_at timestamp(6) with time zone,
        id uuid not null,
        user_id uuid not null unique,
        primary key (id)
    )
26-07-27 17:40:18.652 [Test worker] INFO  p6spy - #1785141618652 | took 3ms | statement | connection 2| url jdbc:h2:mem:discodeit-test

    create table user_statuses (
        created_at timestamp(6) with time zone not null,
        last_active_at timestamp(6) with time zone not null,
        updated_at timestamp(6) with time zone,
        id uuid not null,
        user_id uuid not null unique,
        primary key (id)
    )

    create table user_statuses (
        created_at timestamp(6) with time zone not null,
        last_active_at timestamp(6) with time zone not null,
        updated_at timestamp(6) with time zone,
        id uuid not null,
        user_id uuid not null unique,
        primary key (id)
    );
26-07-27 17:40:18.655 [Test worker] DEBUG org.hibernate.SQL - 
    create table users (
        created_at timestamp(6) with time zone not null,
        updated_at timestamp(6) with time zone,
        id uuid not null,
        profile_id uuid unique,
        username varchar(50) not null unique,
        password varchar(60) not null,
        email varchar(100) not null unique,
        primary key (id)
    )
26-07-27 17:40:18.663 [Test worker] INFO  p6spy - #1785141618663 | took 6ms | statement | connection 2| url jdbc:h2:mem:discodeit-test

    create table users (
        created_at timestamp(6) with time zone not null,
        updated_at timestamp(6) with time zone,
        id uuid not null,
        profile_id uuid unique,
        username varchar(50) not null unique,
        password varchar(60) not null,
        email varchar(100) not null unique,
        primary key (id)
    )

    create table users (
        created_at timestamp(6) with time zone not null,
        updated_at timestamp(6) with time zone,
        id uuid not null,
        profile_id uuid unique,
        username varchar(50) not null unique,
        password varchar(60) not null,
        email varchar(100) not null unique,
        primary key (id)
    );
26-07-27 17:40:18.664 [Test worker] DEBUG org.hibernate.SQL - 
    alter table if exists message_attachments 
       add constraint FKsd1m8rb8jcpbcnb7rpdue7ctc 
       foreign key (attachment_id) 
       references binary_contents
26-07-27 17:40:18.685 [Test worker] INFO  p6spy - #1785141618685 | took 20ms | statement | connection 2| url jdbc:h2:mem:discodeit-test

    alter table if exists message_attachments 
       add constraint FKsd1m8rb8jcpbcnb7rpdue7ctc 
       foreign key (attachment_id) 
       references binary_contents

    alter table if exists message_attachments 
       add constraint FKsd1m8rb8jcpbcnb7rpdue7ctc 
       foreign key (attachment_id) 
       references binary_contents;
26-07-27 17:40:18.686 [Test worker] DEBUG org.hibernate.SQL - 
    alter table if exists message_attachments 
       add constraint FKj7twd218e2gqw9cmlhwvo1rth 
       foreign key (message_id) 
       references messages
26-07-27 17:40:18.694 [Test worker] INFO  p6spy - #1785141618694 | took 6ms | statement | connection 2| url jdbc:h2:mem:discodeit-test

    alter table if exists message_attachments 
       add constraint FKj7twd218e2gqw9cmlhwvo1rth 
       foreign key (message_id) 
       references messages

    alter table if exists message_attachments 
       add constraint FKj7twd218e2gqw9cmlhwvo1rth 
       foreign key (message_id) 
       references messages;
26-07-27 17:40:18.695 [Test worker] DEBUG org.hibernate.SQL - 
    alter table if exists messages 
       add constraint FKowtlim26svclkatusptbgi7u1 
       foreign key (author_id) 
       references users
26-07-27 17:40:18.696 [Test worker] INFO  p6spy - #1785141618696 | took 1ms | statement | connection 2| url jdbc:h2:mem:discodeit-test

    alter table if exists messages 
       add constraint FKowtlim26svclkatusptbgi7u1 
       foreign key (author_id) 
       references users

    alter table if exists messages 
       add constraint FKowtlim26svclkatusptbgi7u1 
       foreign key (author_id) 
       references users;
26-07-27 17:40:18.696 [Test worker] DEBUG org.hibernate.SQL - 
    alter table if exists messages 
       add constraint FK3u3ckbhwq9se1cmopk2pq05b2 
       foreign key (channel_id) 
       references channels
26-07-27 17:40:18.698 [Test worker] INFO  p6spy - #1785141618698 | took 1ms | statement | connection 2| url jdbc:h2:mem:discodeit-test

    alter table if exists messages 
       add constraint FK3u3ckbhwq9se1cmopk2pq05b2 
       foreign key (channel_id) 
       references channels

    alter table if exists messages 
       add constraint FK3u3ckbhwq9se1cmopk2pq05b2 
       foreign key (channel_id) 
       references channels;
26-07-27 17:40:18.698 [Test worker] DEBUG org.hibernate.SQL - 
    alter table if exists read_statuses 
       add constraint FKa38ri44ml4gfdpklx4ahqr8gd 
       foreign key (channel_id) 
       references channels
26-07-27 17:40:18.701 [Test worker] INFO  p6spy - #1785141618701 | took 2ms | statement | connection 2| url jdbc:h2:mem:discodeit-test

    alter table if exists read_statuses 
       add constraint FKa38ri44ml4gfdpklx4ahqr8gd 
       foreign key (channel_id) 
       references channels

    alter table if exists read_statuses 
       add constraint FKa38ri44ml4gfdpklx4ahqr8gd 
       foreign key (channel_id) 
       references channels;
26-07-27 17:40:18.701 [Test worker] DEBUG org.hibernate.SQL - 
    alter table if exists read_statuses 
       add constraint FKml3k4wr9sj5yxrmj6d0aoib2e 
       foreign key (user_id) 
       references users
26-07-27 17:40:18.704 [Test worker] INFO  p6spy - #1785141618704 | took 2ms | statement | connection 2| url jdbc:h2:mem:discodeit-test

    alter table if exists read_statuses 
       add constraint FKml3k4wr9sj5yxrmj6d0aoib2e 
       foreign key (user_id) 
       references users

    alter table if exists read_statuses 
       add constraint FKml3k4wr9sj5yxrmj6d0aoib2e 
       foreign key (user_id) 
       references users;
26-07-27 17:40:18.704 [Test worker] DEBUG org.hibernate.SQL - 
    alter table if exists user_statuses 
       add constraint FK4lfl3ei2ubchgcxrrpo3pw4mm 
       foreign key (user_id) 
       references users
26-07-27 17:40:18.705 [Test worker] INFO  p6spy - #1785141618705 | took 0ms | statement | connection 2| url jdbc:h2:mem:discodeit-test

    alter table if exists user_statuses 
       add constraint FK4lfl3ei2ubchgcxrrpo3pw4mm 
       foreign key (user_id) 
       references users

    alter table if exists user_statuses 
       add constraint FK4lfl3ei2ubchgcxrrpo3pw4mm 
       foreign key (user_id) 
       references users;
26-07-27 17:40:18.705 [Test worker] DEBUG org.hibernate.SQL - 
    alter table if exists users 
       add constraint FKtbudycgrip49xdptogmhfqnso 
       foreign key (profile_id) 
       references binary_contents
26-07-27 17:40:18.706 [Test worker] INFO  p6spy - #1785141618706 | took 0ms | statement | connection 2| url jdbc:h2:mem:discodeit-test

    alter table if exists users 
       add constraint FKtbudycgrip49xdptogmhfqnso 
       foreign key (profile_id) 
       references binary_contents

    alter table if exists users 
       add constraint FKtbudycgrip49xdptogmhfqnso 
       foreign key (profile_id) 
       references binary_contents;
26-07-27 17:40:18.709 [Test worker] INFO  o.s.o.j.LocalContainerEntityManagerFactoryBean - Initialized JPA EntityManagerFactory for persistence unit 'default'
26-07-27 17:40:19.060 [Test worker] INFO  o.s.d.j.r.query.QueryEnhancerFactory - Hibernate is in classpath; If applicable, HQL parser will be used.
26-07-27 17:40:19.666 [Test worker] INFO  o.s.b.a.w.s.WelcomePageHandlerMapping - Adding welcome page: class path resource [static/index.html]
26-07-27 17:40:19.965 [Test worker] INFO  c.s.m.d.DiscodeitApplicationTests - Started DiscodeitApplicationTests in 4.482 seconds (process running for 5.434)
26-07-27 17:40:20.439 [Test worker] INFO  c.s.m.d.c.BinaryContentController - Binary content download requested. binaryContentId=177a7b28-d917-4f2a-b674-0dbee612925f, fileName=요청서.png, size=3
26-07-27 17:40:20.780 [Test worker] INFO  c.s.m.d.s.basic.BasicChannelService - Channel deleted. channelId=196aaf81-8cc6-496f-aeed-4bad3a9be649
26-07-27 17:40:20.806 [Test worker] INFO  c.s.m.d.s.basic.BasicChannelService - Public channel created. channelId=766d0819-0408-4b11-b983-22232fb7b2e5, name=공지
26-07-27 17:40:20.811 [Test worker] INFO  c.s.m.d.s.basic.BasicChannelService - Private channel created. channelId=89da2628-e5d7-4ac4-94b2-ae3fb5888b6c, participantCount=1
26-07-27 17:40:20.824 [Test worker] INFO  c.s.m.d.s.basic.BasicChannelService - Channel updated. channelId=686fb2f1-9784-4030-9b5f-43e07b954efe
26-07-27 17:40:20.874 [Test worker] INFO  c.s.m.d.s.basic.BasicMessageService - Message created. messageId=0cb8e55b-87b6-4fd3-b487-bf879ccde210, channelId=73cb4837-ede1-4597-8968-fa21fd10d733, authorId=fac7dfcc-61af-4e7f-9f3d-8f1cb2f1b7e7, attachmentCount=1
26-07-27 17:40:20.881 [Test worker] INFO  c.s.m.d.s.basic.BasicMessageService - Message deleted. messageId=09421f09-faa4-4826-911b-adda64cec6bc
26-07-27 17:40:20.891 [Test worker] INFO  c.s.m.d.s.basic.BasicMessageService - Message updated. messageId=624d285c-efaa-40d3-b0fd-bfe806f794c9
26-07-27 17:40:20.896 [Test worker] INFO  c.s.m.d.s.basic.BasicMessageService - Message created. messageId=cb4f56de-f4b5-4684-ae6e-c333ff680d51, channelId=9c3b26f5-9e1a-4cbc-8e1c-03a976bba60b, authorId=fd8b8795-b9b7-47b5-a3ea-605afa6754e5, attachmentCount=0
26-07-27 17:40:20.911 [Test worker] INFO  c.s.m.d.s.basic.BasicUserService - User deleted. userId=39c385cb-bb0a-4ffd-8e3a-2905cf6f67aa
26-07-27 17:40:20.927 [Test worker] INFO  c.s.m.d.s.basic.BasicUserService - User updated. userId=a0d84ef9-4048-4427-bb65-fe195e8f62b0
26-07-27 17:40:20.930 [Test worker] INFO  c.s.m.d.s.basic.BasicUserService - User created. userId=f93dfefb-1105-4d03-8152-fb79c03b8fa0, username=woody
26-07-27 17:40:20.934 [Test worker] INFO  c.s.m.d.s.basic.BasicUserService - User deleted. userId=716459db-87a3-4b7a-9710-42e847face1c
26-07-27 17:40:20.938 [Test worker] INFO  c.s.m.d.s.basic.BasicUserService - User created. userId=aae0ddd7-ea06-486f-a6d2-8cfcc86b4e2b, username=woody
26-07-27 17:40:20.941 [Test worker] WARN  c.s.m.d.s.basic.BasicUserService - User creation failed. duplicated username or email. username=woody
26-07-27 17:40:20.958 [SpringApplicationShutdownHook] INFO  o.s.o.j.LocalContainerEntityManagerFactoryBean - Closing JPA EntityManagerFactory for persistence unit 'default'
26-07-27 17:40:20.958 [SpringApplicationShutdownHook] DEBUG org.hibernate.SQL - 
    drop table if exists binary_contents cascade 
26-07-27 17:40:20.959 [SpringApplicationShutdownHook] INFO  p6spy - #1785141620959 | took 0ms | statement | connection 3| url jdbc:h2:mem:discodeit-test

    drop table if exists binary_contents cascade 

    drop table if exists binary_contents cascade ;
26-07-27 17:40:20.959 [SpringApplicationShutdownHook] DEBUG org.hibernate.SQL - 
    drop table if exists channels cascade 
26-07-27 17:40:20.960 [SpringApplicationShutdownHook] INFO  p6spy - #1785141620960 | took 0ms | statement | connection 3| url jdbc:h2:mem:discodeit-test

    drop table if exists channels cascade 

    drop table if exists channels cascade ;
26-07-27 17:40:20.960 [SpringApplicationShutdownHook] DEBUG org.hibernate.SQL - 
    drop table if exists message_attachments cascade 
26-07-27 17:40:20.960 [SpringApplicationShutdownHook] INFO  p6spy - #1785141620960 | took 0ms | statement | connection 3| url jdbc:h2:mem:discodeit-test

    drop table if exists message_attachments cascade 

    drop table if exists message_attachments cascade ;
26-07-27 17:40:20.960 [SpringApplicationShutdownHook] DEBUG org.hibernate.SQL - 
    drop table if exists messages cascade 
26-07-27 17:40:20.961 [SpringApplicationShutdownHook] INFO  p6spy - #1785141620961 | took 0ms | statement | connection 3| url jdbc:h2:mem:discodeit-test

    drop table if exists messages cascade 

    drop table if exists messages cascade ;
26-07-27 17:40:20.961 [SpringApplicationShutdownHook] DEBUG org.hibernate.SQL - 
    drop table if exists read_statuses cascade 
26-07-27 17:40:20.961 [SpringApplicationShutdownHook] INFO  p6spy - #1785141620961 | took 0ms | statement | connection 3| url jdbc:h2:mem:discodeit-test

    drop table if exists read_statuses cascade 

    drop table if exists read_statuses cascade ;
26-07-27 17:40:20.961 [SpringApplicationShutdownHook] DEBUG org.hibernate.SQL - 
    drop table if exists user_statuses cascade 
26-07-27 17:40:20.962 [SpringApplicationShutdownHook] INFO  p6spy - #1785141620962 | took 0ms | statement | connection 3| url jdbc:h2:mem:discodeit-test

    drop table if exists user_statuses cascade 

    drop table if exists user_statuses cascade ;
26-07-27 17:40:20.962 [SpringApplicationShutdownHook] DEBUG org.hibernate.SQL - 
    drop table if exists users cascade 
26-07-27 17:40:20.962 [SpringApplicationShutdownHook] INFO  p6spy - #1785141620962 | took 0ms | statement | connection 3| url jdbc:h2:mem:discodeit-test

    drop table if exists users cascade 

    drop table if exists users cascade ;
26-07-27 17:40:20.964 [SpringApplicationShutdownHook] INFO  com.zaxxer.hikari.HikariDataSource - HikariPool-1 - Shutdown initiated...
26-07-27 17:40:20.965 [SpringApplicationShutdownHook] INFO  com.zaxxer.hikari.HikariDataSource - HikariPool-1 - Shutdown completed.
26-07-27 18:10:48.929 [background-preinit] INFO  o.h.validator.internal.util.Version - HV000001: Hibernate Validator 8.0.3.Final
26-07-27 18:10:48.958 [main] INFO  c.s.m.discodeit.DiscodeitApplication - Starting DiscodeitApplication using Java 17.0.19 with PID 36880 (/Users/apple/Desktop/codeit-13th-develop/13-sprint-mission/build/classes/java/main started by apple in /Users/apple/Desktop/codeit-13th-develop/13-sprint-mission)
26-07-27 18:10:48.958 [main] DEBUG c.s.m.discodeit.DiscodeitApplication - Running with Spring Boot v3.5.14, Spring v6.2.18
26-07-27 18:10:48.958 [main] INFO  c.s.m.discodeit.DiscodeitApplication - The following 1 profile is active: "dev"
26-07-27 18:10:49.507 [main] INFO  o.s.d.r.c.RepositoryConfigurationDelegate - Bootstrapping Spring Data JPA repositories in DEFAULT mode.
26-07-27 18:10:49.547 [main] INFO  o.s.d.r.c.RepositoryConfigurationDelegate - Finished Spring Data repository scanning in 36 ms. Found 6 JPA repository interfaces.
26-07-27 18:10:49.878 [main] INFO  o.s.b.w.e.tomcat.TomcatWebServer - Tomcat initialized with port 8081 (http)
26-07-27 18:10:49.885 [main] INFO  o.a.coyote.http11.Http11NioProtocol - Initializing ProtocolHandler ["http-nio-8081"]
26-07-27 18:10:49.886 [main] INFO  o.a.catalina.core.StandardService - Starting service [Tomcat]
26-07-27 18:10:49.886 [main] INFO  o.a.catalina.core.StandardEngine - Starting Servlet engine: [Apache Tomcat/10.1.54]
26-07-27 18:10:49.914 [main] INFO  o.a.c.c.C.[Tomcat].[localhost].[/] - Initializing Spring embedded WebApplicationContext
26-07-27 18:10:49.915 [main] INFO  o.s.b.w.s.c.ServletWebServerApplicationContext - Root WebApplicationContext: initialization completed in 932 ms
26-07-27 18:10:50.083 [main] INFO  o.h.jpa.internal.util.LogHelper - HHH000204: Processing PersistenceUnitInfo [name: default]
26-07-27 18:10:50.113 [main] INFO  org.hibernate.Version - HHH000412: Hibernate ORM core version 6.6.49.Final
26-07-27 18:10:50.129 [main] INFO  o.h.c.i.RegionFactoryInitiator - HHH000026: Second-level cache disabled
26-07-27 18:10:50.272 [main] INFO  o.s.o.j.p.SpringPersistenceUnitInfo - No LoadTimeWeaver setup: ignoring JPA class transformer
26-07-27 18:10:50.289 [main] INFO  com.zaxxer.hikari.HikariDataSource - HikariPool-1 - Starting...
26-07-27 18:10:50.364 [main] INFO  com.zaxxer.hikari.pool.HikariPool - HikariPool-1 - Added connection org.postgresql.jdbc.PgConnection@7dc92a06
26-07-27 18:10:50.365 [main] INFO  com.zaxxer.hikari.HikariDataSource - HikariPool-1 - Start completed.
26-07-27 18:10:50.421 [main] INFO  o.hibernate.orm.connections.pooling - HHH10001005: Database info:
	Database JDBC URL [Connecting through datasource 'p6SpyDataSourceDecorator [com.p6spy.engine.spy.P6DataSource] -> dataSource [com.zaxxer.hikari.HikariDataSource]']
	Database driver: undefined/unknown
	Database version: 16.14
	Autocommit mode: undefined/unknown
	Isolation level: undefined/unknown
	Minimum pool size: undefined/unknown
	Maximum pool size: undefined/unknown
26-07-27 18:10:50.929 [main] INFO  o.h.e.t.j.p.i.JtaPlatformInitiator - HHH000489: No JTA platform available (set 'hibernate.transaction.jta.platform' to enable JTA platform integration)
26-07-27 18:10:50.935 [main] DEBUG org.hibernate.SQL - 
    set client_min_messages = WARNING
26-07-27 18:10:50.936 [main] INFO  p6spy - #1785143450936 | took 0ms | statement | connection 1| url jdbc:postgresql://localhost:5432/discodeit

    set client_min_messages = WARNING

    set client_min_messages = WARNING;
26-07-27 18:10:50.937 [main] DEBUG org.hibernate.SQL - 
    alter table if exists message_attachments 
       drop constraint if exists FKsd1m8rb8jcpbcnb7rpdue7ctc
26-07-27 18:10:50.952 [main] INFO  p6spy - #1785143450952 | took 15ms | statement | connection 1| url jdbc:postgresql://localhost:5432/discodeit

    alter table if exists message_attachments 
       drop constraint if exists FKsd1m8rb8jcpbcnb7rpdue7ctc

    alter table if exists message_attachments 
       drop constraint if exists FKsd1m8rb8jcpbcnb7rpdue7ctc;
26-07-27 18:10:50.952 [main] DEBUG org.hibernate.SQL - 
    alter table if exists message_attachments 
       drop constraint if exists FKj7twd218e2gqw9cmlhwvo1rth
26-07-27 18:10:50.954 [main] INFO  p6spy - #1785143450954 | took 1ms | statement | connection 1| url jdbc:postgresql://localhost:5432/discodeit

    alter table if exists message_attachments 
       drop constraint if exists FKj7twd218e2gqw9cmlhwvo1rth

    alter table if exists message_attachments 
       drop constraint if exists FKj7twd218e2gqw9cmlhwvo1rth;
26-07-27 18:10:50.954 [main] DEBUG org.hibernate.SQL - 
    alter table if exists messages 
       drop constraint if exists FKowtlim26svclkatusptbgi7u1
26-07-27 18:10:50.957 [main] INFO  p6spy - #1785143450957 | took 3ms | statement | connection 1| url jdbc:postgresql://localhost:5432/discodeit

    alter table if exists messages 
       drop constraint if exists FKowtlim26svclkatusptbgi7u1

    alter table if exists messages 
       drop constraint if exists FKowtlim26svclkatusptbgi7u1;
26-07-27 18:10:50.957 [main] DEBUG org.hibernate.SQL - 
    alter table if exists messages 
       drop constraint if exists FK3u3ckbhwq9se1cmopk2pq05b2
26-07-27 18:10:50.958 [main] INFO  p6spy - #1785143450958 | took 1ms | statement | connection 1| url jdbc:postgresql://localhost:5432/discodeit

    alter table if exists messages 
       drop constraint if exists FK3u3ckbhwq9se1cmopk2pq05b2

    alter table if exists messages 
       drop constraint if exists FK3u3ckbhwq9se1cmopk2pq05b2;
26-07-27 18:10:50.959 [main] DEBUG org.hibernate.SQL - 
    alter table if exists read_statuses 
       drop constraint if exists FKa38ri44ml4gfdpklx4ahqr8gd
26-07-27 18:10:50.959 [main] INFO  p6spy - #1785143450959 | took 0ms | statement | connection 1| url jdbc:postgresql://localhost:5432/discodeit

    alter table if exists read_statuses 
       drop constraint if exists FKa38ri44ml4gfdpklx4ahqr8gd

    alter table if exists read_statuses 
       drop constraint if exists FKa38ri44ml4gfdpklx4ahqr8gd;
26-07-27 18:10:50.960 [main] DEBUG org.hibernate.SQL - 
    alter table if exists read_statuses 
       drop constraint if exists FKml3k4wr9sj5yxrmj6d0aoib2e
26-07-27 18:10:50.961 [main] INFO  p6spy - #1785143450961 | took 0ms | statement | connection 1| url jdbc:postgresql://localhost:5432/discodeit

    alter table if exists read_statuses 
       drop constraint if exists FKml3k4wr9sj5yxrmj6d0aoib2e

    alter table if exists read_statuses 
       drop constraint if exists FKml3k4wr9sj5yxrmj6d0aoib2e;
26-07-27 18:10:50.961 [main] DEBUG org.hibernate.SQL - 
    alter table if exists user_statuses 
       drop constraint if exists FK4lfl3ei2ubchgcxrrpo3pw4mm
26-07-27 18:10:50.961 [main] INFO  p6spy - #1785143450961 | took 0ms | statement | connection 1| url jdbc:postgresql://localhost:5432/discodeit

    alter table if exists user_statuses 
       drop constraint if exists FK4lfl3ei2ubchgcxrrpo3pw4mm

    alter table if exists user_statuses 
       drop constraint if exists FK4lfl3ei2ubchgcxrrpo3pw4mm;
26-07-27 18:10:50.961 [main] DEBUG org.hibernate.SQL - 
    alter table if exists users 
       drop constraint if exists FKtbudycgrip49xdptogmhfqnso
26-07-27 18:10:50.962 [main] INFO  p6spy - #1785143450962 | took 0ms | statement | connection 1| url jdbc:postgresql://localhost:5432/discodeit

    alter table if exists users 
       drop constraint if exists FKtbudycgrip49xdptogmhfqnso

    alter table if exists users 
       drop constraint if exists FKtbudycgrip49xdptogmhfqnso;
26-07-27 18:10:50.962 [main] DEBUG org.hibernate.SQL - 
    drop table if exists binary_contents cascade
26-07-27 18:10:50.976 [main] INFO  p6spy - #1785143450976 | took 14ms | statement | connection 1| url jdbc:postgresql://localhost:5432/discodeit

    drop table if exists binary_contents cascade

    drop table if exists binary_contents cascade;
26-07-27 18:10:50.977 [main] DEBUG org.hibernate.SQL - 
    drop table if exists channels cascade
26-07-27 18:10:50.979 [main] INFO  p6spy - #1785143450979 | took 2ms | statement | connection 1| url jdbc:postgresql://localhost:5432/discodeit

    drop table if exists channels cascade

    drop table if exists channels cascade;
26-07-27 18:10:50.979 [main] DEBUG org.hibernate.SQL - 
    drop table if exists message_attachments cascade
26-07-27 18:10:50.981 [main] INFO  p6spy - #1785143450981 | took 1ms | statement | connection 1| url jdbc:postgresql://localhost:5432/discodeit

    drop table if exists message_attachments cascade

    drop table if exists message_attachments cascade;
26-07-27 18:10:50.981 [main] DEBUG org.hibernate.SQL - 
    drop table if exists messages cascade
26-07-27 18:10:50.983 [main] INFO  p6spy - #1785143450983 | took 1ms | statement | connection 1| url jdbc:postgresql://localhost:5432/discodeit

    drop table if exists messages cascade

    drop table if exists messages cascade;
26-07-27 18:10:50.983 [main] DEBUG org.hibernate.SQL - 
    drop table if exists read_statuses cascade
26-07-27 18:10:50.984 [main] INFO  p6spy - #1785143450984 | took 0ms | statement | connection 1| url jdbc:postgresql://localhost:5432/discodeit

    drop table if exists read_statuses cascade

    drop table if exists read_statuses cascade;
26-07-27 18:10:50.984 [main] DEBUG org.hibernate.SQL - 
    drop table if exists user_statuses cascade
26-07-27 18:10:50.986 [main] INFO  p6spy - #1785143450986 | took 1ms | statement | connection 1| url jdbc:postgresql://localhost:5432/discodeit

    drop table if exists user_statuses cascade

    drop table if exists user_statuses cascade;
26-07-27 18:10:50.986 [main] DEBUG org.hibernate.SQL - 
    drop table if exists users cascade
26-07-27 18:10:50.988 [main] INFO  p6spy - #1785143450988 | took 2ms | statement | connection 1| url jdbc:postgresql://localhost:5432/discodeit

    drop table if exists users cascade

    drop table if exists users cascade;
26-07-27 18:10:50.991 [main] DEBUG org.hibernate.SQL - 
    create table binary_contents (
        created_at timestamp(6) with time zone not null,
        size bigint not null,
        id uuid not null,
        content_type varchar(100) not null,
        file_name varchar(255) not null,
        primary key (id)
    )
26-07-27 18:10:51.009 [main] INFO  p6spy - #1785143451009 | took 17ms | statement | connection 2| url jdbc:postgresql://localhost:5432/discodeit

    create table binary_contents (
        created_at timestamp(6) with time zone not null,
        size bigint not null,
        id uuid not null,
        content_type varchar(100) not null,
        file_name varchar(255) not null,
        primary key (id)
    )

    create table binary_contents (
        created_at timestamp(6) with time zone not null,
        size bigint not null,
        id uuid not null,
        content_type varchar(100) not null,
        file_name varchar(255) not null,
        primary key (id)
    );
26-07-27 18:10:51.009 [main] DEBUG org.hibernate.SQL - 
    create table channels (
        created_at timestamp(6) with time zone not null,
        updated_at timestamp(6) with time zone,
        type varchar(10) not null check (type in ('PUBLIC','PRIVATE')),
        id uuid not null,
        name varchar(100),
        description varchar(500),
        primary key (id)
    )
26-07-27 18:10:51.016 [main] INFO  p6spy - #1785143451016 | took 6ms | statement | connection 2| url jdbc:postgresql://localhost:5432/discodeit

    create table channels (
        created_at timestamp(6) with time zone not null,
        updated_at timestamp(6) with time zone,
        type varchar(10) not null check (type in ('PUBLIC','PRIVATE')),
        id uuid not null,
        name varchar(100),
        description varchar(500),
        primary key (id)
    )

    create table channels (
        created_at timestamp(6) with time zone not null,
        updated_at timestamp(6) with time zone,
        type varchar(10) not null check (type in ('PUBLIC','PRIVATE')),
        id uuid not null,
        name varchar(100),
        description varchar(500),
        primary key (id)
    );
26-07-27 18:10:51.017 [main] DEBUG org.hibernate.SQL - 
    create table message_attachments (
        attachment_id uuid not null unique,
        message_id uuid not null
    )
26-07-27 18:10:51.019 [main] INFO  p6spy - #1785143451019 | took 1ms | statement | connection 2| url jdbc:postgresql://localhost:5432/discodeit

    create table message_attachments (
        attachment_id uuid not null unique,
        message_id uuid not null
    )

    create table message_attachments (
        attachment_id uuid not null unique,
        message_id uuid not null
    );
26-07-27 18:10:51.019 [main] DEBUG org.hibernate.SQL - 
    create table messages (
        created_at timestamp(6) with time zone not null,
        updated_at timestamp(6) with time zone,
        author_id uuid,
        channel_id uuid not null,
        id uuid not null,
        content text,
        primary key (id)
    )
26-07-27 18:10:51.022 [main] INFO  p6spy - #1785143451022 | took 2ms | statement | connection 2| url jdbc:postgresql://localhost:5432/discodeit

    create table messages (
        created_at timestamp(6) with time zone not null,
        updated_at timestamp(6) with time zone,
        author_id uuid,
        channel_id uuid not null,
        id uuid not null,
        content text,
        primary key (id)
    )

    create table messages (
        created_at timestamp(6) with time zone not null,
        updated_at timestamp(6) with time zone,
        author_id uuid,
        channel_id uuid not null,
        id uuid not null,
        content text,
        primary key (id)
    );
26-07-27 18:10:51.022 [main] DEBUG org.hibernate.SQL - 
    create table read_statuses (
        created_at timestamp(6) with time zone not null,
        last_read_at timestamp(6) with time zone not null,
        updated_at timestamp(6) with time zone,
        channel_id uuid not null,
        id uuid not null,
        user_id uuid not null,
        primary key (id)
    )
26-07-27 18:10:51.024 [main] INFO  p6spy - #1785143451024 | took 1ms | statement | connection 2| url jdbc:postgresql://localhost:5432/discodeit

    create table read_statuses (
        created_at timestamp(6) with time zone not null,
        last_read_at timestamp(6) with time zone not null,
        updated_at timestamp(6) with time zone,
        channel_id uuid not null,
        id uuid not null,
        user_id uuid not null,
        primary key (id)
    )

    create table read_statuses (
        created_at timestamp(6) with time zone not null,
        last_read_at timestamp(6) with time zone not null,
        updated_at timestamp(6) with time zone,
        channel_id uuid not null,
        id uuid not null,
        user_id uuid not null,
        primary key (id)
    );
26-07-27 18:10:51.024 [main] DEBUG org.hibernate.SQL - 
    create table user_statuses (
        created_at timestamp(6) with time zone not null,
        last_active_at timestamp(6) with time zone not null,
        updated_at timestamp(6) with time zone,
        id uuid not null,
        user_id uuid not null unique,
        primary key (id)
    )
26-07-27 18:10:51.028 [main] INFO  p6spy - #1785143451028 | took 3ms | statement | connection 2| url jdbc:postgresql://localhost:5432/discodeit

    create table user_statuses (
        created_at timestamp(6) with time zone not null,
        last_active_at timestamp(6) with time zone not null,
        updated_at timestamp(6) with time zone,
        id uuid not null,
        user_id uuid not null unique,
        primary key (id)
    )

    create table user_statuses (
        created_at timestamp(6) with time zone not null,
        last_active_at timestamp(6) with time zone not null,
        updated_at timestamp(6) with time zone,
        id uuid not null,
        user_id uuid not null unique,
        primary key (id)
    );
26-07-27 18:10:51.028 [main] DEBUG org.hibernate.SQL - 
    create table users (
        created_at timestamp(6) with time zone not null,
        updated_at timestamp(6) with time zone,
        id uuid not null,
        profile_id uuid unique,
        username varchar(50) not null unique,
        password varchar(60) not null,
        email varchar(100) not null unique,
        primary key (id)
    )
26-07-27 18:10:51.032 [main] INFO  p6spy - #1785143451032 | took 4ms | statement | connection 2| url jdbc:postgresql://localhost:5432/discodeit

    create table users (
        created_at timestamp(6) with time zone not null,
        updated_at timestamp(6) with time zone,
        id uuid not null,
        profile_id uuid unique,
        username varchar(50) not null unique,
        password varchar(60) not null,
        email varchar(100) not null unique,
        primary key (id)
    )

    create table users (
        created_at timestamp(6) with time zone not null,
        updated_at timestamp(6) with time zone,
        id uuid not null,
        profile_id uuid unique,
        username varchar(50) not null unique,
        password varchar(60) not null,
        email varchar(100) not null unique,
        primary key (id)
    );
26-07-27 18:10:51.033 [main] DEBUG org.hibernate.SQL - 
    alter table if exists message_attachments 
       add constraint FKsd1m8rb8jcpbcnb7rpdue7ctc 
       foreign key (attachment_id) 
       references binary_contents
26-07-27 18:10:51.039 [main] INFO  p6spy - #1785143451039 | took 6ms | statement | connection 2| url jdbc:postgresql://localhost:5432/discodeit

    alter table if exists message_attachments 
       add constraint FKsd1m8rb8jcpbcnb7rpdue7ctc 
       foreign key (attachment_id) 
       references binary_contents

    alter table if exists message_attachments 
       add constraint FKsd1m8rb8jcpbcnb7rpdue7ctc 
       foreign key (attachment_id) 
       references binary_contents;
26-07-27 18:10:51.039 [main] DEBUG org.hibernate.SQL - 
    alter table if exists message_attachments 
       add constraint FKj7twd218e2gqw9cmlhwvo1rth 
       foreign key (message_id) 
       references messages
26-07-27 18:10:51.040 [main] INFO  p6spy - #1785143451040 | took 1ms | statement | connection 2| url jdbc:postgresql://localhost:5432/discodeit

    alter table if exists message_attachments 
       add constraint FKj7twd218e2gqw9cmlhwvo1rth 
       foreign key (message_id) 
       references messages

    alter table if exists message_attachments 
       add constraint FKj7twd218e2gqw9cmlhwvo1rth 
       foreign key (message_id) 
       references messages;
26-07-27 18:10:51.040 [main] DEBUG org.hibernate.SQL - 
    alter table if exists messages 
       add constraint FKowtlim26svclkatusptbgi7u1 
       foreign key (author_id) 
       references users
26-07-27 18:10:51.043 [main] INFO  p6spy - #1785143451043 | took 2ms | statement | connection 2| url jdbc:postgresql://localhost:5432/discodeit

    alter table if exists messages 
       add constraint FKowtlim26svclkatusptbgi7u1 
       foreign key (author_id) 
       references users

    alter table if exists messages 
       add constraint FKowtlim26svclkatusptbgi7u1 
       foreign key (author_id) 
       references users;
26-07-27 18:10:51.043 [main] DEBUG org.hibernate.SQL - 
    alter table if exists messages 
       add constraint FK3u3ckbhwq9se1cmopk2pq05b2 
       foreign key (channel_id) 
       references channels
26-07-27 18:10:51.044 [main] INFO  p6spy - #1785143451044 | took 1ms | statement | connection 2| url jdbc:postgresql://localhost:5432/discodeit

    alter table if exists messages 
       add constraint FK3u3ckbhwq9se1cmopk2pq05b2 
       foreign key (channel_id) 
       references channels

    alter table if exists messages 
       add constraint FK3u3ckbhwq9se1cmopk2pq05b2 
       foreign key (channel_id) 
       references channels;
26-07-27 18:10:51.044 [main] DEBUG org.hibernate.SQL - 
    alter table if exists read_statuses 
       add constraint FKa38ri44ml4gfdpklx4ahqr8gd 
       foreign key (channel_id) 
       references channels
26-07-27 18:10:51.047 [main] INFO  p6spy - #1785143451047 | took 2ms | statement | connection 2| url jdbc:postgresql://localhost:5432/discodeit

    alter table if exists read_statuses 
       add constraint FKa38ri44ml4gfdpklx4ahqr8gd 
       foreign key (channel_id) 
       references channels

    alter table if exists read_statuses 
       add constraint FKa38ri44ml4gfdpklx4ahqr8gd 
       foreign key (channel_id) 
       references channels;
26-07-27 18:10:51.047 [main] DEBUG org.hibernate.SQL - 
    alter table if exists read_statuses 
       add constraint FKml3k4wr9sj5yxrmj6d0aoib2e 
       foreign key (user_id) 
       references users
26-07-27 18:10:51.050 [main] INFO  p6spy - #1785143451050 | took 3ms | statement | connection 2| url jdbc:postgresql://localhost:5432/discodeit

    alter table if exists read_statuses 
       add constraint FKml3k4wr9sj5yxrmj6d0aoib2e 
       foreign key (user_id) 
       references users

    alter table if exists read_statuses 
       add constraint FKml3k4wr9sj5yxrmj6d0aoib2e 
       foreign key (user_id) 
       references users;
26-07-27 18:10:51.051 [main] DEBUG org.hibernate.SQL - 
    alter table if exists user_statuses 
       add constraint FK4lfl3ei2ubchgcxrrpo3pw4mm 
       foreign key (user_id) 
       references users
26-07-27 18:10:51.052 [main] INFO  p6spy - #1785143451052 | took 1ms | statement | connection 2| url jdbc:postgresql://localhost:5432/discodeit

    alter table if exists user_statuses 
       add constraint FK4lfl3ei2ubchgcxrrpo3pw4mm 
       foreign key (user_id) 
       references users

    alter table if exists user_statuses 
       add constraint FK4lfl3ei2ubchgcxrrpo3pw4mm 
       foreign key (user_id) 
       references users;
26-07-27 18:10:51.052 [main] DEBUG org.hibernate.SQL - 
    alter table if exists users 
       add constraint FKtbudycgrip49xdptogmhfqnso 
       foreign key (profile_id) 
       references binary_contents
26-07-27 18:10:51.054 [main] INFO  p6spy - #1785143451054 | took 1ms | statement | connection 2| url jdbc:postgresql://localhost:5432/discodeit

    alter table if exists users 
       add constraint FKtbudycgrip49xdptogmhfqnso 
       foreign key (profile_id) 
       references binary_contents

    alter table if exists users 
       add constraint FKtbudycgrip49xdptogmhfqnso 
       foreign key (profile_id) 
       references binary_contents;
26-07-27 18:10:51.056 [main] INFO  o.s.o.j.LocalContainerEntityManagerFactoryBean - Initialized JPA EntityManagerFactory for persistence unit 'default'
26-07-27 18:10:51.285 [main] INFO  o.s.d.j.r.query.QueryEnhancerFactory - Hibernate is in classpath; If applicable, HQL parser will be used.
26-07-27 18:10:51.630 [main] INFO  o.s.b.a.w.s.WelcomePageHandlerMapping - Adding welcome page: class path resource [static/index.html]
26-07-27 18:10:51.906 [main] INFO  o.s.b.a.e.web.EndpointLinksResolver - Exposing 1 endpoint beneath base path '/actuator'
26-07-27 18:10:51.939 [main] INFO  o.a.coyote.http11.Http11NioProtocol - Starting ProtocolHandler ["http-nio-8081"]
26-07-27 18:10:51.947 [main] INFO  o.s.b.w.e.tomcat.TomcatWebServer - Tomcat started on port 8081 (http) with context path '/'
26-07-27 18:10:51.959 [main] INFO  c.s.m.discodeit.DiscodeitApplication - Started DiscodeitApplication in 3.288 seconds (process running for 3.468)
26-07-27 18:11:11.013 [http-nio-8081-exec-1] INFO  o.a.c.c.C.[Tomcat].[localhost].[/] - Initializing Spring DispatcherServlet 'dispatcherServlet'
26-07-27 18:11:11.015 [http-nio-8081-exec-1] INFO  o.s.web.servlet.DispatcherServlet - Initializing Servlet 'dispatcherServlet'
26-07-27 18:11:11.022 [http-nio-8081-exec-1] INFO  o.s.web.servlet.DispatcherServlet - Completed initialization in 7 ms
26-07-27 18:12:50.925 [SpringApplicationShutdownHook] INFO  o.s.b.w.e.tomcat.GracefulShutdown - Commencing graceful shutdown. Waiting for active requests to complete
26-07-27 18:12:50.932 [tomcat-shutdown] INFO  o.s.b.w.e.tomcat.GracefulShutdown - Graceful shutdown complete
26-07-27 18:12:50.943 [SpringApplicationShutdownHook] INFO  o.s.o.j.LocalContainerEntityManagerFactoryBean - Closing JPA EntityManagerFactory for persistence unit 'default'
26-07-27 18:12:50.949 [SpringApplicationShutdownHook] INFO  com.zaxxer.hikari.HikariDataSource - HikariPool-1 - Shutdown initiated...
26-07-27 18:12:50.951 [SpringApplicationShutdownHook] INFO  com.zaxxer.hikari.HikariDataSource - HikariPool-1 - Shutdown completed.
26-07-27 18:12:58.423 [background-preinit] INFO  o.h.validator.internal.util.Version - HV000001: Hibernate Validator 8.0.3.Final
26-07-27 18:12:58.515 [main] INFO  c.s.m.discodeit.DiscodeitApplication - Starting DiscodeitApplication using Java 17.0.19 with PID 37212 (/Users/apple/Desktop/codeit-13th-develop/13-sprint-mission/build/classes/java/main started by apple in /Users/apple/Desktop/codeit-13th-develop/13-sprint-mission)
26-07-27 18:12:58.516 [main] DEBUG c.s.m.discodeit.DiscodeitApplication - Running with Spring Boot v3.5.14, Spring v6.2.18
26-07-27 18:12:58.517 [main] INFO  c.s.m.discodeit.DiscodeitApplication - The following 1 profile is active: "dev"
26-07-27 18:12:59.798 [main] INFO  o.s.d.r.c.RepositoryConfigurationDelegate - Bootstrapping Spring Data JPA repositories in DEFAULT mode.
26-07-27 18:12:59.841 [main] INFO  o.s.d.r.c.RepositoryConfigurationDelegate - Finished Spring Data repository scanning in 32 ms. Found 6 JPA repository interfaces.
26-07-27 18:13:00.500 [main] INFO  o.s.b.w.e.tomcat.TomcatWebServer - Tomcat initialized with port 8081 (http)
26-07-27 18:13:00.508 [main] INFO  o.a.coyote.http11.Http11NioProtocol - Initializing ProtocolHandler ["http-nio-8081"]
26-07-27 18:13:00.511 [main] INFO  o.a.catalina.core.StandardService - Starting service [Tomcat]
26-07-27 18:13:00.511 [main] INFO  o.a.catalina.core.StandardEngine - Starting Servlet engine: [Apache Tomcat/10.1.54]
26-07-27 18:13:00.558 [main] INFO  o.a.c.c.C.[Tomcat].[localhost].[/] - Initializing Spring embedded WebApplicationContext
26-07-27 18:13:00.559 [main] INFO  o.s.b.w.s.c.ServletWebServerApplicationContext - Root WebApplicationContext: initialization completed in 1720 ms
26-07-27 18:13:00.756 [main] INFO  o.h.jpa.internal.util.LogHelper - HHH000204: Processing PersistenceUnitInfo [name: default]
26-07-27 18:13:00.788 [main] INFO  org.hibernate.Version - HHH000412: Hibernate ORM core version 6.6.49.Final
26-07-27 18:13:00.808 [main] INFO  o.h.c.i.RegionFactoryInitiator - HHH000026: Second-level cache disabled
26-07-27 18:13:00.964 [main] INFO  o.s.o.j.p.SpringPersistenceUnitInfo - No LoadTimeWeaver setup: ignoring JPA class transformer
26-07-27 18:13:00.983 [main] INFO  com.zaxxer.hikari.HikariDataSource - HikariPool-1 - Starting...
26-07-27 18:13:01.048 [main] INFO  com.zaxxer.hikari.pool.HikariPool - HikariPool-1 - Added connection org.postgresql.jdbc.PgConnection@48144f1a
26-07-27 18:13:01.049 [main] INFO  com.zaxxer.hikari.HikariDataSource - HikariPool-1 - Start completed.
26-07-27 18:13:01.097 [main] INFO  o.hibernate.orm.connections.pooling - HHH10001005: Database info:
	Database JDBC URL [Connecting through datasource 'p6SpyDataSourceDecorator [com.p6spy.engine.spy.P6DataSource] -> dataSource [com.zaxxer.hikari.HikariDataSource]']
	Database driver: undefined/unknown
	Database version: 16.14
	Autocommit mode: undefined/unknown
	Isolation level: undefined/unknown
	Minimum pool size: undefined/unknown
	Maximum pool size: undefined/unknown
26-07-27 18:13:01.607 [main] INFO  o.h.e.t.j.p.i.JtaPlatformInitiator - HHH000489: No JTA platform available (set 'hibernate.transaction.jta.platform' to enable JTA platform integration)
26-07-27 18:13:01.614 [main] DEBUG org.hibernate.SQL - 
    set client_min_messages = WARNING
26-07-27 18:13:01.615 [main] INFO  p6spy - #1785143581615 | took 0ms | statement | connection 1| url jdbc:postgresql://localhost:5432/discodeit

    set client_min_messages = WARNING

    set client_min_messages = WARNING;
26-07-27 18:13:01.615 [main] DEBUG org.hibernate.SQL - 
    alter table if exists message_attachments 
       drop constraint if exists FKsd1m8rb8jcpbcnb7rpdue7ctc
26-07-27 18:13:01.619 [main] INFO  p6spy - #1785143581619 | took 3ms | statement | connection 1| url jdbc:postgresql://localhost:5432/discodeit

    alter table if exists message_attachments 
       drop constraint if exists FKsd1m8rb8jcpbcnb7rpdue7ctc

    alter table if exists message_attachments 
       drop constraint if exists FKsd1m8rb8jcpbcnb7rpdue7ctc;
26-07-27 18:13:01.619 [main] DEBUG org.hibernate.SQL - 
    alter table if exists message_attachments 
       drop constraint if exists FKj7twd218e2gqw9cmlhwvo1rth
26-07-27 18:13:01.620 [main] INFO  p6spy - #1785143581620 | took 0ms | statement | connection 1| url jdbc:postgresql://localhost:5432/discodeit

    alter table if exists message_attachments 
       drop constraint if exists FKj7twd218e2gqw9cmlhwvo1rth

    alter table if exists message_attachments 
       drop constraint if exists FKj7twd218e2gqw9cmlhwvo1rth;
26-07-27 18:13:01.620 [main] DEBUG org.hibernate.SQL - 
    alter table if exists messages 
       drop constraint if exists FKowtlim26svclkatusptbgi7u1
26-07-27 18:13:01.622 [main] INFO  p6spy - #1785143581622 | took 2ms | statement | connection 1| url jdbc:postgresql://localhost:5432/discodeit

    alter table if exists messages 
       drop constraint if exists FKowtlim26svclkatusptbgi7u1

    alter table if exists messages 
       drop constraint if exists FKowtlim26svclkatusptbgi7u1;
26-07-27 18:13:01.622 [main] DEBUG org.hibernate.SQL - 
    alter table if exists messages 
       drop constraint if exists FK3u3ckbhwq9se1cmopk2pq05b2
26-07-27 18:13:01.626 [main] INFO  p6spy - #1785143581626 | took 3ms | statement | connection 1| url jdbc:postgresql://localhost:5432/discodeit

    alter table if exists messages 
       drop constraint if exists FK3u3ckbhwq9se1cmopk2pq05b2

    alter table if exists messages 
       drop constraint if exists FK3u3ckbhwq9se1cmopk2pq05b2;
26-07-27 18:13:01.626 [main] DEBUG org.hibernate.SQL - 
    alter table if exists read_statuses 
       drop constraint if exists FKa38ri44ml4gfdpklx4ahqr8gd
26-07-27 18:13:01.628 [main] INFO  p6spy - #1785143581628 | took 2ms | statement | connection 1| url jdbc:postgresql://localhost:5432/discodeit

    alter table if exists read_statuses 
       drop constraint if exists FKa38ri44ml4gfdpklx4ahqr8gd

    alter table if exists read_statuses 
       drop constraint if exists FKa38ri44ml4gfdpklx4ahqr8gd;
26-07-27 18:13:01.628 [main] DEBUG org.hibernate.SQL - 
    alter table if exists read_statuses 
       drop constraint if exists FKml3k4wr9sj5yxrmj6d0aoib2e
26-07-27 18:13:01.632 [main] INFO  p6spy - #1785143581632 | took 3ms | statement | connection 1| url jdbc:postgresql://localhost:5432/discodeit

    alter table if exists read_statuses 
       drop constraint if exists FKml3k4wr9sj5yxrmj6d0aoib2e

    alter table if exists read_statuses 
       drop constraint if exists FKml3k4wr9sj5yxrmj6d0aoib2e;
26-07-27 18:13:01.632 [main] DEBUG org.hibernate.SQL - 
    alter table if exists user_statuses 
       drop constraint if exists FK4lfl3ei2ubchgcxrrpo3pw4mm
26-07-27 18:13:01.633 [main] INFO  p6spy - #1785143581633 | took 0ms | statement | connection 1| url jdbc:postgresql://localhost:5432/discodeit

    alter table if exists user_statuses 
       drop constraint if exists FK4lfl3ei2ubchgcxrrpo3pw4mm

    alter table if exists user_statuses 
       drop constraint if exists FK4lfl3ei2ubchgcxrrpo3pw4mm;
26-07-27 18:13:01.633 [main] DEBUG org.hibernate.SQL - 
    alter table if exists users 
       drop constraint if exists FKtbudycgrip49xdptogmhfqnso
26-07-27 18:13:01.634 [main] INFO  p6spy - #1785143581634 | took 0ms | statement | connection 1| url jdbc:postgresql://localhost:5432/discodeit

    alter table if exists users 
       drop constraint if exists FKtbudycgrip49xdptogmhfqnso

    alter table if exists users 
       drop constraint if exists FKtbudycgrip49xdptogmhfqnso;
26-07-27 18:13:01.634 [main] DEBUG org.hibernate.SQL - 
    drop table if exists binary_contents cascade
26-07-27 18:13:01.637 [main] INFO  p6spy - #1785143581637 | took 3ms | statement | connection 1| url jdbc:postgresql://localhost:5432/discodeit

    drop table if exists binary_contents cascade

    drop table if exists binary_contents cascade;
26-07-27 18:13:01.637 [main] DEBUG org.hibernate.SQL - 
    drop table if exists channels cascade
26-07-27 18:13:01.641 [main] INFO  p6spy - #1785143581641 | took 3ms | statement | connection 1| url jdbc:postgresql://localhost:5432/discodeit

    drop table if exists channels cascade

    drop table if exists channels cascade;
26-07-27 18:13:01.641 [main] DEBUG org.hibernate.SQL - 
    drop table if exists message_attachments cascade
26-07-27 18:13:01.642 [main] INFO  p6spy - #1785143581642 | took 0ms | statement | connection 1| url jdbc:postgresql://localhost:5432/discodeit

    drop table if exists message_attachments cascade

    drop table if exists message_attachments cascade;
26-07-27 18:13:01.642 [main] DEBUG org.hibernate.SQL - 
    drop table if exists messages cascade
26-07-27 18:13:01.644 [main] INFO  p6spy - #1785143581644 | took 1ms | statement | connection 1| url jdbc:postgresql://localhost:5432/discodeit

    drop table if exists messages cascade

    drop table if exists messages cascade;
26-07-27 18:13:01.644 [main] DEBUG org.hibernate.SQL - 
    drop table if exists read_statuses cascade
26-07-27 18:13:01.646 [main] INFO  p6spy - #1785143581646 | took 1ms | statement | connection 1| url jdbc:postgresql://localhost:5432/discodeit

    drop table if exists read_statuses cascade

    drop table if exists read_statuses cascade;
26-07-27 18:13:01.646 [main] DEBUG org.hibernate.SQL - 
    drop table if exists user_statuses cascade
26-07-27 18:13:01.647 [main] INFO  p6spy - #1785143581647 | took 1ms | statement | connection 1| url jdbc:postgresql://localhost:5432/discodeit

    drop table if exists user_statuses cascade

    drop table if exists user_statuses cascade;
26-07-27 18:13:01.647 [main] DEBUG org.hibernate.SQL - 
    drop table if exists users cascade
26-07-27 18:13:01.649 [main] INFO  p6spy - #1785143581649 | took 1ms | statement | connection 1| url jdbc:postgresql://localhost:5432/discodeit

    drop table if exists users cascade

    drop table if exists users cascade;
26-07-27 18:13:01.652 [main] DEBUG org.hibernate.SQL - 
    create table binary_contents (
        created_at timestamp(6) with time zone not null,
        size bigint not null,
        id uuid not null,
        content_type varchar(100) not null,
        file_name varchar(255) not null,
        primary key (id)
    )
26-07-27 18:13:01.657 [main] INFO  p6spy - #1785143581657 | took 4ms | statement | connection 2| url jdbc:postgresql://localhost:5432/discodeit

    create table binary_contents (
        created_at timestamp(6) with time zone not null,
        size bigint not null,
        id uuid not null,
        content_type varchar(100) not null,
        file_name varchar(255) not null,
        primary key (id)
    )

    create table binary_contents (
        created_at timestamp(6) with time zone not null,
        size bigint not null,
        id uuid not null,
        content_type varchar(100) not null,
        file_name varchar(255) not null,
        primary key (id)
    );
26-07-27 18:13:01.657 [main] DEBUG org.hibernate.SQL - 
    create table channels (
        created_at timestamp(6) with time zone not null,
        updated_at timestamp(6) with time zone,
        type varchar(10) not null check (type in ('PUBLIC','PRIVATE')),
        id uuid not null,
        name varchar(100),
        description varchar(500),
        primary key (id)
    )
26-07-27 18:13:01.664 [main] INFO  p6spy - #1785143581664 | took 6ms | statement | connection 2| url jdbc:postgresql://localhost:5432/discodeit

    create table channels (
        created_at timestamp(6) with time zone not null,
        updated_at timestamp(6) with time zone,
        type varchar(10) not null check (type in ('PUBLIC','PRIVATE')),
        id uuid not null,
        name varchar(100),
        description varchar(500),
        primary key (id)
    )

    create table channels (
        created_at timestamp(6) with time zone not null,
        updated_at timestamp(6) with time zone,
        type varchar(10) not null check (type in ('PUBLIC','PRIVATE')),
        id uuid not null,
        name varchar(100),
        description varchar(500),
        primary key (id)
    );
26-07-27 18:13:01.664 [main] DEBUG org.hibernate.SQL - 
    create table message_attachments (
        attachment_id uuid not null unique,
        message_id uuid not null
    )
26-07-27 18:13:01.666 [main] INFO  p6spy - #1785143581666 | took 1ms | statement | connection 2| url jdbc:postgresql://localhost:5432/discodeit

    create table message_attachments (
        attachment_id uuid not null unique,
        message_id uuid not null
    )

    create table message_attachments (
        attachment_id uuid not null unique,
        message_id uuid not null
    );
26-07-27 18:13:01.666 [main] DEBUG org.hibernate.SQL - 
    create table messages (
        created_at timestamp(6) with time zone not null,
        updated_at timestamp(6) with time zone,
        author_id uuid,
        channel_id uuid not null,
        id uuid not null,
        content text,
        primary key (id)
    )
26-07-27 18:13:01.670 [main] INFO  p6spy - #1785143581670 | took 3ms | statement | connection 2| url jdbc:postgresql://localhost:5432/discodeit

    create table messages (
        created_at timestamp(6) with time zone not null,
        updated_at timestamp(6) with time zone,
        author_id uuid,
        channel_id uuid not null,
        id uuid not null,
        content text,
        primary key (id)
    )

    create table messages (
        created_at timestamp(6) with time zone not null,
        updated_at timestamp(6) with time zone,
        author_id uuid,
        channel_id uuid not null,
        id uuid not null,
        content text,
        primary key (id)
    );
26-07-27 18:13:01.670 [main] DEBUG org.hibernate.SQL - 
    create table read_statuses (
        created_at timestamp(6) with time zone not null,
        last_read_at timestamp(6) with time zone not null,
        updated_at timestamp(6) with time zone,
        channel_id uuid not null,
        id uuid not null,
        user_id uuid not null,
        primary key (id)
    )
26-07-27 18:13:01.678 [main] INFO  p6spy - #1785143581678 | took 7ms | statement | connection 2| url jdbc:postgresql://localhost:5432/discodeit

    create table read_statuses (
        created_at timestamp(6) with time zone not null,
        last_read_at timestamp(6) with time zone not null,
        updated_at timestamp(6) with time zone,
        channel_id uuid not null,
        id uuid not null,
        user_id uuid not null,
        primary key (id)
    )

    create table read_statuses (
        created_at timestamp(6) with time zone not null,
        last_read_at timestamp(6) with time zone not null,
        updated_at timestamp(6) with time zone,
        channel_id uuid not null,
        id uuid not null,
        user_id uuid not null,
        primary key (id)
    );
26-07-27 18:13:01.678 [main] DEBUG org.hibernate.SQL - 
    create table user_statuses (
        created_at timestamp(6) with time zone not null,
        last_active_at timestamp(6) with time zone not null,
        updated_at timestamp(6) with time zone,
        id uuid not null,
        user_id uuid not null unique,
        primary key (id)
    )
26-07-27 18:13:01.681 [main] INFO  p6spy - #1785143581681 | took 2ms | statement | connection 2| url jdbc:postgresql://localhost:5432/discodeit

    create table user_statuses (
        created_at timestamp(6) with time zone not null,
        last_active_at timestamp(6) with time zone not null,
        updated_at timestamp(6) with time zone,
        id uuid not null,
        user_id uuid not null unique,
        primary key (id)
    )

    create table user_statuses (
        created_at timestamp(6) with time zone not null,
        last_active_at timestamp(6) with time zone not null,
        updated_at timestamp(6) with time zone,
        id uuid not null,
        user_id uuid not null unique,
        primary key (id)
    );
26-07-27 18:13:01.681 [main] DEBUG org.hibernate.SQL - 
    create table users (
        created_at timestamp(6) with time zone not null,
        updated_at timestamp(6) with time zone,
        id uuid not null,
        profile_id uuid unique,
        username varchar(50) not null unique,
        password varchar(60) not null,
        email varchar(100) not null unique,
        primary key (id)
    )
26-07-27 18:13:01.688 [main] INFO  p6spy - #1785143581688 | took 6ms | statement | connection 2| url jdbc:postgresql://localhost:5432/discodeit

    create table users (
        created_at timestamp(6) with time zone not null,
        updated_at timestamp(6) with time zone,
        id uuid not null,
        profile_id uuid unique,
        username varchar(50) not null unique,
        password varchar(60) not null,
        email varchar(100) not null unique,
        primary key (id)
    )

    create table users (
        created_at timestamp(6) with time zone not null,
        updated_at timestamp(6) with time zone,
        id uuid not null,
        profile_id uuid unique,
        username varchar(50) not null unique,
        password varchar(60) not null,
        email varchar(100) not null unique,
        primary key (id)
    );
26-07-27 18:13:01.688 [main] DEBUG org.hibernate.SQL - 
    alter table if exists message_attachments 
       add constraint FKsd1m8rb8jcpbcnb7rpdue7ctc 
       foreign key (attachment_id) 
       references binary_contents
26-07-27 18:13:01.692 [main] INFO  p6spy - #1785143581692 | took 3ms | statement | connection 2| url jdbc:postgresql://localhost:5432/discodeit

    alter table if exists message_attachments 
       add constraint FKsd1m8rb8jcpbcnb7rpdue7ctc 
       foreign key (attachment_id) 
       references binary_contents

    alter table if exists message_attachments 
       add constraint FKsd1m8rb8jcpbcnb7rpdue7ctc 
       foreign key (attachment_id) 
       references binary_contents;
26-07-27 18:13:01.692 [main] DEBUG org.hibernate.SQL - 
    alter table if exists message_attachments 
       add constraint FKj7twd218e2gqw9cmlhwvo1rth 
       foreign key (message_id) 
       references messages
26-07-27 18:13:01.694 [main] INFO  p6spy - #1785143581694 | took 1ms | statement | connection 2| url jdbc:postgresql://localhost:5432/discodeit

    alter table if exists message_attachments 
       add constraint FKj7twd218e2gqw9cmlhwvo1rth 
       foreign key (message_id) 
       references messages

    alter table if exists message_attachments 
       add constraint FKj7twd218e2gqw9cmlhwvo1rth 
       foreign key (message_id) 
       references messages;
26-07-27 18:13:01.694 [main] DEBUG org.hibernate.SQL - 
    alter table if exists messages 
       add constraint FKowtlim26svclkatusptbgi7u1 
       foreign key (author_id) 
       references users
26-07-27 18:13:01.699 [main] INFO  p6spy - #1785143581699 | took 4ms | statement | connection 2| url jdbc:postgresql://localhost:5432/discodeit

    alter table if exists messages 
       add constraint FKowtlim26svclkatusptbgi7u1 
       foreign key (author_id) 
       references users

    alter table if exists messages 
       add constraint FKowtlim26svclkatusptbgi7u1 
       foreign key (author_id) 
       references users;
26-07-27 18:13:01.699 [main] DEBUG org.hibernate.SQL - 
    alter table if exists messages 
       add constraint FK3u3ckbhwq9se1cmopk2pq05b2 
       foreign key (channel_id) 
       references channels
26-07-27 18:13:01.700 [main] INFO  p6spy - #1785143581700 | took 1ms | statement | connection 2| url jdbc:postgresql://localhost:5432/discodeit

    alter table if exists messages 
       add constraint FK3u3ckbhwq9se1cmopk2pq05b2 
       foreign key (channel_id) 
       references channels

    alter table if exists messages 
       add constraint FK3u3ckbhwq9se1cmopk2pq05b2 
       foreign key (channel_id) 
       references channels;
26-07-27 18:13:01.700 [main] DEBUG org.hibernate.SQL - 
    alter table if exists read_statuses 
       add constraint FKa38ri44ml4gfdpklx4ahqr8gd 
       foreign key (channel_id) 
       references channels
26-07-27 18:13:01.702 [main] INFO  p6spy - #1785143581702 | took 1ms | statement | connection 2| url jdbc:postgresql://localhost:5432/discodeit

    alter table if exists read_statuses 
       add constraint FKa38ri44ml4gfdpklx4ahqr8gd 
       foreign key (channel_id) 
       references channels

    alter table if exists read_statuses 
       add constraint FKa38ri44ml4gfdpklx4ahqr8gd 
       foreign key (channel_id) 
       references channels;
26-07-27 18:13:01.702 [main] DEBUG org.hibernate.SQL - 
    alter table if exists read_statuses 
       add constraint FKml3k4wr9sj5yxrmj6d0aoib2e 
       foreign key (user_id) 
       references users
26-07-27 18:13:01.703 [main] INFO  p6spy - #1785143581703 | took 0ms | statement | connection 2| url jdbc:postgresql://localhost:5432/discodeit

    alter table if exists read_statuses 
       add constraint FKml3k4wr9sj5yxrmj6d0aoib2e 
       foreign key (user_id) 
       references users

    alter table if exists read_statuses 
       add constraint FKml3k4wr9sj5yxrmj6d0aoib2e 
       foreign key (user_id) 
       references users;
26-07-27 18:13:01.703 [main] DEBUG org.hibernate.SQL - 
    alter table if exists user_statuses 
       add constraint FK4lfl3ei2ubchgcxrrpo3pw4mm 
       foreign key (user_id) 
       references users
26-07-27 18:13:01.704 [main] INFO  p6spy - #1785143581704 | took 1ms | statement | connection 2| url jdbc:postgresql://localhost:5432/discodeit

    alter table if exists user_statuses 
       add constraint FK4lfl3ei2ubchgcxrrpo3pw4mm 
       foreign key (user_id) 
       references users

    alter table if exists user_statuses 
       add constraint FK4lfl3ei2ubchgcxrrpo3pw4mm 
       foreign key (user_id) 
       references users;
26-07-27 18:13:01.704 [main] DEBUG org.hibernate.SQL - 
    alter table if exists users 
       add constraint FKtbudycgrip49xdptogmhfqnso 
       foreign key (profile_id) 
       references binary_contents
26-07-27 18:13:01.706 [main] INFO  p6spy - #1785143581706 | took 1ms | statement | connection 2| url jdbc:postgresql://localhost:5432/discodeit

    alter table if exists users 
       add constraint FKtbudycgrip49xdptogmhfqnso 
       foreign key (profile_id) 
       references binary_contents

    alter table if exists users 
       add constraint FKtbudycgrip49xdptogmhfqnso 
       foreign key (profile_id) 
       references binary_contents;
26-07-27 18:13:01.708 [main] INFO  o.s.o.j.LocalContainerEntityManagerFactoryBean - Initialized JPA EntityManagerFactory for persistence unit 'default'
26-07-27 18:13:01.944 [main] INFO  o.s.d.j.r.query.QueryEnhancerFactory - Hibernate is in classpath; If applicable, HQL parser will be used.
26-07-27 18:13:02.276 [main] INFO  o.s.b.a.w.s.WelcomePageHandlerMapping - Adding welcome page: class path resource [static/index.html]
26-07-27 18:13:02.581 [main] INFO  o.s.b.a.e.web.EndpointLinksResolver - Exposing 4 endpoints beneath base path '/actuator'
26-07-27 18:13:02.619 [main] INFO  o.a.coyote.http11.Http11NioProtocol - Starting ProtocolHandler ["http-nio-8081"]
26-07-27 18:13:02.627 [main] INFO  o.s.b.w.e.tomcat.TomcatWebServer - Tomcat started on port 8081 (http) with context path '/'
26-07-27 18:13:02.639 [main] INFO  c.s.m.discodeit.DiscodeitApplication - Started DiscodeitApplication in 4.979 seconds (process running for 5.582)
26-07-27 18:13:03.633 [http-nio-8081-exec-1] INFO  o.a.c.c.C.[Tomcat].[localhost].[/] - Initializing Spring DispatcherServlet 'dispatcherServlet'
26-07-27 18:13:03.633 [http-nio-8081-exec-1] INFO  o.s.web.servlet.DispatcherServlet - Initializing Servlet 'dispatcherServlet'
26-07-27 18:13:03.637 [http-nio-8081-exec-1] INFO  o.s.web.servlet.DispatcherServlet - Completed initialization in 3 ms
26-07-27 18:23:34.393 [background-preinit] INFO  o.h.validator.internal.util.Version - HV000001: Hibernate Validator 8.0.3.Final
26-07-27 18:23:34.417 [Test worker] INFO  c.s.m.d.DiscodeitApplicationTests - Starting DiscodeitApplicationTests using Java 17.0.19 with PID 38468 (started by apple in /Users/apple/Desktop/codeit-13th-develop/13-sprint-mission)
26-07-27 18:23:34.417 [Test worker] INFO  c.s.m.d.DiscodeitApplicationTests - No active profile set, falling back to 1 default profile: "default"
26-07-27 18:23:34.995 [Test worker] INFO  o.s.d.r.c.RepositoryConfigurationDelegate - Bootstrapping Spring Data JPA repositories in DEFAULT mode.
26-07-27 18:23:35.036 [Test worker] INFO  o.s.d.r.c.RepositoryConfigurationDelegate - Finished Spring Data repository scanning in 37 ms. Found 6 JPA repository interfaces.
26-07-27 18:23:35.355 [Test worker] INFO  o.h.jpa.internal.util.LogHelper - HHH000204: Processing PersistenceUnitInfo [name: default]
26-07-27 18:23:35.410 [Test worker] INFO  org.hibernate.Version - HHH000412: Hibernate ORM core version 6.6.49.Final
26-07-27 18:23:35.434 [Test worker] INFO  o.h.c.i.RegionFactoryInitiator - HHH000026: Second-level cache disabled
26-07-27 18:23:35.586 [Test worker] INFO  o.s.o.j.p.SpringPersistenceUnitInfo - No LoadTimeWeaver setup: ignoring JPA class transformer
26-07-27 18:23:35.605 [Test worker] INFO  com.zaxxer.hikari.HikariDataSource - HikariPool-1 - Starting...
26-07-27 18:23:35.705 [Test worker] INFO  com.zaxxer.hikari.pool.HikariPool - HikariPool-1 - Added connection conn0: url=jdbc:h2:mem:discodeit-test user=SA
26-07-27 18:23:35.706 [Test worker] INFO  com.zaxxer.hikari.HikariDataSource - HikariPool-1 - Start completed.
26-07-27 18:23:35.742 [Test worker] INFO  o.hibernate.orm.connections.pooling - HHH10001005: Database info:
	Database JDBC URL [Connecting through datasource 'p6SpyDataSourceDecorator [com.p6spy.engine.spy.P6DataSource] -> dataSource [com.zaxxer.hikari.HikariDataSource]']
	Database driver: undefined/unknown
	Database version: 2.3.232
	Autocommit mode: undefined/unknown
	Isolation level: undefined/unknown
	Minimum pool size: undefined/unknown
	Maximum pool size: undefined/unknown
26-07-27 18:23:36.309 [Test worker] INFO  o.h.e.t.j.p.i.JtaPlatformInitiator - HHH000489: No JTA platform available (set 'hibernate.transaction.jta.platform' to enable JTA platform integration)
26-07-27 18:23:36.316 [Test worker] DEBUG org.hibernate.SQL - 
    drop table if exists binary_contents cascade 
26-07-27 18:23:36.318 [Test worker] INFO  p6spy - #1785144216318 | took 0ms | statement | connection 1| url jdbc:h2:mem:discodeit-test

    drop table if exists binary_contents cascade 

    drop table if exists binary_contents cascade ;
26-07-27 18:23:36.318 [Test worker] DEBUG org.hibernate.SQL - 
    drop table if exists channels cascade 
26-07-27 18:23:36.318 [Test worker] INFO  p6spy - #1785144216318 | took 0ms | statement | connection 1| url jdbc:h2:mem:discodeit-test

    drop table if exists channels cascade 

    drop table if exists channels cascade ;
26-07-27 18:23:36.318 [Test worker] DEBUG org.hibernate.SQL - 
    drop table if exists message_attachments cascade 
26-07-27 18:23:36.318 [Test worker] INFO  p6spy - #1785144216318 | took 0ms | statement | connection 1| url jdbc:h2:mem:discodeit-test

    drop table if exists message_attachments cascade 

    drop table if exists message_attachments cascade ;
26-07-27 18:23:36.318 [Test worker] DEBUG org.hibernate.SQL - 
    drop table if exists messages cascade 
26-07-27 18:23:36.318 [Test worker] INFO  p6spy - #1785144216318 | took 0ms | statement | connection 1| url jdbc:h2:mem:discodeit-test

    drop table if exists messages cascade 

    drop table if exists messages cascade ;
26-07-27 18:23:36.319 [Test worker] DEBUG org.hibernate.SQL - 
    drop table if exists read_statuses cascade 
26-07-27 18:23:36.319 [Test worker] INFO  p6spy - #1785144216319 | took 0ms | statement | connection 1| url jdbc:h2:mem:discodeit-test

    drop table if exists read_statuses cascade 

    drop table if exists read_statuses cascade ;
26-07-27 18:23:36.319 [Test worker] DEBUG org.hibernate.SQL - 
    drop table if exists user_statuses cascade 
26-07-27 18:23:36.319 [Test worker] INFO  p6spy - #1785144216319 | took 0ms | statement | connection 1| url jdbc:h2:mem:discodeit-test

    drop table if exists user_statuses cascade 

    drop table if exists user_statuses cascade ;
26-07-27 18:23:36.319 [Test worker] DEBUG org.hibernate.SQL - 
    drop table if exists users cascade 
26-07-27 18:23:36.319 [Test worker] INFO  p6spy - #1785144216319 | took 0ms | statement | connection 1| url jdbc:h2:mem:discodeit-test

    drop table if exists users cascade 

    drop table if exists users cascade ;
26-07-27 18:23:36.322 [Test worker] DEBUG org.hibernate.SQL - 
    create table binary_contents (
        created_at timestamp(6) with time zone not null,
        size bigint not null,
        id uuid not null,
        content_type varchar(100) not null,
        file_name varchar(255) not null,
        primary key (id)
    )
26-07-27 18:23:36.326 [Test worker] INFO  p6spy - #1785144216326 | took 3ms | statement | connection 2| url jdbc:h2:mem:discodeit-test

    create table binary_contents (
        created_at timestamp(6) with time zone not null,
        size bigint not null,
        id uuid not null,
        content_type varchar(100) not null,
        file_name varchar(255) not null,
        primary key (id)
    )

    create table binary_contents (
        created_at timestamp(6) with time zone not null,
        size bigint not null,
        id uuid not null,
        content_type varchar(100) not null,
        file_name varchar(255) not null,
        primary key (id)
    );
26-07-27 18:23:36.327 [Test worker] DEBUG org.hibernate.SQL - 
    create table channels (
        created_at timestamp(6) with time zone not null,
        updated_at timestamp(6) with time zone,
        id uuid not null,
        name varchar(100),
        description varchar(500),
        type enum ('PRIVATE','PUBLIC') not null,
        primary key (id)
    )
26-07-27 18:23:36.328 [Test worker] INFO  p6spy - #1785144216328 | took 0ms | statement | connection 2| url jdbc:h2:mem:discodeit-test

    create table channels (
        created_at timestamp(6) with time zone not null,
        updated_at timestamp(6) with time zone,
        id uuid not null,
        name varchar(100),
        description varchar(500),
        type enum ('PRIVATE','PUBLIC') not null,
        primary key (id)
    )

    create table channels (
        created_at timestamp(6) with time zone not null,
        updated_at timestamp(6) with time zone,
        id uuid not null,
        name varchar(100),
        description varchar(500),
        type enum ('PRIVATE','PUBLIC') not null,
        primary key (id)
    );
26-07-27 18:23:36.329 [Test worker] DEBUG org.hibernate.SQL - 
    create table message_attachments (
        attachment_id uuid not null unique,
        message_id uuid not null
    )
26-07-27 18:23:36.329 [Test worker] INFO  p6spy - #1785144216329 | took 0ms | statement | connection 2| url jdbc:h2:mem:discodeit-test

    create table message_attachments (
        attachment_id uuid not null unique,
        message_id uuid not null
    )

    create table message_attachments (
        attachment_id uuid not null unique,
        message_id uuid not null
    );
26-07-27 18:23:36.330 [Test worker] DEBUG org.hibernate.SQL - 
    create table messages (
        created_at timestamp(6) with time zone not null,
        updated_at timestamp(6) with time zone,
        author_id uuid,
        channel_id uuid not null,
        id uuid not null,
        content text,
        primary key (id)
    )
26-07-27 18:23:36.331 [Test worker] INFO  p6spy - #1785144216331 | took 0ms | statement | connection 2| url jdbc:h2:mem:discodeit-test

    create table messages (
        created_at timestamp(6) with time zone not null,
        updated_at timestamp(6) with time zone,
        author_id uuid,
        channel_id uuid not null,
        id uuid not null,
        content text,
        primary key (id)
    )

    create table messages (
        created_at timestamp(6) with time zone not null,
        updated_at timestamp(6) with time zone,
        author_id uuid,
        channel_id uuid not null,
        id uuid not null,
        content text,
        primary key (id)
    );
26-07-27 18:23:36.331 [Test worker] DEBUG org.hibernate.SQL - 
    create table read_statuses (
        created_at timestamp(6) with time zone not null,
        last_read_at timestamp(6) with time zone not null,
        updated_at timestamp(6) with time zone,
        channel_id uuid not null,
        id uuid not null,
        user_id uuid not null,
        primary key (id)
    )
26-07-27 18:23:36.332 [Test worker] INFO  p6spy - #1785144216332 | took 0ms | statement | connection 2| url jdbc:h2:mem:discodeit-test

    create table read_statuses (
        created_at timestamp(6) with time zone not null,
        last_read_at timestamp(6) with time zone not null,
        updated_at timestamp(6) with time zone,
        channel_id uuid not null,
        id uuid not null,
        user_id uuid not null,
        primary key (id)
    )

    create table read_statuses (
        created_at timestamp(6) with time zone not null,
        last_read_at timestamp(6) with time zone not null,
        updated_at timestamp(6) with time zone,
        channel_id uuid not null,
        id uuid not null,
        user_id uuid not null,
        primary key (id)
    );
26-07-27 18:23:36.332 [Test worker] DEBUG org.hibernate.SQL - 
    create table user_statuses (
        created_at timestamp(6) with time zone not null,
        last_active_at timestamp(6) with time zone not null,
        updated_at timestamp(6) with time zone,
        id uuid not null,
        user_id uuid not null unique,
        primary key (id)
    )
26-07-27 18:23:36.333 [Test worker] INFO  p6spy - #1785144216333 | took 0ms | statement | connection 2| url jdbc:h2:mem:discodeit-test

    create table user_statuses (
        created_at timestamp(6) with time zone not null,
        last_active_at timestamp(6) with time zone not null,
        updated_at timestamp(6) with time zone,
        id uuid not null,
        user_id uuid not null unique,
        primary key (id)
    )

    create table user_statuses (
        created_at timestamp(6) with time zone not null,
        last_active_at timestamp(6) with time zone not null,
        updated_at timestamp(6) with time zone,
        id uuid not null,
        user_id uuid not null unique,
        primary key (id)
    );
26-07-27 18:23:36.334 [Test worker] DEBUG org.hibernate.SQL - 
    create table users (
        created_at timestamp(6) with time zone not null,
        updated_at timestamp(6) with time zone,
        id uuid not null,
        profile_id uuid unique,
        username varchar(50) not null unique,
        password varchar(60) not null,
        email varchar(100) not null unique,
        primary key (id)
    )
26-07-27 18:23:36.335 [Test worker] INFO  p6spy - #1785144216335 | took 1ms | statement | connection 2| url jdbc:h2:mem:discodeit-test

    create table users (
        created_at timestamp(6) with time zone not null,
        updated_at timestamp(6) with time zone,
        id uuid not null,
        profile_id uuid unique,
        username varchar(50) not null unique,
        password varchar(60) not null,
        email varchar(100) not null unique,
        primary key (id)
    )

    create table users (
        created_at timestamp(6) with time zone not null,
        updated_at timestamp(6) with time zone,
        id uuid not null,
        profile_id uuid unique,
        username varchar(50) not null unique,
        password varchar(60) not null,
        email varchar(100) not null unique,
        primary key (id)
    );
26-07-27 18:23:36.336 [Test worker] DEBUG org.hibernate.SQL - 
    alter table if exists message_attachments 
       add constraint FKsd1m8rb8jcpbcnb7rpdue7ctc 
       foreign key (attachment_id) 
       references binary_contents
26-07-27 18:23:36.342 [Test worker] INFO  p6spy - #1785144216342 | took 6ms | statement | connection 2| url jdbc:h2:mem:discodeit-test

    alter table if exists message_attachments 
       add constraint FKsd1m8rb8jcpbcnb7rpdue7ctc 
       foreign key (attachment_id) 
       references binary_contents

    alter table if exists message_attachments 
       add constraint FKsd1m8rb8jcpbcnb7rpdue7ctc 
       foreign key (attachment_id) 
       references binary_contents;
26-07-27 18:23:36.343 [Test worker] DEBUG org.hibernate.SQL - 
    alter table if exists message_attachments 
       add constraint FKj7twd218e2gqw9cmlhwvo1rth 
       foreign key (message_id) 
       references messages
26-07-27 18:23:36.344 [Test worker] INFO  p6spy - #1785144216344 | took 0ms | statement | connection 2| url jdbc:h2:mem:discodeit-test

    alter table if exists message_attachments 
       add constraint FKj7twd218e2gqw9cmlhwvo1rth 
       foreign key (message_id) 
       references messages

    alter table if exists message_attachments 
       add constraint FKj7twd218e2gqw9cmlhwvo1rth 
       foreign key (message_id) 
       references messages;
26-07-27 18:23:36.344 [Test worker] DEBUG org.hibernate.SQL - 
    alter table if exists messages 
       add constraint FKowtlim26svclkatusptbgi7u1 
       foreign key (author_id) 
       references users
26-07-27 18:23:36.345 [Test worker] INFO  p6spy - #1785144216345 | took 0ms | statement | connection 2| url jdbc:h2:mem:discodeit-test

    alter table if exists messages 
       add constraint FKowtlim26svclkatusptbgi7u1 
       foreign key (author_id) 
       references users

    alter table if exists messages 
       add constraint FKowtlim26svclkatusptbgi7u1 
       foreign key (author_id) 
       references users;
26-07-27 18:23:36.345 [Test worker] DEBUG org.hibernate.SQL - 
    alter table if exists messages 
       add constraint FK3u3ckbhwq9se1cmopk2pq05b2 
       foreign key (channel_id) 
       references channels
26-07-27 18:23:36.346 [Test worker] INFO  p6spy - #1785144216346 | took 0ms | statement | connection 2| url jdbc:h2:mem:discodeit-test

    alter table if exists messages 
       add constraint FK3u3ckbhwq9se1cmopk2pq05b2 
       foreign key (channel_id) 
       references channels

    alter table if exists messages 
       add constraint FK3u3ckbhwq9se1cmopk2pq05b2 
       foreign key (channel_id) 
       references channels;
26-07-27 18:23:36.346 [Test worker] DEBUG org.hibernate.SQL - 
    alter table if exists read_statuses 
       add constraint FKa38ri44ml4gfdpklx4ahqr8gd 
       foreign key (channel_id) 
       references channels
26-07-27 18:23:36.347 [Test worker] INFO  p6spy - #1785144216347 | took 0ms | statement | connection 2| url jdbc:h2:mem:discodeit-test

    alter table if exists read_statuses 
       add constraint FKa38ri44ml4gfdpklx4ahqr8gd 
       foreign key (channel_id) 
       references channels

    alter table if exists read_statuses 
       add constraint FKa38ri44ml4gfdpklx4ahqr8gd 
       foreign key (channel_id) 
       references channels;
26-07-27 18:23:36.347 [Test worker] DEBUG org.hibernate.SQL - 
    alter table if exists read_statuses 
       add constraint FKml3k4wr9sj5yxrmj6d0aoib2e 
       foreign key (user_id) 
       references users
26-07-27 18:23:36.348 [Test worker] INFO  p6spy - #1785144216348 | took 0ms | statement | connection 2| url jdbc:h2:mem:discodeit-test

    alter table if exists read_statuses 
       add constraint FKml3k4wr9sj5yxrmj6d0aoib2e 
       foreign key (user_id) 
       references users

    alter table if exists read_statuses 
       add constraint FKml3k4wr9sj5yxrmj6d0aoib2e 
       foreign key (user_id) 
       references users;
26-07-27 18:23:36.348 [Test worker] DEBUG org.hibernate.SQL - 
    alter table if exists user_statuses 
       add constraint FK4lfl3ei2ubchgcxrrpo3pw4mm 
       foreign key (user_id) 
       references users
26-07-27 18:23:36.349 [Test worker] INFO  p6spy - #1785144216349 | took 0ms | statement | connection 2| url jdbc:h2:mem:discodeit-test

    alter table if exists user_statuses 
       add constraint FK4lfl3ei2ubchgcxrrpo3pw4mm 
       foreign key (user_id) 
       references users

    alter table if exists user_statuses 
       add constraint FK4lfl3ei2ubchgcxrrpo3pw4mm 
       foreign key (user_id) 
       references users;
26-07-27 18:23:36.349 [Test worker] DEBUG org.hibernate.SQL - 
    alter table if exists users 
       add constraint FKtbudycgrip49xdptogmhfqnso 
       foreign key (profile_id) 
       references binary_contents
26-07-27 18:23:36.350 [Test worker] INFO  p6spy - #1785144216350 | took 0ms | statement | connection 2| url jdbc:h2:mem:discodeit-test

    alter table if exists users 
       add constraint FKtbudycgrip49xdptogmhfqnso 
       foreign key (profile_id) 
       references binary_contents

    alter table if exists users 
       add constraint FKtbudycgrip49xdptogmhfqnso 
       foreign key (profile_id) 
       references binary_contents;
26-07-27 18:23:36.352 [Test worker] INFO  o.s.o.j.LocalContainerEntityManagerFactoryBean - Initialized JPA EntityManagerFactory for persistence unit 'default'
26-07-27 18:23:36.590 [Test worker] INFO  o.s.d.j.r.query.QueryEnhancerFactory - Hibernate is in classpath; If applicable, HQL parser will be used.
26-07-27 18:23:37.090 [Test worker] INFO  o.s.b.a.w.s.WelcomePageHandlerMapping - Adding welcome page: class path resource [static/index.html]
26-07-27 18:23:37.406 [Test worker] INFO  o.s.b.a.e.web.EndpointLinksResolver - Exposing 4 endpoints beneath base path '/actuator'
26-07-27 18:23:37.447 [Test worker] INFO  c.s.m.d.DiscodeitApplicationTests - Started DiscodeitApplicationTests in 3.239 seconds (process running for 3.856)
26-07-27 18:23:37.861 [Test worker] INFO  c.s.m.d.c.BinaryContentController - Binary content download requested. binaryContentId=8c1be558-8f27-46fb-9d09-c6243cac26f9, fileName=요청서.png, size=3
26-07-27 18:23:37.920 [Test worker] INFO  o.s.t.c.s.AnnotationConfigContextLoaderUtils - Could not detect default configuration classes for test class [com.sprint.mission.discodeit.controller.ChannelControllerTest]: ChannelControllerTest does not declare any static, non-private, non-final, nested classes annotated with @Configuration.
26-07-27 18:23:37.956 [Test worker] INFO  o.s.b.t.c.SpringBootTestContextBootstrapper - Found @SpringBootConfiguration com.sprint.mission.discodeit.DiscodeitApplication for test class com.sprint.mission.discodeit.controller.ChannelControllerTest
26-07-27 18:23:37.990 [Test worker] INFO  c.s.m.d.c.ChannelControllerTest - Starting ChannelControllerTest using Java 17.0.19 with PID 38468 (started by apple in /Users/apple/Desktop/codeit-13th-develop/13-sprint-mission)
26-07-27 18:23:37.990 [Test worker] INFO  c.s.m.d.c.ChannelControllerTest - No active profile set, falling back to 1 default profile: "default"
26-07-27 18:23:38.250 [Test worker] INFO  o.s.b.a.w.s.WelcomePageHandlerMapping - Adding welcome page: class path resource [static/index.html]
26-07-27 18:23:38.320 [Test worker] INFO  o.s.b.t.m.w.SpringBootMockServletContext - Initializing Spring TestDispatcherServlet ''
26-07-27 18:23:38.321 [Test worker] INFO  o.s.t.w.s.TestDispatcherServlet - Initializing Servlet ''
26-07-27 18:23:38.323 [Test worker] INFO  o.s.t.w.s.TestDispatcherServlet - Completed initialization in 0 ms
26-07-27 18:23:38.334 [Test worker] INFO  c.s.m.d.c.ChannelControllerTest - Started ChannelControllerTest in 0.375 seconds (process running for 4.743)
26-07-27 18:23:38.528 [Test worker] INFO  o.s.t.c.s.AnnotationConfigContextLoaderUtils - Could not detect default configuration classes for test class [com.sprint.mission.discodeit.controller.MessageControllerTest]: MessageControllerTest does not declare any static, non-private, non-final, nested classes annotated with @Configuration.
26-07-27 18:23:38.537 [Test worker] INFO  o.s.b.t.c.SpringBootTestContextBootstrapper - Found @SpringBootConfiguration com.sprint.mission.discodeit.DiscodeitApplication for test class com.sprint.mission.discodeit.controller.MessageControllerTest
26-07-27 18:23:38.560 [Test worker] INFO  c.s.m.d.c.MessageControllerTest - Starting MessageControllerTest using Java 17.0.19 with PID 38468 (started by apple in /Users/apple/Desktop/codeit-13th-develop/13-sprint-mission)
26-07-27 18:23:38.561 [Test worker] INFO  c.s.m.d.c.MessageControllerTest - No active profile set, falling back to 1 default profile: "default"
26-07-27 18:23:38.757 [Test worker] INFO  o.s.b.a.w.s.WelcomePageHandlerMapping - Adding welcome page: class path resource [static/index.html]
26-07-27 18:23:38.797 [Test worker] INFO  o.s.b.t.m.w.SpringBootMockServletContext - Initializing Spring TestDispatcherServlet ''
26-07-27 18:23:38.797 [Test worker] INFO  o.s.t.w.s.TestDispatcherServlet - Initializing Servlet ''
26-07-27 18:23:38.797 [Test worker] INFO  o.s.t.w.s.TestDispatcherServlet - Completed initialization in 0 ms
26-07-27 18:23:38.803 [Test worker] INFO  c.s.m.d.c.MessageControllerTest - Started MessageControllerTest in 0.264 seconds (process running for 5.212)
26-07-27 18:23:38.860 [Test worker] INFO  o.s.t.c.s.AnnotationConfigContextLoaderUtils - Could not detect default configuration classes for test class [com.sprint.mission.discodeit.controller.UserControllerTest]: UserControllerTest does not declare any static, non-private, non-final, nested classes annotated with @Configuration.
26-07-27 18:23:38.868 [Test worker] INFO  o.s.b.t.c.SpringBootTestContextBootstrapper - Found @SpringBootConfiguration com.sprint.mission.discodeit.DiscodeitApplication for test class com.sprint.mission.discodeit.controller.UserControllerTest
26-07-27 18:23:38.887 [Test worker] INFO  c.s.m.d.c.UserControllerTest - Starting UserControllerTest using Java 17.0.19 with PID 38468 (started by apple in /Users/apple/Desktop/codeit-13th-develop/13-sprint-mission)
26-07-27 18:23:38.887 [Test worker] INFO  c.s.m.d.c.UserControllerTest - No active profile set, falling back to 1 default profile: "default"
26-07-27 18:23:39.112 [Test worker] INFO  o.s.b.a.w.s.WelcomePageHandlerMapping - Adding welcome page: class path resource [static/index.html]
26-07-27 18:23:39.165 [Test worker] INFO  o.s.b.t.m.w.SpringBootMockServletContext - Initializing Spring TestDispatcherServlet ''
26-07-27 18:23:39.165 [Test worker] INFO  o.s.t.w.s.TestDispatcherServlet - Initializing Servlet ''
26-07-27 18:23:39.165 [Test worker] INFO  o.s.t.w.s.TestDispatcherServlet - Completed initialization in 0 ms
26-07-27 18:23:39.175 [Test worker] INFO  c.s.m.d.c.UserControllerTest - Started UserControllerTest in 0.305 seconds (process running for 5.584)
26-07-27 18:23:39.223 [Test worker] INFO  o.s.t.c.s.AnnotationConfigContextLoaderUtils - Could not detect default configuration classes for test class [com.sprint.mission.discodeit.integration.ChannelApiIntegrationTest]: ChannelApiIntegrationTest does not declare any static, non-private, non-final, nested classes annotated with @Configuration.
26-07-27 18:23:39.233 [Test worker] INFO  o.s.b.t.c.SpringBootTestContextBootstrapper - Found @SpringBootConfiguration com.sprint.mission.discodeit.DiscodeitApplication for test class com.sprint.mission.discodeit.integration.ChannelApiIntegrationTest
26-07-27 18:23:39.255 [Test worker] INFO  c.s.m.d.i.ChannelApiIntegrationTest - Starting ChannelApiIntegrationTest using Java 17.0.19 with PID 38468 (started by apple in /Users/apple/Desktop/codeit-13th-develop/13-sprint-mission)
26-07-27 18:23:39.256 [Test worker] DEBUG c.s.m.d.i.ChannelApiIntegrationTest - Running with Spring Boot v3.5.14, Spring v6.2.18
26-07-27 18:23:39.256 [Test worker] INFO  c.s.m.d.i.ChannelApiIntegrationTest - The following 1 profile is active: "test"
26-07-27 18:23:39.557 [Test worker] INFO  o.s.d.r.c.RepositoryConfigurationDelegate - Bootstrapping Spring Data JPA repositories in DEFAULT mode.
26-07-27 18:23:39.577 [Test worker] INFO  o.s.d.r.c.RepositoryConfigurationDelegate - Finished Spring Data repository scanning in 18 ms. Found 6 JPA repository interfaces.
26-07-27 18:23:39.679 [Test worker] INFO  c.g.g.b.j.d.p6spy.P6SpyConfiguration - P6Spy modulelist is overridden, some p6spy configuration features will not be applied
26-07-27 18:23:39.716 [Test worker] INFO  o.h.jpa.internal.util.LogHelper - HHH000204: Processing PersistenceUnitInfo [name: default]
26-07-27 18:23:39.726 [Test worker] INFO  o.h.c.i.RegionFactoryInitiator - HHH000026: Second-level cache disabled
26-07-27 18:23:39.735 [Test worker] INFO  o.s.o.j.p.SpringPersistenceUnitInfo - No LoadTimeWeaver setup: ignoring JPA class transformer
26-07-27 18:23:39.737 [Test worker] INFO  com.zaxxer.hikari.HikariDataSource - HikariPool-2 - Starting...
26-07-27 18:23:39.738 [Test worker] INFO  com.zaxxer.hikari.pool.HikariPool - HikariPool-2 - Added connection conn10: url=jdbc:h2:mem:discodeit-test user=SA
26-07-27 18:23:39.738 [Test worker] INFO  com.zaxxer.hikari.HikariDataSource - HikariPool-2 - Start completed.
26-07-27 18:23:39.738 [Test worker] INFO  o.hibernate.orm.connections.pooling - HHH10001005: Database info:
	Database JDBC URL [Connecting through datasource 'p6SpyDataSourceDecorator [com.p6spy.engine.spy.P6DataSource] -> dataSource [com.zaxxer.hikari.HikariDataSource]']
	Database driver: undefined/unknown
	Database version: 2.3.232
	Autocommit mode: undefined/unknown
	Isolation level: undefined/unknown
	Minimum pool size: undefined/unknown
	Maximum pool size: undefined/unknown
26-07-27 18:23:39.801 [Test worker] INFO  o.h.e.t.j.p.i.JtaPlatformInitiator - HHH000489: No JTA platform available (set 'hibernate.transaction.jta.platform' to enable JTA platform integration)
26-07-27 18:23:39.801 [Test worker] DEBUG org.hibernate.SQL - 
    drop table if exists binary_contents cascade 
26-07-27 18:23:39.803 [Test worker] INFO  p6spy - #1785144219803 | took 1ms | statement | connection 4| url jdbc:h2:mem:discodeit-test

    drop table if exists binary_contents cascade 

    drop table if exists binary_contents cascade ;
26-07-27 18:23:39.803 [Test worker] DEBUG org.hibernate.SQL - 
    drop table if exists channels cascade 
26-07-27 18:23:39.805 [Test worker] INFO  p6spy - #1785144219805 | took 1ms | statement | connection 4| url jdbc:h2:mem:discodeit-test

    drop table if exists channels cascade 

    drop table if exists channels cascade ;
26-07-27 18:23:39.805 [Test worker] DEBUG org.hibernate.SQL - 
    drop table if exists message_attachments cascade 
26-07-27 18:23:39.806 [Test worker] INFO  p6spy - #1785144219806 | took 0ms | statement | connection 4| url jdbc:h2:mem:discodeit-test

    drop table if exists message_attachments cascade 

    drop table if exists message_attachments cascade ;
26-07-27 18:23:39.806 [Test worker] DEBUG org.hibernate.SQL - 
    drop table if exists messages cascade 
26-07-27 18:23:39.806 [Test worker] INFO  p6spy - #1785144219806 | took 0ms | statement | connection 4| url jdbc:h2:mem:discodeit-test

    drop table if exists messages cascade 

    drop table if exists messages cascade ;
26-07-27 18:23:39.806 [Test worker] DEBUG org.hibernate.SQL - 
    drop table if exists read_statuses cascade 
26-07-27 18:23:39.807 [Test worker] INFO  p6spy - #1785144219807 | took 0ms | statement | connection 4| url jdbc:h2:mem:discodeit-test

    drop table if exists read_statuses cascade 

    drop table if exists read_statuses cascade ;
26-07-27 18:23:39.807 [Test worker] DEBUG org.hibernate.SQL - 
    drop table if exists user_statuses cascade 
26-07-27 18:23:39.807 [Test worker] INFO  p6spy - #1785144219807 | took 0ms | statement | connection 4| url jdbc:h2:mem:discodeit-test

    drop table if exists user_statuses cascade 

    drop table if exists user_statuses cascade ;
26-07-27 18:23:39.808 [Test worker] DEBUG org.hibernate.SQL - 
    drop table if exists users cascade 
26-07-27 18:23:39.808 [Test worker] INFO  p6spy - #1785144219808 | took 0ms | statement | connection 4| url jdbc:h2:mem:discodeit-test

    drop table if exists users cascade 

    drop table if exists users cascade ;
26-07-27 18:23:39.808 [Test worker] DEBUG org.hibernate.SQL - 
    create table binary_contents (
        created_at timestamp(6) with time zone not null,
        size bigint not null,
        id uuid not null,
        content_type varchar(100) not null,
        file_name varchar(255) not null,
        primary key (id)
    )
26-07-27 18:23:39.809 [Test worker] INFO  p6spy - #1785144219809 | took 0ms | statement | connection 5| url jdbc:h2:mem:discodeit-test

    create table binary_contents (
        created_at timestamp(6) with time zone not null,
        size bigint not null,
        id uuid not null,
        content_type varchar(100) not null,
        file_name varchar(255) not null,
        primary key (id)
    )

    create table binary_contents (
        created_at timestamp(6) with time zone not null,
        size bigint not null,
        id uuid not null,
        content_type varchar(100) not null,
        file_name varchar(255) not null,
        primary key (id)
    );
26-07-27 18:23:39.810 [Test worker] DEBUG org.hibernate.SQL - 
    create table channels (
        created_at timestamp(6) with time zone not null,
        updated_at timestamp(6) with time zone,
        id uuid not null,
        name varchar(100),
        description varchar(500),
        type enum ('PRIVATE','PUBLIC') not null,
        primary key (id)
    )
26-07-27 18:23:39.811 [Test worker] INFO  p6spy - #1785144219810 | took 0ms | statement | connection 5| url jdbc:h2:mem:discodeit-test

    create table channels (
        created_at timestamp(6) with time zone not null,
        updated_at timestamp(6) with time zone,
        id uuid not null,
        name varchar(100),
        description varchar(500),
        type enum ('PRIVATE','PUBLIC') not null,
        primary key (id)
    )

    create table channels (
        created_at timestamp(6) with time zone not null,
        updated_at timestamp(6) with time zone,
        id uuid not null,
        name varchar(100),
        description varchar(500),
        type enum ('PRIVATE','PUBLIC') not null,
        primary key (id)
    );
26-07-27 18:23:39.811 [Test worker] DEBUG org.hibernate.SQL - 
    create table message_attachments (
        attachment_id uuid not null unique,
        message_id uuid not null
    )
26-07-27 18:23:39.811 [Test worker] INFO  p6spy - #1785144219811 | took 0ms | statement | connection 5| url jdbc:h2:mem:discodeit-test

    create table message_attachments (
        attachment_id uuid not null unique,
        message_id uuid not null
    )

    create table message_attachments (
        attachment_id uuid not null unique,
        message_id uuid not null
    );
26-07-27 18:23:39.811 [Test worker] DEBUG org.hibernate.SQL - 
    create table messages (
        created_at timestamp(6) with time zone not null,
        updated_at timestamp(6) with time zone,
        author_id uuid,
        channel_id uuid not null,
        id uuid not null,
        content text,
        primary key (id)
    )
26-07-27 18:23:39.812 [Test worker] INFO  p6spy - #1785144219812 | took 0ms | statement | connection 5| url jdbc:h2:mem:discodeit-test

    create table messages (
        created_at timestamp(6) with time zone not null,
        updated_at timestamp(6) with time zone,
        author_id uuid,
        channel_id uuid not null,
        id uuid not null,
        content text,
        primary key (id)
    )

    create table messages (
        created_at timestamp(6) with time zone not null,
        updated_at timestamp(6) with time zone,
        author_id uuid,
        channel_id uuid not null,
        id uuid not null,
        content text,
        primary key (id)
    );
26-07-27 18:23:39.812 [Test worker] DEBUG org.hibernate.SQL - 
    create table read_statuses (
        created_at timestamp(6) with time zone not null,
        last_read_at timestamp(6) with time zone not null,
        updated_at timestamp(6) with time zone,
        channel_id uuid not null,
        id uuid not null,
        user_id uuid not null,
        primary key (id)
    )
26-07-27 18:23:39.813 [Test worker] INFO  p6spy - #1785144219813 | took 0ms | statement | connection 5| url jdbc:h2:mem:discodeit-test

    create table read_statuses (
        created_at timestamp(6) with time zone not null,
        last_read_at timestamp(6) with time zone not null,
        updated_at timestamp(6) with time zone,
        channel_id uuid not null,
        id uuid not null,
        user_id uuid not null,
        primary key (id)
    )

    create table read_statuses (
        created_at timestamp(6) with time zone not null,
        last_read_at timestamp(6) with time zone not null,
        updated_at timestamp(6) with time zone,
        channel_id uuid not null,
        id uuid not null,
        user_id uuid not null,
        primary key (id)
    );
26-07-27 18:23:39.814 [Test worker] DEBUG org.hibernate.SQL - 
    create table user_statuses (
        created_at timestamp(6) with time zone not null,
        last_active_at timestamp(6) with time zone not null,
        updated_at timestamp(6) with time zone,
        id uuid not null,
        user_id uuid not null unique,
        primary key (id)
    )
26-07-27 18:23:39.815 [Test worker] INFO  p6spy - #1785144219815 | took 0ms | statement | connection 5| url jdbc:h2:mem:discodeit-test

    create table user_statuses (
        created_at timestamp(6) with time zone not null,
        last_active_at timestamp(6) with time zone not null,
        updated_at timestamp(6) with time zone,
        id uuid not null,
        user_id uuid not null unique,
        primary key (id)
    )

    create table user_statuses (
        created_at timestamp(6) with time zone not null,
        last_active_at timestamp(6) with time zone not null,
        updated_at timestamp(6) with time zone,
        id uuid not null,
        user_id uuid not null unique,
        primary key (id)
    );
26-07-27 18:23:39.815 [Test worker] DEBUG org.hibernate.SQL - 
    create table users (
        created_at timestamp(6) with time zone not null,
        updated_at timestamp(6) with time zone,
        id uuid not null,
        profile_id uuid unique,
        username varchar(50) not null unique,
        password varchar(60) not null,
        email varchar(100) not null unique,
        primary key (id)
    )
26-07-27 18:23:39.816 [Test worker] INFO  p6spy - #1785144219816 | took 0ms | statement | connection 5| url jdbc:h2:mem:discodeit-test

    create table users (
        created_at timestamp(6) with time zone not null,
        updated_at timestamp(6) with time zone,
        id uuid not null,
        profile_id uuid unique,
        username varchar(50) not null unique,
        password varchar(60) not null,
        email varchar(100) not null unique,
        primary key (id)
    )

    create table users (
        created_at timestamp(6) with time zone not null,
        updated_at timestamp(6) with time zone,
        id uuid not null,
        profile_id uuid unique,
        username varchar(50) not null unique,
        password varchar(60) not null,
        email varchar(100) not null unique,
        primary key (id)
    );
26-07-27 18:23:39.816 [Test worker] DEBUG org.hibernate.SQL - 
    alter table if exists message_attachments 
       add constraint FKsd1m8rb8jcpbcnb7rpdue7ctc 
       foreign key (attachment_id) 
       references binary_contents
26-07-27 18:23:39.817 [Test worker] INFO  p6spy - #1785144219817 | took 0ms | statement | connection 5| url jdbc:h2:mem:discodeit-test

    alter table if exists message_attachments 
       add constraint FKsd1m8rb8jcpbcnb7rpdue7ctc 
       foreign key (attachment_id) 
       references binary_contents

    alter table if exists message_attachments 
       add constraint FKsd1m8rb8jcpbcnb7rpdue7ctc 
       foreign key (attachment_id) 
       references binary_contents;
26-07-27 18:23:39.817 [Test worker] DEBUG org.hibernate.SQL - 
    alter table if exists message_attachments 
       add constraint FKj7twd218e2gqw9cmlhwvo1rth 
       foreign key (message_id) 
       references messages
26-07-27 18:23:39.818 [Test worker] INFO  p6spy - #1785144219818 | took 0ms | statement | connection 5| url jdbc:h2:mem:discodeit-test

    alter table if exists message_attachments 
       add constraint FKj7twd218e2gqw9cmlhwvo1rth 
       foreign key (message_id) 
       references messages

    alter table if exists message_attachments 
       add constraint FKj7twd218e2gqw9cmlhwvo1rth 
       foreign key (message_id) 
       references messages;
26-07-27 18:23:39.818 [Test worker] DEBUG org.hibernate.SQL - 
    alter table if exists messages 
       add constraint FKowtlim26svclkatusptbgi7u1 
       foreign key (author_id) 
       references users
26-07-27 18:23:39.819 [Test worker] INFO  p6spy - #1785144219819 | took 0ms | statement | connection 5| url jdbc:h2:mem:discodeit-test

    alter table if exists messages 
       add constraint FKowtlim26svclkatusptbgi7u1 
       foreign key (author_id) 
       references users

    alter table if exists messages 
       add constraint FKowtlim26svclkatusptbgi7u1 
       foreign key (author_id) 
       references users;
26-07-27 18:23:39.820 [Test worker] DEBUG org.hibernate.SQL - 
    alter table if exists messages 
       add constraint FK3u3ckbhwq9se1cmopk2pq05b2 
       foreign key (channel_id) 
       references channels
26-07-27 18:23:39.821 [Test worker] INFO  p6spy - #1785144219821 | took 0ms | statement | connection 5| url jdbc:h2:mem:discodeit-test

    alter table if exists messages 
       add constraint FK3u3ckbhwq9se1cmopk2pq05b2 
       foreign key (channel_id) 
       references channels

    alter table if exists messages 
       add constraint FK3u3ckbhwq9se1cmopk2pq05b2 
       foreign key (channel_id) 
       references channels;
26-07-27 18:23:39.821 [Test worker] DEBUG org.hibernate.SQL - 
    alter table if exists read_statuses 
       add constraint FKa38ri44ml4gfdpklx4ahqr8gd 
       foreign key (channel_id) 
       references channels
26-07-27 18:23:39.822 [Test worker] INFO  p6spy - #1785144219822 | took 0ms | statement | connection 5| url jdbc:h2:mem:discodeit-test

    alter table if exists read_statuses 
       add constraint FKa38ri44ml4gfdpklx4ahqr8gd 
       foreign key (channel_id) 
       references channels

    alter table if exists read_statuses 
       add constraint FKa38ri44ml4gfdpklx4ahqr8gd 
       foreign key (channel_id) 
       references channels;
26-07-27 18:23:39.822 [Test worker] DEBUG org.hibernate.SQL - 
    alter table if exists read_statuses 
       add constraint FKml3k4wr9sj5yxrmj6d0aoib2e 
       foreign key (user_id) 
       references users
26-07-27 18:23:39.823 [Test worker] INFO  p6spy - #1785144219823 | took 0ms | statement | connection 5| url jdbc:h2:mem:discodeit-test

    alter table if exists read_statuses 
       add constraint FKml3k4wr9sj5yxrmj6d0aoib2e 
       foreign key (user_id) 
       references users

    alter table if exists read_statuses 
       add constraint FKml3k4wr9sj5yxrmj6d0aoib2e 
       foreign key (user_id) 
       references users;
26-07-27 18:23:39.823 [Test worker] DEBUG org.hibernate.SQL - 
    alter table if exists user_statuses 
       add constraint FK4lfl3ei2ubchgcxrrpo3pw4mm 
       foreign key (user_id) 
       references users
26-07-27 18:23:39.823 [Test worker] INFO  p6spy - #1785144219823 | took 0ms | statement | connection 5| url jdbc:h2:mem:discodeit-test

    alter table if exists user_statuses 
       add constraint FK4lfl3ei2ubchgcxrrpo3pw4mm 
       foreign key (user_id) 
       references users

    alter table if exists user_statuses 
       add constraint FK4lfl3ei2ubchgcxrrpo3pw4mm 
       foreign key (user_id) 
       references users;
26-07-27 18:23:39.824 [Test worker] DEBUG org.hibernate.SQL - 
    alter table if exists users 
       add constraint FKtbudycgrip49xdptogmhfqnso 
       foreign key (profile_id) 
       references binary_contents
26-07-27 18:23:39.824 [Test worker] INFO  p6spy - #1785144219824 | took 0ms | statement | connection 5| url jdbc:h2:mem:discodeit-test

    alter table if exists users 
       add constraint FKtbudycgrip49xdptogmhfqnso 
       foreign key (profile_id) 
       references binary_contents

    alter table if exists users 
       add constraint FKtbudycgrip49xdptogmhfqnso 
       foreign key (profile_id) 
       references binary_contents;
26-07-27 18:23:39.825 [Test worker] INFO  o.s.o.j.LocalContainerEntityManagerFactoryBean - Initialized JPA EntityManagerFactory for persistence unit 'default'
26-07-27 18:23:40.159 [Test worker] INFO  o.s.b.a.w.s.WelcomePageHandlerMapping - Adding welcome page: class path resource [static/index.html]
26-07-27 18:23:40.636 [Test worker] INFO  o.s.b.t.m.w.SpringBootMockServletContext - Initializing Spring TestDispatcherServlet ''
26-07-27 18:23:40.637 [Test worker] INFO  o.s.t.w.s.TestDispatcherServlet - Initializing Servlet ''
26-07-27 18:23:40.644 [Test worker] INFO  o.s.b.a.e.web.EndpointLinksResolver - Exposing 4 endpoints beneath base path '/actuator'
26-07-27 18:23:40.660 [Test worker] INFO  o.s.t.w.s.TestDispatcherServlet - Completed initialization in 23 ms
26-07-27 18:23:40.710 [Test worker] INFO  c.s.m.d.i.ChannelApiIntegrationTest - Started ChannelApiIntegrationTest in 1.475 seconds (process running for 7.119)
26-07-27 18:23:40.767 [Test worker] DEBUG c.s.m.d.s.basic.BasicUserService - Creating user. username=buzz, email=buzz@codeit.com, hasProfileImage=false
26-07-27 18:23:40.823 [Test worker] DEBUG org.hibernate.SQL - 
    select
        u1_0.id 
    from
        users u1_0 
    where
        u1_0.username=? 
        or u1_0.email=? 
    fetch
        first ? rows only
26-07-27 18:23:40.828 [Test worker] TRACE org.hibernate.orm.jdbc.bind - binding parameter (1:VARCHAR) <- [buzz]
26-07-27 18:23:40.828 [Test worker] TRACE org.hibernate.orm.jdbc.bind - binding parameter (2:VARCHAR) <- [buzz@codeit.com]
26-07-27 18:23:40.829 [Test worker] TRACE org.hibernate.orm.jdbc.bind - binding parameter (3:INTEGER) <- [1]
26-07-27 18:23:40.833 [Test worker] INFO  p6spy - #1785144220833 | took 4ms | statement | connection 6| url jdbc:h2:mem:discodeit-test
select u1_0.id from users u1_0 where u1_0.username=? or u1_0.email=? fetch first ? rows only
select u1_0.id from users u1_0 where u1_0.username='buzz' or u1_0.email='buzz@codeit.com' fetch first 1 rows only;
26-07-27 18:23:40.883 [Test worker] DEBUG org.hibernate.SQL - 
    insert 
    into
        users
        (created_at, email, password, profile_id, updated_at, username, id) 
    values
        (?, ?, ?, ?, ?, ?, ?)
26-07-27 18:23:40.887 [Test worker] TRACE org.hibernate.orm.jdbc.bind - binding parameter (1:TIMESTAMP_UTC) <- [2026-07-27T09:23:40.863038Z]
26-07-27 18:23:40.892 [Test worker] TRACE org.hibernate.orm.jdbc.bind - binding parameter (2:VARCHAR) <- [buzz@codeit.com]
26-07-27 18:23:40.892 [Test worker] TRACE org.hibernate.orm.jdbc.bind - binding parameter (3:VARCHAR) <- [password1]
26-07-27 18:23:40.892 [Test worker] TRACE org.hibernate.orm.jdbc.bind - binding parameter (4:UUID) <- [null]
26-07-27 18:23:40.892 [Test worker] TRACE org.hibernate.orm.jdbc.bind - binding parameter (5:TIMESTAMP_UTC) <- [2026-07-27T09:23:40.863038Z]
26-07-27 18:23:40.893 [Test worker] TRACE org.hibernate.orm.jdbc.bind - binding parameter (6:VARCHAR) <- [buzz]
26-07-27 18:23:40.893 [Test worker] TRACE org.hibernate.orm.jdbc.bind - binding parameter (7:UUID) <- [367dfe63-4de7-4c03-ac29-178c8e6b4e09]
26-07-27 18:23:40.895 [Test worker] INFO  p6spy - #1785144220895 | took 0ms | statement | connection 6| url jdbc:h2:mem:discodeit-test
insert into users (created_at,email,password,profile_id,updated_at,username,id) values (?,?,?,?,?,?,?)
insert into users (created_at,email,password,profile_id,updated_at,username,id) values ('2026-07-27T09:23:40.863038Z','buzz@codeit.com','password1',NULL,'2026-07-27T09:23:40.863038Z','buzz','367dfe63-4de7-4c03-ac29-178c8e6b4e09');
26-07-27 18:23:40.903 [Test worker] INFO  c.s.m.d.s.basic.BasicUserService - User created. userId=367dfe63-4de7-4c03-ac29-178c8e6b4e09, username=buzz
26-07-27 18:23:40.940 [Test worker] DEBUG c.s.m.d.s.basic.BasicChannelService - Creating private channel. participantCount=1
26-07-27 18:23:40.951 [Test worker] INFO  c.s.m.d.s.basic.BasicChannelService - Private channel created. channelId=b3421837-2144-4bda-9596-841ae24a6b88, participantCount=1
26-07-27 18:23:40.959 [Test worker] DEBUG org.hibernate.SQL - 
    insert 
    into
        user_statuses
        (created_at, last_active_at, updated_at, user_id, id) 
    values
        (?, ?, ?, ?, ?)
26-07-27 18:23:40.959 [Test worker] TRACE org.hibernate.orm.jdbc.bind - binding parameter (1:TIMESTAMP_UTC) <- [2026-07-27T09:23:40.899716Z]
26-07-27 18:23:40.959 [Test worker] TRACE org.hibernate.orm.jdbc.bind - binding parameter (2:TIMESTAMP_UTC) <- [2026-07-27T09:23:40.897622Z]
26-07-27 18:23:40.959 [Test worker] TRACE org.hibernate.orm.jdbc.bind - binding parameter (3:TIMESTAMP_UTC) <- [2026-07-27T09:23:40.899716Z]
26-07-27 18:23:40.960 [Test worker] TRACE org.hibernate.orm.jdbc.bind - binding parameter (4:UUID) <- [367dfe63-4de7-4c03-ac29-178c8e6b4e09]
26-07-27 18:23:40.960 [Test worker] TRACE org.hibernate.orm.jdbc.bind - binding parameter (5:UUID) <- [07d04fd0-5440-4145-bab1-7563d13ed2e1]
26-07-27 18:23:40.963 [Test worker] INFO  p6spy - #1785144220963 | took 3ms | statement | connection 6| url jdbc:h2:mem:discodeit-test
insert into user_statuses (created_at,last_active_at,updated_at,user_id,id) values (?,?,?,?,?)
insert into user_statuses (created_at,last_active_at,updated_at,user_id,id) values ('2026-07-27T09:23:40.899716Z','2026-07-27T09:23:40.897622Z','2026-07-27T09:23:40.899716Z','367dfe63-4de7-4c03-ac29-178c8e6b4e09','07d04fd0-5440-4145-bab1-7563d13ed2e1');
26-07-27 18:23:40.964 [Test worker] DEBUG org.hibernate.SQL - 
    insert 
    into
        channels
        (created_at, description, name, type, updated_at, id) 
    values
        (?, ?, ?, ?, ?, ?)
26-07-27 18:23:40.964 [Test worker] TRACE org.hibernate.orm.jdbc.bind - binding parameter (1:TIMESTAMP_UTC) <- [2026-07-27T09:23:40.943360Z]
26-07-27 18:23:40.964 [Test worker] TRACE org.hibernate.orm.jdbc.bind - binding parameter (2:VARCHAR) <- [null]
26-07-27 18:23:40.964 [Test worker] TRACE org.hibernate.orm.jdbc.bind - binding parameter (3:VARCHAR) <- [null]
26-07-27 18:23:40.964 [Test worker] TRACE org.hibernate.orm.jdbc.bind - binding parameter (4:ENUM) <- [PRIVATE]
26-07-27 18:23:40.965 [Test worker] TRACE org.hibernate.orm.jdbc.bind - binding parameter (5:TIMESTAMP_UTC) <- [2026-07-27T09:23:40.943360Z]
26-07-27 18:23:40.965 [Test worker] TRACE org.hibernate.orm.jdbc.bind - binding parameter (6:UUID) <- [b3421837-2144-4bda-9596-841ae24a6b88]
26-07-27 18:23:40.965 [Test worker] INFO  p6spy - #1785144220965 | took 0ms | statement | connection 6| url jdbc:h2:mem:discodeit-test
insert into channels (created_at,description,name,type,updated_at,id) values (?,?,?,?,?,?)
insert into channels (created_at,description,name,type,updated_at,id) values ('2026-07-27T09:23:40.943360Z',NULL,NULL,'PRIVATE','2026-07-27T09:23:40.943360Z','b3421837-2144-4bda-9596-841ae24a6b88');
26-07-27 18:23:40.965 [Test worker] DEBUG org.hibernate.SQL - 
    insert 
    into
        read_statuses
        (channel_id, created_at, last_read_at, updated_at, user_id, id) 
    values
        (?, ?, ?, ?, ?, ?)
26-07-27 18:23:40.966 [Test worker] TRACE org.hibernate.orm.jdbc.bind - binding parameter (1:UUID) <- [b3421837-2144-4bda-9596-841ae24a6b88]
26-07-27 18:23:40.966 [Test worker] TRACE org.hibernate.orm.jdbc.bind - binding parameter (2:TIMESTAMP_UTC) <- [2026-07-27T09:23:40.948407Z]
26-07-27 18:23:40.966 [Test worker] TRACE org.hibernate.orm.jdbc.bind - binding parameter (3:TIMESTAMP_UTC) <- [2026-07-27T09:23:40.947251Z]
26-07-27 18:23:40.966 [Test worker] TRACE org.hibernate.orm.jdbc.bind - binding parameter (4:TIMESTAMP_UTC) <- [2026-07-27T09:23:40.948407Z]
26-07-27 18:23:40.966 [Test worker] TRACE org.hibernate.orm.jdbc.bind - binding parameter (5:UUID) <- [367dfe63-4de7-4c03-ac29-178c8e6b4e09]
26-07-27 18:23:40.966 [Test worker] TRACE org.hibernate.orm.jdbc.bind - binding parameter (6:UUID) <- [127a0578-7c7a-4b9d-996c-d1055b36f28b]
26-07-27 18:23:40.966 [Test worker] INFO  p6spy - #1785144220966 | took 0ms | statement | connection 6| url jdbc:h2:mem:discodeit-test
insert into read_statuses (channel_id,created_at,last_read_at,updated_at,user_id,id) values (?,?,?,?,?,?)
insert into read_statuses (channel_id,created_at,last_read_at,updated_at,user_id,id) values ('b3421837-2144-4bda-9596-841ae24a6b88','2026-07-27T09:23:40.948407Z','2026-07-27T09:23:40.947251Z','2026-07-27T09:23:40.948407Z','367dfe63-4de7-4c03-ac29-178c8e6b4e09','127a0578-7c7a-4b9d-996c-d1055b36f28b');
26-07-27 18:23:40.967 [Test worker] DEBUG org.hibernate.SQL - 
    select
        m1_0.id,
        m1_0.author_id,
        m1_0.channel_id,
        m1_0.content,
        m1_0.created_at,
        m1_0.updated_at 
    from
        messages m1_0 
    left join
        channels c1_0 
            on c1_0.id=m1_0.channel_id 
    where
        c1_0.id=?
26-07-27 18:23:40.967 [Test worker] TRACE org.hibernate.orm.jdbc.bind - binding parameter (1:UUID) <- [b3421837-2144-4bda-9596-841ae24a6b88]
26-07-27 18:23:40.968 [Test worker] INFO  p6spy - #1785144220968 | took 0ms | statement | connection 6| url jdbc:h2:mem:discodeit-test
select m1_0.id,m1_0.author_id,m1_0.channel_id,m1_0.content,m1_0.created_at,m1_0.updated_at from messages m1_0 left join channels c1_0 on c1_0.id=m1_0.channel_id where c1_0.id=?
select m1_0.id,m1_0.author_id,m1_0.channel_id,m1_0.content,m1_0.created_at,m1_0.updated_at from messages m1_0 left join channels c1_0 on c1_0.id=m1_0.channel_id where c1_0.id='b3421837-2144-4bda-9596-841ae24a6b88';
26-07-27 18:23:40.979 [Test worker] DEBUG org.hibernate.SQL - 
    select
        rs1_0.id,
        rs1_0.channel_id,
        rs1_0.created_at,
        rs1_0.last_read_at,
        rs1_0.updated_at,
        rs1_0.user_id 
    from
        read_statuses rs1_0 
    left join
        channels c1_0 
            on c1_0.id=rs1_0.channel_id 
    where
        c1_0.id=?
26-07-27 18:23:40.980 [Test worker] TRACE org.hibernate.orm.jdbc.bind - binding parameter (1:UUID) <- [b3421837-2144-4bda-9596-841ae24a6b88]
26-07-27 18:23:40.980 [Test worker] INFO  p6spy - #1785144220980 | took 0ms | statement | connection 6| url jdbc:h2:mem:discodeit-test
select rs1_0.id,rs1_0.channel_id,rs1_0.created_at,rs1_0.last_read_at,rs1_0.updated_at,rs1_0.user_id from read_statuses rs1_0 left join channels c1_0 on c1_0.id=rs1_0.channel_id where c1_0.id=?
select rs1_0.id,rs1_0.channel_id,rs1_0.created_at,rs1_0.last_read_at,rs1_0.updated_at,rs1_0.user_id from read_statuses rs1_0 left join channels c1_0 on c1_0.id=rs1_0.channel_id where c1_0.id='b3421837-2144-4bda-9596-841ae24a6b88';
26-07-27 18:23:40.993 [Test worker] INFO  p6spy - #1785144220993 | took 0ms | rollback | connection 6| url jdbc:h2:mem:discodeit-test

;
26-07-27 18:23:41.004 [Test worker] DEBUG c.s.m.d.s.basic.BasicChannelService - Creating public channel. name=notice
26-07-27 18:23:41.005 [Test worker] INFO  c.s.m.d.s.basic.BasicChannelService - Public channel created. channelId=55d39a1c-f845-44c2-adaa-24e8536997bb, name=notice
26-07-27 18:23:41.006 [Test worker] DEBUG org.hibernate.SQL - 
    insert 
    into
        channels
        (created_at, description, name, type, updated_at, id) 
    values
        (?, ?, ?, ?, ?, ?)
26-07-27 18:23:41.007 [Test worker] TRACE org.hibernate.orm.jdbc.bind - binding parameter (1:TIMESTAMP_UTC) <- [2026-07-27T09:23:41.005285Z]
26-07-27 18:23:41.007 [Test worker] TRACE org.hibernate.orm.jdbc.bind - binding parameter (2:VARCHAR) <- [notice channel]
26-07-27 18:23:41.007 [Test worker] TRACE org.hibernate.orm.jdbc.bind - binding parameter (3:VARCHAR) <- [notice]
26-07-27 18:23:41.007 [Test worker] TRACE org.hibernate.orm.jdbc.bind - binding parameter (4:ENUM) <- [PUBLIC]
26-07-27 18:23:41.007 [Test worker] TRACE org.hibernate.orm.jdbc.bind - binding parameter (5:TIMESTAMP_UTC) <- [2026-07-27T09:23:41.005285Z]
26-07-27 18:23:41.007 [Test worker] TRACE org.hibernate.orm.jdbc.bind - binding parameter (6:UUID) <- [55d39a1c-f845-44c2-adaa-24e8536997bb]
26-07-27 18:23:41.008 [Test worker] INFO  p6spy - #1785144221008 | took 0ms | statement | connection 7| url jdbc:h2:mem:discodeit-test
insert into channels (created_at,description,name,type,updated_at,id) values (?,?,?,?,?,?)
insert into channels (created_at,description,name,type,updated_at,id) values ('2026-07-27T09:23:41.005285Z','notice channel','notice','PUBLIC','2026-07-27T09:23:41.005285Z','55d39a1c-f845-44c2-adaa-24e8536997bb');
26-07-27 18:23:41.008 [Test worker] DEBUG org.hibernate.SQL - 
    select
        m1_0.id,
        m1_0.author_id,
        m1_0.channel_id,
        m1_0.content,
        m1_0.created_at,
        m1_0.updated_at 
    from
        messages m1_0 
    left join
        channels c1_0 
            on c1_0.id=m1_0.channel_id 
    where
        c1_0.id=?
26-07-27 18:23:41.009 [Test worker] TRACE org.hibernate.orm.jdbc.bind - binding parameter (1:UUID) <- [55d39a1c-f845-44c2-adaa-24e8536997bb]
26-07-27 18:23:41.009 [Test worker] INFO  p6spy - #1785144221009 | took 0ms | statement | connection 7| url jdbc:h2:mem:discodeit-test
select m1_0.id,m1_0.author_id,m1_0.channel_id,m1_0.content,m1_0.created_at,m1_0.updated_at from messages m1_0 left join channels c1_0 on c1_0.id=m1_0.channel_id where c1_0.id=?
select m1_0.id,m1_0.author_id,m1_0.channel_id,m1_0.content,m1_0.created_at,m1_0.updated_at from messages m1_0 left join channels c1_0 on c1_0.id=m1_0.channel_id where c1_0.id='55d39a1c-f845-44c2-adaa-24e8536997bb';
26-07-27 18:23:41.019 [Test worker] DEBUG c.s.m.d.s.basic.BasicChannelService - Updating channel. channelId=55d39a1c-f845-44c2-adaa-24e8536997bb
26-07-27 18:23:41.020 [Test worker] INFO  c.s.m.d.s.basic.BasicChannelService - Channel updated. channelId=55d39a1c-f845-44c2-adaa-24e8536997bb
26-07-27 18:23:41.026 [Test worker] DEBUG org.hibernate.SQL - 
    update
        channels 
    set
        description=?,
        name=?,
        type=?,
        updated_at=? 
    where
        id=?
26-07-27 18:23:41.028 [Test worker] TRACE org.hibernate.orm.jdbc.bind - binding parameter (1:VARCHAR) <- [updated channel]
26-07-27 18:23:41.028 [Test worker] TRACE org.hibernate.orm.jdbc.bind - binding parameter (2:VARCHAR) <- [new-notice]
26-07-27 18:23:41.028 [Test worker] TRACE org.hibernate.orm.jdbc.bind - binding parameter (3:ENUM) <- [PUBLIC]
26-07-27 18:23:41.028 [Test worker] TRACE org.hibernate.orm.jdbc.bind - binding parameter (4:TIMESTAMP_UTC) <- [2026-07-27T09:23:41.022225Z]
26-07-27 18:23:41.028 [Test worker] TRACE org.hibernate.orm.jdbc.bind - binding parameter (5:UUID) <- [55d39a1c-f845-44c2-adaa-24e8536997bb]
26-07-27 18:23:41.029 [Test worker] INFO  p6spy - #1785144221029 | took 0ms | statement | connection 7| url jdbc:h2:mem:discodeit-test
update channels set description=?,name=?,type=?,updated_at=? where id=?
update channels set description='updated channel',name='new-notice',type='PUBLIC',updated_at='2026-07-27T09:23:41.022225Z' where id='55d39a1c-f845-44c2-adaa-24e8536997bb';
26-07-27 18:23:41.032 [Test worker] DEBUG org.hibernate.SQL - 
    select
        m1_0.id,
        m1_0.author_id,
        m1_0.channel_id,
        m1_0.content,
        m1_0.created_at,
        m1_0.updated_at 
    from
        messages m1_0 
    left join
        channels c1_0 
            on c1_0.id=m1_0.channel_id 
    where
        c1_0.id=?
26-07-27 18:23:41.033 [Test worker] TRACE org.hibernate.orm.jdbc.bind - binding parameter (1:UUID) <- [55d39a1c-f845-44c2-adaa-24e8536997bb]
26-07-27 18:23:41.033 [Test worker] INFO  p6spy - #1785144221033 | took 0ms | statement | connection 7| url jdbc:h2:mem:discodeit-test
select m1_0.id,m1_0.author_id,m1_0.channel_id,m1_0.content,m1_0.created_at,m1_0.updated_at from messages m1_0 left join channels c1_0 on c1_0.id=m1_0.channel_id where c1_0.id=?
select m1_0.id,m1_0.author_id,m1_0.channel_id,m1_0.content,m1_0.created_at,m1_0.updated_at from messages m1_0 left join channels c1_0 on c1_0.id=m1_0.channel_id where c1_0.id='55d39a1c-f845-44c2-adaa-24e8536997bb';
26-07-27 18:23:41.037 [Test worker] DEBUG c.s.m.d.s.basic.BasicChannelService - Deleting channel. channelId=55d39a1c-f845-44c2-adaa-24e8536997bb
26-07-27 18:23:41.039 [Test worker] DEBUG org.hibernate.SQL - 
    select
        m1_0.id,
        m1_0.author_id,
        m1_0.channel_id,
        m1_0.content,
        m1_0.created_at,
        m1_0.updated_at 
    from
        messages m1_0 
    left join
        channels c1_0 
            on c1_0.id=m1_0.channel_id 
    where
        c1_0.id=?
26-07-27 18:23:41.039 [Test worker] TRACE org.hibernate.orm.jdbc.bind - binding parameter (1:UUID) <- [55d39a1c-f845-44c2-adaa-24e8536997bb]
26-07-27 18:23:41.039 [Test worker] INFO  p6spy - #1785144221039 | took 0ms | statement | connection 7| url jdbc:h2:mem:discodeit-test
select m1_0.id,m1_0.author_id,m1_0.channel_id,m1_0.content,m1_0.created_at,m1_0.updated_at from messages m1_0 left join channels c1_0 on c1_0.id=m1_0.channel_id where c1_0.id=?
select m1_0.id,m1_0.author_id,m1_0.channel_id,m1_0.content,m1_0.created_at,m1_0.updated_at from messages m1_0 left join channels c1_0 on c1_0.id=m1_0.channel_id where c1_0.id='55d39a1c-f845-44c2-adaa-24e8536997bb';
26-07-27 18:23:41.042 [Test worker] DEBUG org.hibernate.SQL - 
    select
        rs1_0.id,
        rs1_0.channel_id,
        rs1_0.created_at,
        rs1_0.last_read_at,
        rs1_0.updated_at,
        rs1_0.user_id 
    from
        read_statuses rs1_0 
    left join
        channels c1_0 
            on c1_0.id=rs1_0.channel_id 
    where
        c1_0.id=?
26-07-27 18:23:41.042 [Test worker] TRACE org.hibernate.orm.jdbc.bind - binding parameter (1:UUID) <- [55d39a1c-f845-44c2-adaa-24e8536997bb]
26-07-27 18:23:41.043 [Test worker] INFO  p6spy - #1785144221043 | took 0ms | statement | connection 7| url jdbc:h2:mem:discodeit-test
select rs1_0.id,rs1_0.channel_id,rs1_0.created_at,rs1_0.last_read_at,rs1_0.updated_at,rs1_0.user_id from read_statuses rs1_0 left join channels c1_0 on c1_0.id=rs1_0.channel_id where c1_0.id=?
select rs1_0.id,rs1_0.channel_id,rs1_0.created_at,rs1_0.last_read_at,rs1_0.updated_at,rs1_0.user_id from read_statuses rs1_0 left join channels c1_0 on c1_0.id=rs1_0.channel_id where c1_0.id='55d39a1c-f845-44c2-adaa-24e8536997bb';
26-07-27 18:23:41.046 [Test worker] INFO  c.s.m.d.s.basic.BasicChannelService - Channel deleted. channelId=55d39a1c-f845-44c2-adaa-24e8536997bb
26-07-27 18:23:41.052 [Test worker] INFO  p6spy - #1785144221052 | took 0ms | rollback | connection 7| url jdbc:h2:mem:discodeit-test

;
26-07-27 18:23:41.057 [Test worker] DEBUG c.s.m.d.s.basic.BasicUserService - Creating user. username=woody, email=woody@codeit.com, hasProfileImage=false
26-07-27 18:23:41.057 [Test worker] DEBUG org.hibernate.SQL - 
    select
        u1_0.id 
    from
        users u1_0 
    where
        u1_0.username=? 
        or u1_0.email=? 
    fetch
        first ? rows only
26-07-27 18:23:41.058 [Test worker] TRACE org.hibernate.orm.jdbc.bind - binding parameter (1:VARCHAR) <- [woody]
26-07-27 18:23:41.058 [Test worker] TRACE org.hibernate.orm.jdbc.bind - binding parameter (2:VARCHAR) <- [woody@codeit.com]
26-07-27 18:23:41.058 [Test worker] TRACE org.hibernate.orm.jdbc.bind - binding parameter (3:INTEGER) <- [1]
26-07-27 18:23:41.058 [Test worker] INFO  p6spy - #1785144221058 | took 0ms | statement | connection 8| url jdbc:h2:mem:discodeit-test
select u1_0.id from users u1_0 where u1_0.username=? or u1_0.email=? fetch first ? rows only
select u1_0.id from users u1_0 where u1_0.username='woody' or u1_0.email='woody@codeit.com' fetch first 1 rows only;
26-07-27 18:23:41.059 [Test worker] DEBUG org.hibernate.SQL - 
    insert 
    into
        users
        (created_at, email, password, profile_id, updated_at, username, id) 
    values
        (?, ?, ?, ?, ?, ?, ?)
26-07-27 18:23:41.059 [Test worker] TRACE org.hibernate.orm.jdbc.bind - binding parameter (1:TIMESTAMP_UTC) <- [2026-07-27T09:23:41.058996Z]
26-07-27 18:23:41.059 [Test worker] TRACE org.hibernate.orm.jdbc.bind - binding parameter (2:VARCHAR) <- [woody@codeit.com]
26-07-27 18:23:41.059 [Test worker] TRACE org.hibernate.orm.jdbc.bind - binding parameter (3:VARCHAR) <- [password1]
26-07-27 18:23:41.059 [Test worker] TRACE org.hibernate.orm.jdbc.bind - binding parameter (4:UUID) <- [null]
26-07-27 18:23:41.059 [Test worker] TRACE org.hibernate.orm.jdbc.bind - binding parameter (5:TIMESTAMP_UTC) <- [2026-07-27T09:23:41.058996Z]
26-07-27 18:23:41.059 [Test worker] TRACE org.hibernate.orm.jdbc.bind - binding parameter (6:VARCHAR) <- [woody]
26-07-27 18:23:41.059 [Test worker] TRACE org.hibernate.orm.jdbc.bind - binding parameter (7:UUID) <- [0f25eb0d-b162-4cf1-af59-c9be58639d82]
26-07-27 18:23:41.060 [Test worker] INFO  p6spy - #1785144221060 | took 0ms | statement | connection 8| url jdbc:h2:mem:discodeit-test
insert into users (created_at,email,password,profile_id,updated_at,username,id) values (?,?,?,?,?,?,?)
insert into users (created_at,email,password,profile_id,updated_at,username,id) values ('2026-07-27T09:23:41.058996Z','woody@codeit.com','password1',NULL,'2026-07-27T09:23:41.058996Z','woody','0f25eb0d-b162-4cf1-af59-c9be58639d82');
26-07-27 18:23:41.060 [Test worker] INFO  c.s.m.d.s.basic.BasicUserService - User created. userId=0f25eb0d-b162-4cf1-af59-c9be58639d82, username=woody
26-07-27 18:23:41.062 [Test worker] DEBUG c.s.m.d.s.basic.BasicChannelService - Creating public channel. name=general
26-07-27 18:23:41.063 [Test worker] INFO  c.s.m.d.s.basic.BasicChannelService - Public channel created. channelId=2b850311-dffb-49ba-8e25-235996bb9871, name=general
26-07-27 18:23:41.064 [Test worker] DEBUG org.hibernate.SQL - 
    insert 
    into
        user_statuses
        (created_at, last_active_at, updated_at, user_id, id) 
    values
        (?, ?, ?, ?, ?)
26-07-27 18:23:41.064 [Test worker] TRACE org.hibernate.orm.jdbc.bind - binding parameter (1:TIMESTAMP_UTC) <- [2026-07-27T09:23:41.060563Z]
26-07-27 18:23:41.064 [Test worker] TRACE org.hibernate.orm.jdbc.bind - binding parameter (2:TIMESTAMP_UTC) <- [2026-07-27T09:23:41.060414Z]
26-07-27 18:23:41.064 [Test worker] TRACE org.hibernate.orm.jdbc.bind - binding parameter (3:TIMESTAMP_UTC) <- [2026-07-27T09:23:41.060563Z]
26-07-27 18:23:41.064 [Test worker] TRACE org.hibernate.orm.jdbc.bind - binding parameter (4:UUID) <- [0f25eb0d-b162-4cf1-af59-c9be58639d82]
26-07-27 18:23:41.064 [Test worker] TRACE org.hibernate.orm.jdbc.bind - binding parameter (5:UUID) <- [305359ef-502f-4f8e-b848-a74575fecf04]
26-07-27 18:23:41.065 [Test worker] INFO  p6spy - #1785144221065 | took 0ms | statement | connection 8| url jdbc:h2:mem:discodeit-test
insert into user_statuses (created_at,last_active_at,updated_at,user_id,id) values (?,?,?,?,?)
insert into user_statuses (created_at,last_active_at,updated_at,user_id,id) values ('2026-07-27T09:23:41.060563Z','2026-07-27T09:23:41.060414Z','2026-07-27T09:23:41.060563Z','0f25eb0d-b162-4cf1-af59-c9be58639d82','305359ef-502f-4f8e-b848-a74575fecf04');
26-07-27 18:23:41.065 [Test worker] DEBUG org.hibernate.SQL - 
    insert 
    into
        channels
        (created_at, description, name, type, updated_at, id) 
    values
        (?, ?, ?, ?, ?, ?)
26-07-27 18:23:41.065 [Test worker] TRACE org.hibernate.orm.jdbc.bind - binding parameter (1:TIMESTAMP_UTC) <- [2026-07-27T09:23:41.062924Z]
26-07-27 18:23:41.065 [Test worker] TRACE org.hibernate.orm.jdbc.bind - binding parameter (2:VARCHAR) <- [general channel]
26-07-27 18:23:41.065 [Test worker] TRACE org.hibernate.orm.jdbc.bind - binding parameter (3:VARCHAR) <- [general]
26-07-27 18:23:41.065 [Test worker] TRACE org.hibernate.orm.jdbc.bind - binding parameter (4:ENUM) <- [PUBLIC]
26-07-27 18:23:41.065 [Test worker] TRACE org.hibernate.orm.jdbc.bind - binding parameter (5:TIMESTAMP_UTC) <- [2026-07-27T09:23:41.062924Z]
26-07-27 18:23:41.065 [Test worker] TRACE org.hibernate.orm.jdbc.bind - binding parameter (6:UUID) <- [2b850311-dffb-49ba-8e25-235996bb9871]
26-07-27 18:23:41.066 [Test worker] INFO  p6spy - #1785144221066 | took 0ms | statement | connection 8| url jdbc:h2:mem:discodeit-test
insert into channels (created_at,description,name,type,updated_at,id) values (?,?,?,?,?,?)
insert into channels (created_at,description,name,type,updated_at,id) values ('2026-07-27T09:23:41.062924Z','general channel','general','PUBLIC','2026-07-27T09:23:41.062924Z','2b850311-dffb-49ba-8e25-235996bb9871');
26-07-27 18:23:41.066 [Test worker] DEBUG org.hibernate.SQL - 
    select
        m1_0.id,
        m1_0.author_id,
        m1_0.channel_id,
        m1_0.content,
        m1_0.created_at,
        m1_0.updated_at 
    from
        messages m1_0 
    left join
        channels c1_0 
            on c1_0.id=m1_0.channel_id 
    where
        c1_0.id=?
26-07-27 18:23:41.066 [Test worker] TRACE org.hibernate.orm.jdbc.bind - binding parameter (1:UUID) <- [2b850311-dffb-49ba-8e25-235996bb9871]
26-07-27 18:23:41.067 [Test worker] INFO  p6spy - #1785144221067 | took 0ms | statement | connection 8| url jdbc:h2:mem:discodeit-test
select m1_0.id,m1_0.author_id,m1_0.channel_id,m1_0.content,m1_0.created_at,m1_0.updated_at from messages m1_0 left join channels c1_0 on c1_0.id=m1_0.channel_id where c1_0.id=?
select m1_0.id,m1_0.author_id,m1_0.channel_id,m1_0.content,m1_0.created_at,m1_0.updated_at from messages m1_0 left join channels c1_0 on c1_0.id=m1_0.channel_id where c1_0.id='2b850311-dffb-49ba-8e25-235996bb9871';
26-07-27 18:23:41.071 [Test worker] DEBUG org.hibernate.SQL - 
    select
        rs1_0.id,
        rs1_0.channel_id,
        rs1_0.created_at,
        rs1_0.last_read_at,
        rs1_0.updated_at,
        rs1_0.user_id 
    from
        read_statuses rs1_0 
    left join
        users u1_0 
            on u1_0.id=rs1_0.user_id 
    where
        u1_0.id=?
26-07-27 18:23:41.071 [Test worker] TRACE org.hibernate.orm.jdbc.bind - binding parameter (1:UUID) <- [0f25eb0d-b162-4cf1-af59-c9be58639d82]
26-07-27 18:23:41.071 [Test worker] INFO  p6spy - #1785144221071 | took 0ms | statement | connection 8| url jdbc:h2:mem:discodeit-test
select rs1_0.id,rs1_0.channel_id,rs1_0.created_at,rs1_0.last_read_at,rs1_0.updated_at,rs1_0.user_id from read_statuses rs1_0 left join users u1_0 on u1_0.id=rs1_0.user_id where u1_0.id=?
select rs1_0.id,rs1_0.channel_id,rs1_0.created_at,rs1_0.last_read_at,rs1_0.updated_at,rs1_0.user_id from read_statuses rs1_0 left join users u1_0 on u1_0.id=rs1_0.user_id where u1_0.id='0f25eb0d-b162-4cf1-af59-c9be58639d82';
26-07-27 18:23:41.074 [Test worker] DEBUG org.hibernate.SQL - 
    select
        c1_0.id,
        c1_0.created_at,
        c1_0.description,
        c1_0.name,
        c1_0.type,
        c1_0.updated_at 
    from
        channels c1_0
26-07-27 18:23:41.075 [Test worker] INFO  p6spy - #1785144221075 | took 0ms | statement | connection 8| url jdbc:h2:mem:discodeit-test
select c1_0.id,c1_0.created_at,c1_0.description,c1_0.name,c1_0.type,c1_0.updated_at from channels c1_0
select c1_0.id,c1_0.created_at,c1_0.description,c1_0.name,c1_0.type,c1_0.updated_at from channels c1_0;
26-07-27 18:23:41.086 [Test worker] DEBUG org.hibernate.SQL - 
    select
        m1_0.channel_id,
        max(m1_0.created_at) 
    from
        messages m1_0 
    where
        m1_0.channel_id in (?) 
    group by
        m1_0.channel_id
26-07-27 18:23:41.087 [Test worker] TRACE org.hibernate.orm.jdbc.bind - binding parameter (1:UUID) <- [2b850311-dffb-49ba-8e25-235996bb9871]
26-07-27 18:23:41.089 [Test worker] INFO  p6spy - #1785144221089 | took 1ms | statement | connection 8| url jdbc:h2:mem:discodeit-test
select m1_0.channel_id,max(m1_0.created_at) from messages m1_0 where m1_0.channel_id in (?) group by m1_0.channel_id
select m1_0.channel_id,max(m1_0.created_at) from messages m1_0 where m1_0.channel_id in ('2b850311-dffb-49ba-8e25-235996bb9871') group by m1_0.channel_id;
26-07-27 18:23:41.097 [Test worker] INFO  p6spy - #1785144221097 | took 0ms | rollback | connection 8| url jdbc:h2:mem:discodeit-test

;
26-07-27 18:23:41.100 [Test worker] INFO  o.s.t.c.s.AnnotationConfigContextLoaderUtils - Could not detect default configuration classes for test class [com.sprint.mission.discodeit.integration.MessageApiIntegrationTest]: MessageApiIntegrationTest does not declare any static, non-private, non-final, nested classes annotated with @Configuration.
26-07-27 18:23:41.102 [Test worker] INFO  o.s.b.t.c.SpringBootTestContextBootstrapper - Found @SpringBootConfiguration com.sprint.mission.discodeit.DiscodeitApplication for test class com.sprint.mission.discodeit.integration.MessageApiIntegrationTest
26-07-27 18:23:41.109 [Test worker] DEBUG c.s.m.d.s.basic.BasicUserService - Creating user. username=woody, email=woody@codeit.com, hasProfileImage=false
26-07-27 18:23:41.110 [Test worker] DEBUG org.hibernate.SQL - 
    select
        u1_0.id 
    from
        users u1_0 
    where
        u1_0.username=? 
        or u1_0.email=? 
    fetch
        first ? rows only
26-07-27 18:23:41.110 [Test worker] TRACE org.hibernate.orm.jdbc.bind - binding parameter (1:VARCHAR) <- [woody]
26-07-27 18:23:41.110 [Test worker] TRACE org.hibernate.orm.jdbc.bind - binding parameter (2:VARCHAR) <- [woody@codeit.com]
26-07-27 18:23:41.110 [Test worker] TRACE org.hibernate.orm.jdbc.bind - binding parameter (3:INTEGER) <- [1]
26-07-27 18:23:41.111 [Test worker] INFO  p6spy - #1785144221111 | took 0ms | statement | connection 9| url jdbc:h2:mem:discodeit-test
select u1_0.id from users u1_0 where u1_0.username=? or u1_0.email=? fetch first ? rows only
select u1_0.id from users u1_0 where u1_0.username='woody' or u1_0.email='woody@codeit.com' fetch first 1 rows only;
26-07-27 18:23:41.111 [Test worker] DEBUG org.hibernate.SQL - 
    insert 
    into
        users
        (created_at, email, password, profile_id, updated_at, username, id) 
    values
        (?, ?, ?, ?, ?, ?, ?)
26-07-27 18:23:41.112 [Test worker] TRACE org.hibernate.orm.jdbc.bind - binding parameter (1:TIMESTAMP_UTC) <- [2026-07-27T09:23:41.111542Z]
26-07-27 18:23:41.112 [Test worker] TRACE org.hibernate.orm.jdbc.bind - binding parameter (2:VARCHAR) <- [woody@codeit.com]
26-07-27 18:23:41.112 [Test worker] TRACE org.hibernate.orm.jdbc.bind - binding parameter (3:VARCHAR) <- [password1]
26-07-27 18:23:41.112 [Test worker] TRACE org.hibernate.orm.jdbc.bind - binding parameter (4:UUID) <- [null]
26-07-27 18:23:41.112 [Test worker] TRACE org.hibernate.orm.jdbc.bind - binding parameter (5:TIMESTAMP_UTC) <- [2026-07-27T09:23:41.111542Z]
26-07-27 18:23:41.112 [Test worker] TRACE org.hibernate.orm.jdbc.bind - binding parameter (6:VARCHAR) <- [woody]
26-07-27 18:23:41.112 [Test worker] TRACE org.hibernate.orm.jdbc.bind - binding parameter (7:UUID) <- [c16edad0-9ca9-4a19-8a17-c83475a583f7]
26-07-27 18:23:41.112 [Test worker] INFO  p6spy - #1785144221112 | took 0ms | statement | connection 9| url jdbc:h2:mem:discodeit-test
insert into users (created_at,email,password,profile_id,updated_at,username,id) values (?,?,?,?,?,?,?)
insert into users (created_at,email,password,profile_id,updated_at,username,id) values ('2026-07-27T09:23:41.111542Z','woody@codeit.com','password1',NULL,'2026-07-27T09:23:41.111542Z','woody','c16edad0-9ca9-4a19-8a17-c83475a583f7');
26-07-27 18:23:41.113 [Test worker] INFO  c.s.m.d.s.basic.BasicUserService - User created. userId=c16edad0-9ca9-4a19-8a17-c83475a583f7, username=woody
26-07-27 18:23:41.115 [Test worker] DEBUG c.s.m.d.s.basic.BasicChannelService - Creating public channel. name=general
26-07-27 18:23:41.115 [Test worker] INFO  c.s.m.d.s.basic.BasicChannelService - Public channel created. channelId=cbdc8c9d-dad0-430c-8be4-56efdf7e590a, name=general
26-07-27 18:23:41.116 [Test worker] DEBUG org.hibernate.SQL - 
    insert 
    into
        user_statuses
        (created_at, last_active_at, updated_at, user_id, id) 
    values
        (?, ?, ?, ?, ?)
26-07-27 18:23:41.117 [Test worker] TRACE org.hibernate.orm.jdbc.bind - binding parameter (1:TIMESTAMP_UTC) <- [2026-07-27T09:23:41.113177Z]
26-07-27 18:23:41.117 [Test worker] TRACE org.hibernate.orm.jdbc.bind - binding parameter (2:TIMESTAMP_UTC) <- [2026-07-27T09:23:41.113004Z]
26-07-27 18:23:41.117 [Test worker] TRACE org.hibernate.orm.jdbc.bind - binding parameter (3:TIMESTAMP_UTC) <- [2026-07-27T09:23:41.113177Z]
26-07-27 18:23:41.117 [Test worker] TRACE org.hibernate.orm.jdbc.bind - binding parameter (4:UUID) <- [c16edad0-9ca9-4a19-8a17-c83475a583f7]
26-07-27 18:23:41.117 [Test worker] TRACE org.hibernate.orm.jdbc.bind - binding parameter (5:UUID) <- [26d6db52-45d5-4280-b594-3fb951359409]
26-07-27 18:23:41.117 [Test worker] INFO  p6spy - #1785144221117 | took 0ms | statement | connection 9| url jdbc:h2:mem:discodeit-test
insert into user_statuses (created_at,last_active_at,updated_at,user_id,id) values (?,?,?,?,?)
insert into user_statuses (created_at,last_active_at,updated_at,user_id,id) values ('2026-07-27T09:23:41.113177Z','2026-07-27T09:23:41.113004Z','2026-07-27T09:23:41.113177Z','c16edad0-9ca9-4a19-8a17-c83475a583f7','26d6db52-45d5-4280-b594-3fb951359409');
26-07-27 18:23:41.118 [Test worker] DEBUG org.hibernate.SQL - 
    insert 
    into
        channels
        (created_at, description, name, type, updated_at, id) 
    values
        (?, ?, ?, ?, ?, ?)
26-07-27 18:23:41.118 [Test worker] TRACE org.hibernate.orm.jdbc.bind - binding parameter (1:TIMESTAMP_UTC) <- [2026-07-27T09:23:41.115765Z]
26-07-27 18:23:41.118 [Test worker] TRACE org.hibernate.orm.jdbc.bind - binding parameter (2:VARCHAR) <- [general channel]
26-07-27 18:23:41.118 [Test worker] TRACE org.hibernate.orm.jdbc.bind - binding parameter (3:VARCHAR) <- [general]
26-07-27 18:23:41.118 [Test worker] TRACE org.hibernate.orm.jdbc.bind - binding parameter (4:ENUM) <- [PUBLIC]
26-07-27 18:23:41.118 [Test worker] TRACE org.hibernate.orm.jdbc.bind - binding parameter (5:TIMESTAMP_UTC) <- [2026-07-27T09:23:41.115765Z]
26-07-27 18:23:41.118 [Test worker] TRACE org.hibernate.orm.jdbc.bind - binding parameter (6:UUID) <- [cbdc8c9d-dad0-430c-8be4-56efdf7e590a]
26-07-27 18:23:41.118 [Test worker] INFO  p6spy - #1785144221118 | took 0ms | statement | connection 9| url jdbc:h2:mem:discodeit-test
insert into channels (created_at,description,name,type,updated_at,id) values (?,?,?,?,?,?)
insert into channels (created_at,description,name,type,updated_at,id) values ('2026-07-27T09:23:41.115765Z','general channel','general','PUBLIC','2026-07-27T09:23:41.115765Z','cbdc8c9d-dad0-430c-8be4-56efdf7e590a');
26-07-27 18:23:41.118 [Test worker] DEBUG org.hibernate.SQL - 
    select
        m1_0.id,
        m1_0.author_id,
        m1_0.channel_id,
        m1_0.content,
        m1_0.created_at,
        m1_0.updated_at 
    from
        messages m1_0 
    left join
        channels c1_0 
            on c1_0.id=m1_0.channel_id 
    where
        c1_0.id=?
26-07-27 18:23:41.119 [Test worker] TRACE org.hibernate.orm.jdbc.bind - binding parameter (1:UUID) <- [cbdc8c9d-dad0-430c-8be4-56efdf7e590a]
26-07-27 18:23:41.119 [Test worker] INFO  p6spy - #1785144221119 | took 0ms | statement | connection 9| url jdbc:h2:mem:discodeit-test
select m1_0.id,m1_0.author_id,m1_0.channel_id,m1_0.content,m1_0.created_at,m1_0.updated_at from messages m1_0 left join channels c1_0 on c1_0.id=m1_0.channel_id where c1_0.id=?
select m1_0.id,m1_0.author_id,m1_0.channel_id,m1_0.content,m1_0.created_at,m1_0.updated_at from messages m1_0 left join channels c1_0 on c1_0.id=m1_0.channel_id where c1_0.id='cbdc8c9d-dad0-430c-8be4-56efdf7e590a';
26-07-27 18:23:41.125 [Test worker] DEBUG c.s.m.d.s.basic.BasicMessageService - Creating message. channelId=cbdc8c9d-dad0-430c-8be4-56efdf7e590a, authorId=c16edad0-9ca9-4a19-8a17-c83475a583f7, attachmentCount=0
26-07-27 18:23:41.135 [Test worker] DEBUG org.hibernate.SQL - 
    insert 
    into
        messages
        (author_id, channel_id, content, created_at, updated_at, id) 
    values
        (?, ?, ?, ?, ?, ?)
26-07-27 18:23:41.136 [Test worker] TRACE org.hibernate.orm.jdbc.bind - binding parameter (1:UUID) <- [c16edad0-9ca9-4a19-8a17-c83475a583f7]
26-07-27 18:23:41.136 [Test worker] TRACE org.hibernate.orm.jdbc.bind - binding parameter (2:UUID) <- [cbdc8c9d-dad0-430c-8be4-56efdf7e590a]
26-07-27 18:23:41.136 [Test worker] TRACE org.hibernate.orm.jdbc.bind - binding parameter (3:VARCHAR) <- [hello]
26-07-27 18:23:41.136 [Test worker] TRACE org.hibernate.orm.jdbc.bind - binding parameter (4:TIMESTAMP_UTC) <- [2026-07-27T09:23:41.127603Z]
26-07-27 18:23:41.136 [Test worker] TRACE org.hibernate.orm.jdbc.bind - binding parameter (5:TIMESTAMP_UTC) <- [2026-07-27T09:23:41.127603Z]
26-07-27 18:23:41.136 [Test worker] TRACE org.hibernate.orm.jdbc.bind - binding parameter (6:UUID) <- [49b60c5a-239e-46ac-9dad-26a4a6bd7459]
26-07-27 18:23:41.136 [Test worker] INFO  p6spy - #1785144221136 | took 0ms | statement | connection 9| url jdbc:h2:mem:discodeit-test
insert into messages (author_id,channel_id,content,created_at,updated_at,id) values (?,?,?,?,?,?)
insert into messages (author_id,channel_id,content,created_at,updated_at,id) values ('c16edad0-9ca9-4a19-8a17-c83475a583f7','cbdc8c9d-dad0-430c-8be4-56efdf7e590a','hello','2026-07-27T09:23:41.127603Z','2026-07-27T09:23:41.127603Z','49b60c5a-239e-46ac-9dad-26a4a6bd7459');
26-07-27 18:23:41.139 [Test worker] INFO  c.s.m.d.s.basic.BasicMessageService - Message created. messageId=49b60c5a-239e-46ac-9dad-26a4a6bd7459, channelId=cbdc8c9d-dad0-430c-8be4-56efdf7e590a, authorId=c16edad0-9ca9-4a19-8a17-c83475a583f7, attachmentCount=0
26-07-27 18:23:41.156 [Test worker] DEBUG org.hibernate.SQL - 
    select
        m1_0.id,
        a1_0.id,
        a1_0.created_at,
        a1_0.email,
        a1_0.password,
        p1_0.id,
        p1_0.content_type,
        p1_0.created_at,
        p1_0.file_name,
        p1_0.size,
        a1_0.updated_at,
        a1_0.username,
        m1_0.channel_id,
        m1_0.content,
        m1_0.created_at,
        m1_0.updated_at 
    from
        messages m1_0 
    left join
        users a1_0 
            on a1_0.id=m1_0.author_id 
    left join
        binary_contents p1_0 
            on p1_0.id=a1_0.profile_id 
    where
        m1_0.channel_id=? 
        and (
            ? is null 
            or m1_0.created_at<?
        ) 
    order by
        m1_0.created_at desc 
    fetch
        first ? rows only
26-07-27 18:23:41.157 [Test worker] TRACE org.hibernate.orm.jdbc.bind - binding parameter (1:UUID) <- [cbdc8c9d-dad0-430c-8be4-56efdf7e590a]
26-07-27 18:23:41.157 [Test worker] TRACE org.hibernate.orm.jdbc.bind - binding parameter (2:TIMESTAMP_UTC) <- [null]
26-07-27 18:23:41.158 [Test worker] TRACE org.hibernate.orm.jdbc.bind - binding parameter (3:TIMESTAMP_UTC) <- [null]
26-07-27 18:23:41.158 [Test worker] TRACE org.hibernate.orm.jdbc.bind - binding parameter (4:INTEGER) <- [11]
26-07-27 18:23:41.158 [Test worker] INFO  p6spy - #1785144221158 | took 0ms | statement | connection 9| url jdbc:h2:mem:discodeit-test
select m1_0.id,a1_0.id,a1_0.created_at,a1_0.email,a1_0.password,p1_0.id,p1_0.content_type,p1_0.created_at,p1_0.file_name,p1_0.size,a1_0.updated_at,a1_0.username,m1_0.channel_id,m1_0.content,m1_0.created_at,m1_0.updated_at from messages m1_0 left join users a1_0 on a1_0.id=m1_0.author_id left join binary_contents p1_0 on p1_0.id=a1_0.profile_id where m1_0.channel_id=? and (? is null or m1_0.created_at<?) order by m1_0.created_at desc fetch first ? rows only
select m1_0.id,a1_0.id,a1_0.created_at,a1_0.email,a1_0.password,p1_0.id,p1_0.content_type,p1_0.created_at,p1_0.file_name,p1_0.size,a1_0.updated_at,a1_0.username,m1_0.channel_id,m1_0.content,m1_0.created_at,m1_0.updated_at from messages m1_0 left join users a1_0 on a1_0.id=m1_0.author_id left join binary_contents p1_0 on p1_0.id=a1_0.profile_id where m1_0.channel_id='cbdc8c9d-dad0-430c-8be4-56efdf7e590a' and (NULL is null or m1_0.created_at<NULL) order by m1_0.created_at desc fetch first 11 rows only;
26-07-27 18:23:41.166 [Test worker] INFO  p6spy - #1785144221166 | took 0ms | rollback | connection 9| url jdbc:h2:mem:discodeit-test

;
26-07-27 18:23:41.171 [Test worker] DEBUG c.s.m.d.s.basic.BasicUserService - Creating user. username=rex, email=rex@codeit.com, hasProfileImage=false
26-07-27 18:23:41.171 [Test worker] DEBUG org.hibernate.SQL - 
    select
        u1_0.id 
    from
        users u1_0 
    where
        u1_0.username=? 
        or u1_0.email=? 
    fetch
        first ? rows only
26-07-27 18:23:41.172 [Test worker] TRACE org.hibernate.orm.jdbc.bind - binding parameter (1:VARCHAR) <- [rex]
26-07-27 18:23:41.172 [Test worker] TRACE org.hibernate.orm.jdbc.bind - binding parameter (2:VARCHAR) <- [rex@codeit.com]
26-07-27 18:23:41.172 [Test worker] TRACE org.hibernate.orm.jdbc.bind - binding parameter (3:INTEGER) <- [1]
26-07-27 18:23:41.172 [Test worker] INFO  p6spy - #1785144221172 | took 0ms | statement | connection 10| url jdbc:h2:mem:discodeit-test
select u1_0.id from users u1_0 where u1_0.username=? or u1_0.email=? fetch first ? rows only
select u1_0.id from users u1_0 where u1_0.username='rex' or u1_0.email='rex@codeit.com' fetch first 1 rows only;
26-07-27 18:23:41.173 [Test worker] DEBUG org.hibernate.SQL - 
    insert 
    into
        users
        (created_at, email, password, profile_id, updated_at, username, id) 
    values
        (?, ?, ?, ?, ?, ?, ?)
26-07-27 18:23:41.173 [Test worker] TRACE org.hibernate.orm.jdbc.bind - binding parameter (1:TIMESTAMP_UTC) <- [2026-07-27T09:23:41.173087Z]
26-07-27 18:23:41.173 [Test worker] TRACE org.hibernate.orm.jdbc.bind - binding parameter (2:VARCHAR) <- [rex@codeit.com]
26-07-27 18:23:41.173 [Test worker] TRACE org.hibernate.orm.jdbc.bind - binding parameter (3:VARCHAR) <- [password1]
26-07-27 18:23:41.173 [Test worker] TRACE org.hibernate.orm.jdbc.bind - binding parameter (4:UUID) <- [null]
26-07-27 18:23:41.173 [Test worker] TRACE org.hibernate.orm.jdbc.bind - binding parameter (5:TIMESTAMP_UTC) <- [2026-07-27T09:23:41.173087Z]
26-07-27 18:23:41.174 [Test worker] TRACE org.hibernate.orm.jdbc.bind - binding parameter (6:VARCHAR) <- [rex]
26-07-27 18:23:41.174 [Test worker] TRACE org.hibernate.orm.jdbc.bind - binding parameter (7:UUID) <- [ea219ce6-2402-4dbc-b448-e36ac0b1629a]
26-07-27 18:23:41.174 [Test worker] INFO  p6spy - #1785144221174 | took 0ms | statement | connection 10| url jdbc:h2:mem:discodeit-test
insert into users (created_at,email,password,profile_id,updated_at,username,id) values (?,?,?,?,?,?,?)
insert into users (created_at,email,password,profile_id,updated_at,username,id) values ('2026-07-27T09:23:41.173087Z','rex@codeit.com','password1',NULL,'2026-07-27T09:23:41.173087Z','rex','ea219ce6-2402-4dbc-b448-e36ac0b1629a');
26-07-27 18:23:41.174 [Test worker] INFO  c.s.m.d.s.basic.BasicUserService - User created. userId=ea219ce6-2402-4dbc-b448-e36ac0b1629a, username=rex
26-07-27 18:23:41.176 [Test worker] DEBUG c.s.m.d.s.basic.BasicMessageService - Creating message. channelId=79e7f903-97f2-4c6d-aaf9-18efedb5fe8e, authorId=ea219ce6-2402-4dbc-b448-e36ac0b1629a, attachmentCount=0
26-07-27 18:23:41.177 [Test worker] DEBUG org.hibernate.SQL - 
    select
        c1_0.id,
        c1_0.created_at,
        c1_0.description,
        c1_0.name,
        c1_0.type,
        c1_0.updated_at 
    from
        channels c1_0 
    where
        c1_0.id=?
26-07-27 18:23:41.177 [Test worker] TRACE org.hibernate.orm.jdbc.bind - binding parameter (1:UUID) <- [79e7f903-97f2-4c6d-aaf9-18efedb5fe8e]
26-07-27 18:23:41.178 [Test worker] INFO  p6spy - #1785144221178 | took 0ms | statement | connection 10| url jdbc:h2:mem:discodeit-test
select c1_0.id,c1_0.created_at,c1_0.description,c1_0.name,c1_0.type,c1_0.updated_at from channels c1_0 where c1_0.id=?
select c1_0.id,c1_0.created_at,c1_0.description,c1_0.name,c1_0.type,c1_0.updated_at from channels c1_0 where c1_0.id='79e7f903-97f2-4c6d-aaf9-18efedb5fe8e';
26-07-27 18:23:41.184 [Test worker] INFO  p6spy - #1785144221184 | took 0ms | rollback | connection 10| url jdbc:h2:mem:discodeit-test

;
26-07-27 18:23:41.191 [Test worker] DEBUG c.s.m.d.s.basic.BasicUserService - Creating user. username=buzz, email=buzz@codeit.com, hasProfileImage=false
26-07-27 18:23:41.192 [Test worker] DEBUG org.hibernate.SQL - 
    select
        u1_0.id 
    from
        users u1_0 
    where
        u1_0.username=? 
        or u1_0.email=? 
    fetch
        first ? rows only
26-07-27 18:23:41.193 [Test worker] TRACE org.hibernate.orm.jdbc.bind - binding parameter (1:VARCHAR) <- [buzz]
26-07-27 18:23:41.193 [Test worker] TRACE org.hibernate.orm.jdbc.bind - binding parameter (2:VARCHAR) <- [buzz@codeit.com]
26-07-27 18:23:41.193 [Test worker] TRACE org.hibernate.orm.jdbc.bind - binding parameter (3:INTEGER) <- [1]
26-07-27 18:23:41.193 [Test worker] INFO  p6spy - #1785144221193 | took 0ms | statement | connection 11| url jdbc:h2:mem:discodeit-test
select u1_0.id from users u1_0 where u1_0.username=? or u1_0.email=? fetch first ? rows only
select u1_0.id from users u1_0 where u1_0.username='buzz' or u1_0.email='buzz@codeit.com' fetch first 1 rows only;
26-07-27 18:23:41.195 [Test worker] DEBUG org.hibernate.SQL - 
    insert 
    into
        users
        (created_at, email, password, profile_id, updated_at, username, id) 
    values
        (?, ?, ?, ?, ?, ?, ?)
26-07-27 18:23:41.195 [Test worker] TRACE org.hibernate.orm.jdbc.bind - binding parameter (1:TIMESTAMP_UTC) <- [2026-07-27T09:23:41.194271Z]
26-07-27 18:23:41.195 [Test worker] TRACE org.hibernate.orm.jdbc.bind - binding parameter (2:VARCHAR) <- [buzz@codeit.com]
26-07-27 18:23:41.195 [Test worker] TRACE org.hibernate.orm.jdbc.bind - binding parameter (3:VARCHAR) <- [password1]
26-07-27 18:23:41.195 [Test worker] TRACE org.hibernate.orm.jdbc.bind - binding parameter (4:UUID) <- [null]
26-07-27 18:23:41.196 [Test worker] TRACE org.hibernate.orm.jdbc.bind - binding parameter (5:TIMESTAMP_UTC) <- [2026-07-27T09:23:41.194271Z]
26-07-27 18:23:41.196 [Test worker] TRACE org.hibernate.orm.jdbc.bind - binding parameter (6:VARCHAR) <- [buzz]
26-07-27 18:23:41.196 [Test worker] TRACE org.hibernate.orm.jdbc.bind - binding parameter (7:UUID) <- [1fec8983-b13b-4135-9494-2790556e6b52]
26-07-27 18:23:41.196 [Test worker] INFO  p6spy - #1785144221196 | took 0ms | statement | connection 11| url jdbc:h2:mem:discodeit-test
insert into users (created_at,email,password,profile_id,updated_at,username,id) values (?,?,?,?,?,?,?)
insert into users (created_at,email,password,profile_id,updated_at,username,id) values ('2026-07-27T09:23:41.194271Z','buzz@codeit.com','password1',NULL,'2026-07-27T09:23:41.194271Z','buzz','1fec8983-b13b-4135-9494-2790556e6b52');
26-07-27 18:23:41.198 [Test worker] INFO  c.s.m.d.s.basic.BasicUserService - User created. userId=1fec8983-b13b-4135-9494-2790556e6b52, username=buzz
26-07-27 18:23:41.201 [Test worker] DEBUG c.s.m.d.s.basic.BasicChannelService - Creating public channel. name=notice
26-07-27 18:23:41.202 [Test worker] INFO  c.s.m.d.s.basic.BasicChannelService - Public channel created. channelId=ce74dbc1-1a85-4d12-8e5c-9adc26e7bbdd, name=notice
26-07-27 18:23:41.203 [Test worker] DEBUG org.hibernate.SQL - 
    insert 
    into
        user_statuses
        (created_at, last_active_at, updated_at, user_id, id) 
    values
        (?, ?, ?, ?, ?)
26-07-27 18:23:41.203 [Test worker] TRACE org.hibernate.orm.jdbc.bind - binding parameter (1:TIMESTAMP_UTC) <- [2026-07-27T09:23:41.198246Z]
26-07-27 18:23:41.203 [Test worker] TRACE org.hibernate.orm.jdbc.bind - binding parameter (2:TIMESTAMP_UTC) <- [2026-07-27T09:23:41.197183Z]
26-07-27 18:23:41.203 [Test worker] TRACE org.hibernate.orm.jdbc.bind - binding parameter (3:TIMESTAMP_UTC) <- [2026-07-27T09:23:41.198246Z]
26-07-27 18:23:41.204 [Test worker] TRACE org.hibernate.orm.jdbc.bind - binding parameter (4:UUID) <- [1fec8983-b13b-4135-9494-2790556e6b52]
26-07-27 18:23:41.204 [Test worker] TRACE org.hibernate.orm.jdbc.bind - binding parameter (5:UUID) <- [111b971d-d773-4428-8245-80eeca243383]
26-07-27 18:23:41.204 [Test worker] INFO  p6spy - #1785144221204 | took 0ms | statement | connection 11| url jdbc:h2:mem:discodeit-test
insert into user_statuses (created_at,last_active_at,updated_at,user_id,id) values (?,?,?,?,?)
insert into user_statuses (created_at,last_active_at,updated_at,user_id,id) values ('2026-07-27T09:23:41.198246Z','2026-07-27T09:23:41.197183Z','2026-07-27T09:23:41.198246Z','1fec8983-b13b-4135-9494-2790556e6b52','111b971d-d773-4428-8245-80eeca243383');
26-07-27 18:23:41.204 [Test worker] DEBUG org.hibernate.SQL - 
    insert 
    into
        channels
        (created_at, description, name, type, updated_at, id) 
    values
        (?, ?, ?, ?, ?, ?)
26-07-27 18:23:41.204 [Test worker] TRACE org.hibernate.orm.jdbc.bind - binding parameter (1:TIMESTAMP_UTC) <- [2026-07-27T09:23:41.201897Z]
26-07-27 18:23:41.204 [Test worker] TRACE org.hibernate.orm.jdbc.bind - binding parameter (2:VARCHAR) <- [notice channel]
26-07-27 18:23:41.205 [Test worker] TRACE org.hibernate.orm.jdbc.bind - binding parameter (3:VARCHAR) <- [notice]
26-07-27 18:23:41.205 [Test worker] TRACE org.hibernate.orm.jdbc.bind - binding parameter (4:ENUM) <- [PUBLIC]
26-07-27 18:23:41.205 [Test worker] TRACE org.hibernate.orm.jdbc.bind - binding parameter (5:TIMESTAMP_UTC) <- [2026-07-27T09:23:41.201897Z]
26-07-27 18:23:41.205 [Test worker] TRACE org.hibernate.orm.jdbc.bind - binding parameter (6:UUID) <- [ce74dbc1-1a85-4d12-8e5c-9adc26e7bbdd]
26-07-27 18:23:41.205 [Test worker] INFO  p6spy - #1785144221205 | took 0ms | statement | connection 11| url jdbc:h2:mem:discodeit-test
insert into channels (created_at,description,name,type,updated_at,id) values (?,?,?,?,?,?)
insert into channels (created_at,description,name,type,updated_at,id) values ('2026-07-27T09:23:41.201897Z','notice channel','notice','PUBLIC','2026-07-27T09:23:41.201897Z','ce74dbc1-1a85-4d12-8e5c-9adc26e7bbdd');
26-07-27 18:23:41.205 [Test worker] DEBUG org.hibernate.SQL - 
    select
        m1_0.id,
        m1_0.author_id,
        m1_0.channel_id,
        m1_0.content,
        m1_0.created_at,
        m1_0.updated_at 
    from
        messages m1_0 
    left join
        channels c1_0 
            on c1_0.id=m1_0.channel_id 
    where
        c1_0.id=?
26-07-27 18:23:41.206 [Test worker] TRACE org.hibernate.orm.jdbc.bind - binding parameter (1:UUID) <- [ce74dbc1-1a85-4d12-8e5c-9adc26e7bbdd]
26-07-27 18:23:41.206 [Test worker] INFO  p6spy - #1785144221206 | took 0ms | statement | connection 11| url jdbc:h2:mem:discodeit-test
select m1_0.id,m1_0.author_id,m1_0.channel_id,m1_0.content,m1_0.created_at,m1_0.updated_at from messages m1_0 left join channels c1_0 on c1_0.id=m1_0.channel_id where c1_0.id=?
select m1_0.id,m1_0.author_id,m1_0.channel_id,m1_0.content,m1_0.created_at,m1_0.updated_at from messages m1_0 left join channels c1_0 on c1_0.id=m1_0.channel_id where c1_0.id='ce74dbc1-1a85-4d12-8e5c-9adc26e7bbdd';
26-07-27 18:23:41.209 [Test worker] DEBUG c.s.m.d.s.basic.BasicMessageService - Creating message. channelId=ce74dbc1-1a85-4d12-8e5c-9adc26e7bbdd, authorId=1fec8983-b13b-4135-9494-2790556e6b52, attachmentCount=0
26-07-27 18:23:41.210 [Test worker] DEBUG org.hibernate.SQL - 
    insert 
    into
        messages
        (author_id, channel_id, content, created_at, updated_at, id) 
    values
        (?, ?, ?, ?, ?, ?)
26-07-27 18:23:41.211 [Test worker] TRACE org.hibernate.orm.jdbc.bind - binding parameter (1:UUID) <- [1fec8983-b13b-4135-9494-2790556e6b52]
26-07-27 18:23:41.211 [Test worker] TRACE org.hibernate.orm.jdbc.bind - binding parameter (2:UUID) <- [ce74dbc1-1a85-4d12-8e5c-9adc26e7bbdd]
26-07-27 18:23:41.211 [Test worker] TRACE org.hibernate.orm.jdbc.bind - binding parameter (3:VARCHAR) <- [before]
26-07-27 18:23:41.211 [Test worker] TRACE org.hibernate.orm.jdbc.bind - binding parameter (4:TIMESTAMP_UTC) <- [2026-07-27T09:23:41.210103Z]
26-07-27 18:23:41.211 [Test worker] TRACE org.hibernate.orm.jdbc.bind - binding parameter (5:TIMESTAMP_UTC) <- [2026-07-27T09:23:41.210103Z]
26-07-27 18:23:41.211 [Test worker] TRACE org.hibernate.orm.jdbc.bind - binding parameter (6:UUID) <- [b02b48de-00f8-491d-86a6-559ab0715b68]
26-07-27 18:23:41.212 [Test worker] INFO  p6spy - #1785144221212 | took 0ms | statement | connection 11| url jdbc:h2:mem:discodeit-test
insert into messages (author_id,channel_id,content,created_at,updated_at,id) values (?,?,?,?,?,?)
insert into messages (author_id,channel_id,content,created_at,updated_at,id) values ('1fec8983-b13b-4135-9494-2790556e6b52','ce74dbc1-1a85-4d12-8e5c-9adc26e7bbdd','before','2026-07-27T09:23:41.210103Z','2026-07-27T09:23:41.210103Z','b02b48de-00f8-491d-86a6-559ab0715b68');
26-07-27 18:23:41.212 [Test worker] INFO  c.s.m.d.s.basic.BasicMessageService - Message created. messageId=b02b48de-00f8-491d-86a6-559ab0715b68, channelId=ce74dbc1-1a85-4d12-8e5c-9adc26e7bbdd, authorId=1fec8983-b13b-4135-9494-2790556e6b52, attachmentCount=0
26-07-27 18:23:41.219 [Test worker] DEBUG c.s.m.d.s.basic.BasicMessageService - Updating message. messageId=b02b48de-00f8-491d-86a6-559ab0715b68
26-07-27 18:23:41.220 [Test worker] INFO  c.s.m.d.s.basic.BasicMessageService - Message updated. messageId=b02b48de-00f8-491d-86a6-559ab0715b68
26-07-27 18:23:41.222 [Test worker] DEBUG c.s.m.d.s.basic.BasicMessageService - Deleting message. messageId=b02b48de-00f8-491d-86a6-559ab0715b68
26-07-27 18:23:41.223 [Test worker] INFO  c.s.m.d.s.basic.BasicMessageService - Message deleted. messageId=b02b48de-00f8-491d-86a6-559ab0715b68
26-07-27 18:23:41.226 [Test worker] INFO  p6spy - #1785144221226 | took 0ms | rollback | connection 11| url jdbc:h2:mem:discodeit-test

;
26-07-27 18:23:41.229 [Test worker] INFO  o.s.t.c.s.AnnotationConfigContextLoaderUtils - Could not detect default configuration classes for test class [com.sprint.mission.discodeit.integration.UserApiIntegrationTest]: UserApiIntegrationTest does not declare any static, non-private, non-final, nested classes annotated with @Configuration.
26-07-27 18:23:41.231 [Test worker] INFO  o.s.b.t.c.SpringBootTestContextBootstrapper - Found @SpringBootConfiguration com.sprint.mission.discodeit.DiscodeitApplication for test class com.sprint.mission.discodeit.integration.UserApiIntegrationTest
26-07-27 18:23:41.237 [Test worker] DEBUG c.s.m.d.s.basic.BasicUserService - Creating user. username=buzz, email=buzz@codeit.com, hasProfileImage=false
26-07-27 18:23:41.238 [Test worker] DEBUG org.hibernate.SQL - 
    select
        u1_0.id 
    from
        users u1_0 
    where
        u1_0.username=? 
        or u1_0.email=? 
    fetch
        first ? rows only
26-07-27 18:23:41.238 [Test worker] TRACE org.hibernate.orm.jdbc.bind - binding parameter (1:VARCHAR) <- [buzz]
26-07-27 18:23:41.238 [Test worker] TRACE org.hibernate.orm.jdbc.bind - binding parameter (2:VARCHAR) <- [buzz@codeit.com]
26-07-27 18:23:41.238 [Test worker] TRACE org.hibernate.orm.jdbc.bind - binding parameter (3:INTEGER) <- [1]
26-07-27 18:23:41.238 [Test worker] INFO  p6spy - #1785144221238 | took 0ms | statement | connection 12| url jdbc:h2:mem:discodeit-test
select u1_0.id from users u1_0 where u1_0.username=? or u1_0.email=? fetch first ? rows only
select u1_0.id from users u1_0 where u1_0.username='buzz' or u1_0.email='buzz@codeit.com' fetch first 1 rows only;
26-07-27 18:23:41.239 [Test worker] DEBUG org.hibernate.SQL - 
    insert 
    into
        users
        (created_at, email, password, profile_id, updated_at, username, id) 
    values
        (?, ?, ?, ?, ?, ?, ?)
26-07-27 18:23:41.239 [Test worker] TRACE org.hibernate.orm.jdbc.bind - binding parameter (1:TIMESTAMP_UTC) <- [2026-07-27T09:23:41.239117Z]
26-07-27 18:23:41.239 [Test worker] TRACE org.hibernate.orm.jdbc.bind - binding parameter (2:VARCHAR) <- [buzz@codeit.com]
26-07-27 18:23:41.239 [Test worker] TRACE org.hibernate.orm.jdbc.bind - binding parameter (3:VARCHAR) <- [password1]
26-07-27 18:23:41.239 [Test worker] TRACE org.hibernate.orm.jdbc.bind - binding parameter (4:UUID) <- [null]
26-07-27 18:23:41.240 [Test worker] TRACE org.hibernate.orm.jdbc.bind - binding parameter (5:TIMESTAMP_UTC) <- [2026-07-27T09:23:41.239117Z]
26-07-27 18:23:41.240 [Test worker] TRACE org.hibernate.orm.jdbc.bind - binding parameter (6:VARCHAR) <- [buzz]
26-07-27 18:23:41.240 [Test worker] TRACE org.hibernate.orm.jdbc.bind - binding parameter (7:UUID) <- [22f3d897-9fe7-46f8-9d75-88cc4767d63c]
26-07-27 18:23:41.240 [Test worker] INFO  p6spy - #1785144221240 | took 0ms | statement | connection 12| url jdbc:h2:mem:discodeit-test
insert into users (created_at,email,password,profile_id,updated_at,username,id) values (?,?,?,?,?,?,?)
insert into users (created_at,email,password,profile_id,updated_at,username,id) values ('2026-07-27T09:23:41.239117Z','buzz@codeit.com','password1',NULL,'2026-07-27T09:23:41.239117Z','buzz','22f3d897-9fe7-46f8-9d75-88cc4767d63c');
26-07-27 18:23:41.240 [Test worker] INFO  c.s.m.d.s.basic.BasicUserService - User created. userId=22f3d897-9fe7-46f8-9d75-88cc4767d63c, username=buzz
26-07-27 18:23:41.245 [Test worker] DEBUG c.s.m.d.s.basic.BasicUserService - Updating user. userId=22f3d897-9fe7-46f8-9d75-88cc4767d63c, hasProfileImage=false
26-07-27 18:23:41.247 [Test worker] DEBUG org.hibernate.SQL - 
    select
        u1_0.id 
    from
        users u1_0 
    where
        u1_0.username=? 
        and u1_0.id<>? 
    fetch
        first ? rows only
26-07-27 18:23:41.247 [Test worker] TRACE org.hibernate.orm.jdbc.bind - binding parameter (1:VARCHAR) <- [newBuzz]
26-07-27 18:23:41.247 [Test worker] TRACE org.hibernate.orm.jdbc.bind - binding parameter (2:UUID) <- [22f3d897-9fe7-46f8-9d75-88cc4767d63c]
26-07-27 18:23:41.247 [Test worker] TRACE org.hibernate.orm.jdbc.bind - binding parameter (3:INTEGER) <- [1]
26-07-27 18:23:41.247 [Test worker] INFO  p6spy - #1785144221247 | took 0ms | statement | connection 12| url jdbc:h2:mem:discodeit-test
select u1_0.id from users u1_0 where u1_0.username=? and u1_0.id<>? fetch first ? rows only
select u1_0.id from users u1_0 where u1_0.username='newBuzz' and u1_0.id<>'22f3d897-9fe7-46f8-9d75-88cc4767d63c' fetch first 1 rows only;
26-07-27 18:23:41.248 [Test worker] DEBUG org.hibernate.SQL - 
    select
        u1_0.id 
    from
        users u1_0 
    where
        u1_0.email=? 
        and u1_0.id<>? 
    fetch
        first ? rows only
26-07-27 18:23:41.249 [Test worker] TRACE org.hibernate.orm.jdbc.bind - binding parameter (1:VARCHAR) <- [new-buzz@codeit.com]
26-07-27 18:23:41.249 [Test worker] TRACE org.hibernate.orm.jdbc.bind - binding parameter (2:UUID) <- [22f3d897-9fe7-46f8-9d75-88cc4767d63c]
26-07-27 18:23:41.249 [Test worker] TRACE org.hibernate.orm.jdbc.bind - binding parameter (3:INTEGER) <- [1]
26-07-27 18:23:41.249 [Test worker] INFO  p6spy - #1785144221249 | took 0ms | statement | connection 12| url jdbc:h2:mem:discodeit-test
select u1_0.id from users u1_0 where u1_0.email=? and u1_0.id<>? fetch first ? rows only
select u1_0.id from users u1_0 where u1_0.email='new-buzz@codeit.com' and u1_0.id<>'22f3d897-9fe7-46f8-9d75-88cc4767d63c' fetch first 1 rows only;
26-07-27 18:23:41.254 [Test worker] DEBUG org.hibernate.SQL - 
    insert 
    into
        user_statuses
        (created_at, last_active_at, updated_at, user_id, id) 
    values
        (?, ?, ?, ?, ?)
26-07-27 18:23:41.255 [Test worker] TRACE org.hibernate.orm.jdbc.bind - binding parameter (1:TIMESTAMP_UTC) <- [2026-07-27T09:23:41.240829Z]
26-07-27 18:23:41.255 [Test worker] TRACE org.hibernate.orm.jdbc.bind - binding parameter (2:TIMESTAMP_UTC) <- [2026-07-27T09:23:41.240643Z]
26-07-27 18:23:41.255 [Test worker] TRACE org.hibernate.orm.jdbc.bind - binding parameter (3:TIMESTAMP_UTC) <- [2026-07-27T09:23:41.240829Z]
26-07-27 18:23:41.255 [Test worker] TRACE org.hibernate.orm.jdbc.bind - binding parameter (4:UUID) <- [22f3d897-9fe7-46f8-9d75-88cc4767d63c]
26-07-27 18:23:41.255 [Test worker] TRACE org.hibernate.orm.jdbc.bind - binding parameter (5:UUID) <- [77c4dfe9-bfcd-42d6-9770-8f3b7918cc11]
26-07-27 18:23:41.255 [Test worker] INFO  p6spy - #1785144221255 | took 0ms | statement | connection 12| url jdbc:h2:mem:discodeit-test
insert into user_statuses (created_at,last_active_at,updated_at,user_id,id) values (?,?,?,?,?)
insert into user_statuses (created_at,last_active_at,updated_at,user_id,id) values ('2026-07-27T09:23:41.240829Z','2026-07-27T09:23:41.240643Z','2026-07-27T09:23:41.240829Z','22f3d897-9fe7-46f8-9d75-88cc4767d63c','77c4dfe9-bfcd-42d6-9770-8f3b7918cc11');
26-07-27 18:23:41.255 [Test worker] DEBUG org.hibernate.SQL - 
    update
        users 
    set
        email=?,
        password=?,
        profile_id=?,
        updated_at=?,
        username=? 
    where
        id=?
26-07-27 18:23:41.256 [Test worker] TRACE org.hibernate.orm.jdbc.bind - binding parameter (1:VARCHAR) <- [new-buzz@codeit.com]
26-07-27 18:23:41.256 [Test worker] TRACE org.hibernate.orm.jdbc.bind - binding parameter (2:VARCHAR) <- [new-password]
26-07-27 18:23:41.256 [Test worker] TRACE org.hibernate.orm.jdbc.bind - binding parameter (3:UUID) <- [null]
26-07-27 18:23:41.256 [Test worker] TRACE org.hibernate.orm.jdbc.bind - binding parameter (4:TIMESTAMP_UTC) <- [2026-07-27T09:23:41.254618Z]
26-07-27 18:23:41.256 [Test worker] TRACE org.hibernate.orm.jdbc.bind - binding parameter (5:VARCHAR) <- [newBuzz]
26-07-27 18:23:41.256 [Test worker] TRACE org.hibernate.orm.jdbc.bind - binding parameter (6:UUID) <- [22f3d897-9fe7-46f8-9d75-88cc4767d63c]
26-07-27 18:23:41.256 [Test worker] INFO  p6spy - #1785144221256 | took 0ms | statement | connection 12| url jdbc:h2:mem:discodeit-test
update users set email=?,password=?,profile_id=?,updated_at=?,username=? where id=?
update users set email='new-buzz@codeit.com',password='new-password',profile_id=NULL,updated_at='2026-07-27T09:23:41.254618Z',username='newBuzz' where id='22f3d897-9fe7-46f8-9d75-88cc4767d63c';
26-07-27 18:23:41.256 [Test worker] DEBUG org.hibernate.SQL - 
    select
        us1_0.id,
        us1_0.created_at,
        us1_0.last_active_at,
        us1_0.updated_at,
        us1_0.user_id 
    from
        user_statuses us1_0 
    left join
        users u1_0 
            on u1_0.id=us1_0.user_id 
    where
        u1_0.id=?
26-07-27 18:23:41.257 [Test worker] TRACE org.hibernate.orm.jdbc.bind - binding parameter (1:UUID) <- [22f3d897-9fe7-46f8-9d75-88cc4767d63c]
26-07-27 18:23:41.257 [Test worker] INFO  p6spy - #1785144221257 | took 0ms | statement | connection 12| url jdbc:h2:mem:discodeit-test
select us1_0.id,us1_0.created_at,us1_0.last_active_at,us1_0.updated_at,us1_0.user_id from user_statuses us1_0 left join users u1_0 on u1_0.id=us1_0.user_id where u1_0.id=?
select us1_0.id,us1_0.created_at,us1_0.last_active_at,us1_0.updated_at,us1_0.user_id from user_statuses us1_0 left join users u1_0 on u1_0.id=us1_0.user_id where u1_0.id='22f3d897-9fe7-46f8-9d75-88cc4767d63c';
26-07-27 18:23:41.258 [Test worker] INFO  c.s.m.d.s.basic.BasicUserService - User updated. userId=22f3d897-9fe7-46f8-9d75-88cc4767d63c
26-07-27 18:23:41.260 [Test worker] DEBUG c.s.m.d.s.basic.BasicUserService - Deleting user. userId=22f3d897-9fe7-46f8-9d75-88cc4767d63c
26-07-27 18:23:41.261 [Test worker] DEBUG org.hibernate.SQL - 
    select
        c1_0.id,
        c1_0.created_at,
        c1_0.description,
        c1_0.name,
        c1_0.type,
        c1_0.updated_at 
    from
        channels c1_0
26-07-27 18:23:41.261 [Test worker] INFO  p6spy - #1785144221261 | took 0ms | statement | connection 12| url jdbc:h2:mem:discodeit-test
select c1_0.id,c1_0.created_at,c1_0.description,c1_0.name,c1_0.type,c1_0.updated_at from channels c1_0
select c1_0.id,c1_0.created_at,c1_0.description,c1_0.name,c1_0.type,c1_0.updated_at from channels c1_0;
26-07-27 18:23:41.262 [Test worker] DEBUG org.hibernate.SQL - 
    select
        m1_0.id,
        m1_0.author_id,
        m1_0.channel_id,
        m1_0.content,
        m1_0.created_at,
        m1_0.updated_at 
    from
        messages m1_0
26-07-27 18:23:41.263 [Test worker] INFO  p6spy - #1785144221263 | took 0ms | statement | connection 12| url jdbc:h2:mem:discodeit-test
select m1_0.id,m1_0.author_id,m1_0.channel_id,m1_0.content,m1_0.created_at,m1_0.updated_at from messages m1_0
select m1_0.id,m1_0.author_id,m1_0.channel_id,m1_0.content,m1_0.created_at,m1_0.updated_at from messages m1_0;
26-07-27 18:23:41.265 [Test worker] DEBUG org.hibernate.SQL - 
    select
        rs1_0.id,
        rs1_0.channel_id,
        rs1_0.created_at,
        rs1_0.last_read_at,
        rs1_0.updated_at,
        rs1_0.user_id 
    from
        read_statuses rs1_0 
    left join
        users u1_0 
            on u1_0.id=rs1_0.user_id 
    where
        u1_0.id=?
26-07-27 18:23:41.265 [Test worker] TRACE org.hibernate.orm.jdbc.bind - binding parameter (1:UUID) <- [22f3d897-9fe7-46f8-9d75-88cc4767d63c]
26-07-27 18:23:41.265 [Test worker] INFO  p6spy - #1785144221265 | took 0ms | statement | connection 12| url jdbc:h2:mem:discodeit-test
select rs1_0.id,rs1_0.channel_id,rs1_0.created_at,rs1_0.last_read_at,rs1_0.updated_at,rs1_0.user_id from read_statuses rs1_0 left join users u1_0 on u1_0.id=rs1_0.user_id where u1_0.id=?
select rs1_0.id,rs1_0.channel_id,rs1_0.created_at,rs1_0.last_read_at,rs1_0.updated_at,rs1_0.user_id from read_statuses rs1_0 left join users u1_0 on u1_0.id=rs1_0.user_id where u1_0.id='22f3d897-9fe7-46f8-9d75-88cc4767d63c';
26-07-27 18:23:41.267 [Test worker] DEBUG org.hibernate.SQL - 
    select
        us1_0.id,
        us1_0.created_at,
        us1_0.last_active_at,
        us1_0.updated_at,
        us1_0.user_id 
    from
        user_statuses us1_0 
    left join
        users u1_0 
            on u1_0.id=us1_0.user_id 
    where
        u1_0.id=?
26-07-27 18:23:41.267 [Test worker] TRACE org.hibernate.orm.jdbc.bind - binding parameter (1:UUID) <- [22f3d897-9fe7-46f8-9d75-88cc4767d63c]
26-07-27 18:23:41.267 [Test worker] INFO  p6spy - #1785144221267 | took 0ms | statement | connection 12| url jdbc:h2:mem:discodeit-test
select us1_0.id,us1_0.created_at,us1_0.last_active_at,us1_0.updated_at,us1_0.user_id from user_statuses us1_0 left join users u1_0 on u1_0.id=us1_0.user_id where u1_0.id=?
select us1_0.id,us1_0.created_at,us1_0.last_active_at,us1_0.updated_at,us1_0.user_id from user_statuses us1_0 left join users u1_0 on u1_0.id=us1_0.user_id where u1_0.id='22f3d897-9fe7-46f8-9d75-88cc4767d63c';
26-07-27 18:23:41.268 [Test worker] INFO  c.s.m.d.s.basic.BasicUserService - User deleted. userId=22f3d897-9fe7-46f8-9d75-88cc4767d63c
26-07-27 18:23:41.271 [Test worker] INFO  p6spy - #1785144221271 | took 0ms | rollback | connection 12| url jdbc:h2:mem:discodeit-test

;
26-07-27 18:23:41.279 [Test worker] INFO  p6spy - #1785144221279 | took 0ms | rollback | connection 13| url jdbc:h2:mem:discodeit-test

;
26-07-27 18:23:41.283 [Test worker] DEBUG c.s.m.d.s.basic.BasicUserService - Creating user. username=woody, email=woody@codeit.com, hasProfileImage=false
26-07-27 18:23:41.284 [Test worker] DEBUG org.hibernate.SQL - 
    select
        u1_0.id 
    from
        users u1_0 
    where
        u1_0.username=? 
        or u1_0.email=? 
    fetch
        first ? rows only
26-07-27 18:23:41.284 [Test worker] TRACE org.hibernate.orm.jdbc.bind - binding parameter (1:VARCHAR) <- [woody]
26-07-27 18:23:41.284 [Test worker] TRACE org.hibernate.orm.jdbc.bind - binding parameter (2:VARCHAR) <- [woody@codeit.com]
26-07-27 18:23:41.284 [Test worker] TRACE org.hibernate.orm.jdbc.bind - binding parameter (3:INTEGER) <- [1]
26-07-27 18:23:41.284 [Test worker] INFO  p6spy - #1785144221284 | took 0ms | statement | connection 14| url jdbc:h2:mem:discodeit-test
select u1_0.id from users u1_0 where u1_0.username=? or u1_0.email=? fetch first ? rows only
select u1_0.id from users u1_0 where u1_0.username='woody' or u1_0.email='woody@codeit.com' fetch first 1 rows only;
26-07-27 18:23:41.285 [Test worker] DEBUG org.hibernate.SQL - 
    insert 
    into
        users
        (created_at, email, password, profile_id, updated_at, username, id) 
    values
        (?, ?, ?, ?, ?, ?, ?)
26-07-27 18:23:41.285 [Test worker] TRACE org.hibernate.orm.jdbc.bind - binding parameter (1:TIMESTAMP_UTC) <- [2026-07-27T09:23:41.285224Z]
26-07-27 18:23:41.285 [Test worker] TRACE org.hibernate.orm.jdbc.bind - binding parameter (2:VARCHAR) <- [woody@codeit.com]
26-07-27 18:23:41.286 [Test worker] TRACE org.hibernate.orm.jdbc.bind - binding parameter (3:VARCHAR) <- [password1]
26-07-27 18:23:41.286 [Test worker] TRACE org.hibernate.orm.jdbc.bind - binding parameter (4:UUID) <- [null]
26-07-27 18:23:41.286 [Test worker] TRACE org.hibernate.orm.jdbc.bind - binding parameter (5:TIMESTAMP_UTC) <- [2026-07-27T09:23:41.285224Z]
26-07-27 18:23:41.286 [Test worker] TRACE org.hibernate.orm.jdbc.bind - binding parameter (6:VARCHAR) <- [woody]
26-07-27 18:23:41.286 [Test worker] TRACE org.hibernate.orm.jdbc.bind - binding parameter (7:UUID) <- [dc2a2a72-95ee-455c-a2f5-78f4d704012b]
26-07-27 18:23:41.286 [Test worker] INFO  p6spy - #1785144221286 | took 0ms | statement | connection 14| url jdbc:h2:mem:discodeit-test
insert into users (created_at,email,password,profile_id,updated_at,username,id) values (?,?,?,?,?,?,?)
insert into users (created_at,email,password,profile_id,updated_at,username,id) values ('2026-07-27T09:23:41.285224Z','woody@codeit.com','password1',NULL,'2026-07-27T09:23:41.285224Z','woody','dc2a2a72-95ee-455c-a2f5-78f4d704012b');
26-07-27 18:23:41.287 [Test worker] INFO  c.s.m.d.s.basic.BasicUserService - User created. userId=dc2a2a72-95ee-455c-a2f5-78f4d704012b, username=woody
26-07-27 18:23:41.289 [Test worker] DEBUG org.hibernate.SQL - 
    select
        u1_0.id,
        u1_0.created_at,
        u1_0.email,
        u1_0.password,
        u1_0.profile_id,
        u1_0.updated_at,
        u1_0.username 
    from
        users u1_0
26-07-27 18:23:41.289 [Test worker] INFO  p6spy - #1785144221289 | took 0ms | statement | connection 14| url jdbc:h2:mem:discodeit-test
select u1_0.id,u1_0.created_at,u1_0.email,u1_0.password,u1_0.profile_id,u1_0.updated_at,u1_0.username from users u1_0
select u1_0.id,u1_0.created_at,u1_0.email,u1_0.password,u1_0.profile_id,u1_0.updated_at,u1_0.username from users u1_0;
26-07-27 18:23:41.291 [Test worker] DEBUG org.hibernate.SQL - 
    insert 
    into
        user_statuses
        (created_at, last_active_at, updated_at, user_id, id) 
    values
        (?, ?, ?, ?, ?)
26-07-27 18:23:41.291 [Test worker] TRACE org.hibernate.orm.jdbc.bind - binding parameter (1:TIMESTAMP_UTC) <- [2026-07-27T09:23:41.286954Z]
26-07-27 18:23:41.291 [Test worker] TRACE org.hibernate.orm.jdbc.bind - binding parameter (2:TIMESTAMP_UTC) <- [2026-07-27T09:23:41.286767Z]
26-07-27 18:23:41.291 [Test worker] TRACE org.hibernate.orm.jdbc.bind - binding parameter (3:TIMESTAMP_UTC) <- [2026-07-27T09:23:41.286954Z]
26-07-27 18:23:41.291 [Test worker] TRACE org.hibernate.orm.jdbc.bind - binding parameter (4:UUID) <- [dc2a2a72-95ee-455c-a2f5-78f4d704012b]
26-07-27 18:23:41.291 [Test worker] TRACE org.hibernate.orm.jdbc.bind - binding parameter (5:UUID) <- [fcdb0282-853e-4f3c-be71-9c45d9ebd5a3]
26-07-27 18:23:41.292 [Test worker] INFO  p6spy - #1785144221292 | took 0ms | statement | connection 14| url jdbc:h2:mem:discodeit-test
insert into user_statuses (created_at,last_active_at,updated_at,user_id,id) values (?,?,?,?,?)
insert into user_statuses (created_at,last_active_at,updated_at,user_id,id) values ('2026-07-27T09:23:41.286954Z','2026-07-27T09:23:41.286767Z','2026-07-27T09:23:41.286954Z','dc2a2a72-95ee-455c-a2f5-78f4d704012b','fcdb0282-853e-4f3c-be71-9c45d9ebd5a3');
26-07-27 18:23:41.292 [Test worker] DEBUG org.hibernate.SQL - 
    select
        us1_0.id,
        us1_0.created_at,
        us1_0.last_active_at,
        us1_0.updated_at,
        us1_0.user_id 
    from
        user_statuses us1_0 
    left join
        users u1_0 
            on u1_0.id=us1_0.user_id 
    where
        u1_0.id=?
26-07-27 18:23:41.292 [Test worker] TRACE org.hibernate.orm.jdbc.bind - binding parameter (1:UUID) <- [dc2a2a72-95ee-455c-a2f5-78f4d704012b]
26-07-27 18:23:41.292 [Test worker] INFO  p6spy - #1785144221292 | took 0ms | statement | connection 14| url jdbc:h2:mem:discodeit-test
select us1_0.id,us1_0.created_at,us1_0.last_active_at,us1_0.updated_at,us1_0.user_id from user_statuses us1_0 left join users u1_0 on u1_0.id=us1_0.user_id where u1_0.id=?
select us1_0.id,us1_0.created_at,us1_0.last_active_at,us1_0.updated_at,us1_0.user_id from user_statuses us1_0 left join users u1_0 on u1_0.id=us1_0.user_id where u1_0.id='dc2a2a72-95ee-455c-a2f5-78f4d704012b';
26-07-27 18:23:41.298 [Test worker] INFO  p6spy - #1785144221298 | took 0ms | rollback | connection 14| url jdbc:h2:mem:discodeit-test

;
26-07-27 18:23:41.302 [Test worker] INFO  o.s.t.c.s.AnnotationConfigContextLoaderUtils - Could not detect default configuration classes for test class [com.sprint.mission.discodeit.repository.ChannelRepositoryTest]: ChannelRepositoryTest does not declare any static, non-private, non-final, nested classes annotated with @Configuration.
26-07-27 18:23:41.312 [Test worker] INFO  o.s.b.t.c.SpringBootTestContextBootstrapper - Found @SpringBootConfiguration com.sprint.mission.discodeit.DiscodeitApplication for test class com.sprint.mission.discodeit.repository.ChannelRepositoryTest
26-07-27 18:23:41.333 [Test worker] INFO  c.s.m.d.r.ChannelRepositoryTest - Starting ChannelRepositoryTest using Java 17.0.19 with PID 38468 (started by apple in /Users/apple/Desktop/codeit-13th-develop/13-sprint-mission)
26-07-27 18:23:41.333 [Test worker] DEBUG c.s.m.d.r.ChannelRepositoryTest - Running with Spring Boot v3.5.14, Spring v6.2.18
26-07-27 18:23:41.333 [Test worker] INFO  c.s.m.d.r.ChannelRepositoryTest - The following 1 profile is active: "test"
26-07-27 18:23:41.421 [Test worker] INFO  o.s.d.r.c.RepositoryConfigurationDelegate - Bootstrapping Spring Data JPA repositories in DEFAULT mode.
26-07-27 18:23:41.440 [Test worker] INFO  o.s.d.r.c.RepositoryConfigurationDelegate - Finished Spring Data repository scanning in 18 ms. Found 6 JPA repository interfaces.
26-07-27 18:23:41.452 [Test worker] INFO  o.s.b.t.a.j.TestDatabaseAutoConfiguration$EmbeddedDataSourceBeanFactoryPostProcessor - Replacing 'dataSource' DataSource bean with embedded version
26-07-27 18:23:41.469 [Test worker] INFO  o.s.j.d.e.EmbeddedDatabaseFactory - Starting embedded database: url='jdbc:h2:mem:7697003f-f59c-4f37-b865-30b4face72ff;DB_CLOSE_DELAY=-1;DB_CLOSE_ON_EXIT=false', username='sa'
26-07-27 18:23:41.477 [Test worker] INFO  c.g.g.b.j.d.p6spy.P6SpyConfiguration - P6Spy modulelist is overridden, some p6spy configuration features will not be applied
26-07-27 18:23:41.495 [Test worker] INFO  o.h.jpa.internal.util.LogHelper - HHH000204: Processing PersistenceUnitInfo [name: default]
26-07-27 18:23:41.500 [Test worker] INFO  o.h.c.i.RegionFactoryInitiator - HHH000026: Second-level cache disabled
26-07-27 18:23:41.507 [Test worker] INFO  o.s.o.j.p.SpringPersistenceUnitInfo - No LoadTimeWeaver setup: ignoring JPA class transformer
26-07-27 18:23:41.509 [Test worker] INFO  o.hibernate.orm.connections.pooling - HHH10001005: Database info:
	Database JDBC URL [Connecting through datasource 'p6SpyDataSourceDecorator [com.p6spy.engine.spy.P6DataSource] -> dataSource [org.springframework.jdbc.datasource.embedded.EmbeddedDatabaseFactory$EmbeddedDataSourceProxy]']
	Database driver: undefined/unknown
	Database version: 2.3.232
	Autocommit mode: undefined/unknown
	Isolation level: undefined/unknown
	Minimum pool size: undefined/unknown
	Maximum pool size: undefined/unknown
26-07-27 18:23:41.556 [Test worker] INFO  o.h.e.t.j.p.i.JtaPlatformInitiator - HHH000489: No JTA platform available (set 'hibernate.transaction.jta.platform' to enable JTA platform integration)
26-07-27 18:23:41.556 [Test worker] DEBUG org.hibernate.SQL - 
    drop table if exists binary_contents cascade 
26-07-27 18:23:41.557 [Test worker] INFO  p6spy - #1785144221557 | took 0ms | statement | connection 16| url jdbc:h2:mem:7697003f-f59c-4f37-b865-30b4face72ff

    drop table if exists binary_contents cascade 

    drop table if exists binary_contents cascade ;
26-07-27 18:23:41.557 [Test worker] DEBUG org.hibernate.SQL - 
    drop table if exists channels cascade 
26-07-27 18:23:41.557 [Test worker] INFO  p6spy - #1785144221557 | took 0ms | statement | connection 16| url jdbc:h2:mem:7697003f-f59c-4f37-b865-30b4face72ff

    drop table if exists channels cascade 

    drop table if exists channels cascade ;
26-07-27 18:23:41.557 [Test worker] DEBUG org.hibernate.SQL - 
    drop table if exists message_attachments cascade 
26-07-27 18:23:41.557 [Test worker] INFO  p6spy - #1785144221557 | took 0ms | statement | connection 16| url jdbc:h2:mem:7697003f-f59c-4f37-b865-30b4face72ff

    drop table if exists message_attachments cascade 

    drop table if exists message_attachments cascade ;
26-07-27 18:23:41.557 [Test worker] DEBUG org.hibernate.SQL - 
    drop table if exists messages cascade 
26-07-27 18:23:41.557 [Test worker] INFO  p6spy - #1785144221557 | took 0ms | statement | connection 16| url jdbc:h2:mem:7697003f-f59c-4f37-b865-30b4face72ff

    drop table if exists messages cascade 

    drop table if exists messages cascade ;
26-07-27 18:23:41.557 [Test worker] DEBUG org.hibernate.SQL - 
    drop table if exists read_statuses cascade 
26-07-27 18:23:41.558 [Test worker] INFO  p6spy - #1785144221558 | took 0ms | statement | connection 16| url jdbc:h2:mem:7697003f-f59c-4f37-b865-30b4face72ff

    drop table if exists read_statuses cascade 

    drop table if exists read_statuses cascade ;
26-07-27 18:23:41.558 [Test worker] DEBUG org.hibernate.SQL - 
    drop table if exists user_statuses cascade 
26-07-27 18:23:41.558 [Test worker] INFO  p6spy - #1785144221558 | took 0ms | statement | connection 16| url jdbc:h2:mem:7697003f-f59c-4f37-b865-30b4face72ff

    drop table if exists user_statuses cascade 

    drop table if exists user_statuses cascade ;
26-07-27 18:23:41.558 [Test worker] DEBUG org.hibernate.SQL - 
    drop table if exists users cascade 
26-07-27 18:23:41.558 [Test worker] INFO  p6spy - #1785144221558 | took 0ms | statement | connection 16| url jdbc:h2:mem:7697003f-f59c-4f37-b865-30b4face72ff

    drop table if exists users cascade 

    drop table if exists users cascade ;
26-07-27 18:23:41.558 [Test worker] DEBUG org.hibernate.SQL - 
    create table binary_contents (
        created_at timestamp(6) with time zone not null,
        size bigint not null,
        id uuid not null,
        content_type varchar(100) not null,
        file_name varchar(255) not null,
        primary key (id)
    )
26-07-27 18:23:41.559 [Test worker] INFO  p6spy - #1785144221559 | took 0ms | statement | connection 17| url jdbc:h2:mem:7697003f-f59c-4f37-b865-30b4face72ff

    create table binary_contents (
        created_at timestamp(6) with time zone not null,
        size bigint not null,
        id uuid not null,
        content_type varchar(100) not null,
        file_name varchar(255) not null,
        primary key (id)
    )

    create table binary_contents (
        created_at timestamp(6) with time zone not null,
        size bigint not null,
        id uuid not null,
        content_type varchar(100) not null,
        file_name varchar(255) not null,
        primary key (id)
    );
26-07-27 18:23:41.559 [Test worker] DEBUG org.hibernate.SQL - 
    create table channels (
        created_at timestamp(6) with time zone not null,
        updated_at timestamp(6) with time zone,
        id uuid not null,
        name varchar(100),
        description varchar(500),
        type enum ('PRIVATE','PUBLIC') not null,
        primary key (id)
    )
26-07-27 18:23:41.561 [Test worker] INFO  p6spy - #1785144221561 | took 0ms | statement | connection 17| url jdbc:h2:mem:7697003f-f59c-4f37-b865-30b4face72ff

    create table channels (
        created_at timestamp(6) with time zone not null,
        updated_at timestamp(6) with time zone,
        id uuid not null,
        name varchar(100),
        description varchar(500),
        type enum ('PRIVATE','PUBLIC') not null,
        primary key (id)
    )

    create table channels (
        created_at timestamp(6) with time zone not null,
        updated_at timestamp(6) with time zone,
        id uuid not null,
        name varchar(100),
        description varchar(500),
        type enum ('PRIVATE','PUBLIC') not null,
        primary key (id)
    );
26-07-27 18:23:41.561 [Test worker] DEBUG org.hibernate.SQL - 
    create table message_attachments (
        attachment_id uuid not null unique,
        message_id uuid not null
    )
26-07-27 18:23:41.561 [Test worker] INFO  p6spy - #1785144221561 | took 0ms | statement | connection 17| url jdbc:h2:mem:7697003f-f59c-4f37-b865-30b4face72ff

    create table message_attachments (
        attachment_id uuid not null unique,
        message_id uuid not null
    )

    create table message_attachments (
        attachment_id uuid not null unique,
        message_id uuid not null
    );
26-07-27 18:23:41.562 [Test worker] DEBUG org.hibernate.SQL - 
    create table messages (
        created_at timestamp(6) with time zone not null,
        updated_at timestamp(6) with time zone,
        author_id uuid,
        channel_id uuid not null,
        id uuid not null,
        content text,
        primary key (id)
    )
26-07-27 18:23:41.563 [Test worker] INFO  p6spy - #1785144221563 | took 0ms | statement | connection 17| url jdbc:h2:mem:7697003f-f59c-4f37-b865-30b4face72ff

    create table messages (
        created_at timestamp(6) with time zone not null,
        updated_at timestamp(6) with time zone,
        author_id uuid,
        channel_id uuid not null,
        id uuid not null,
        content text,
        primary key (id)
    )

    create table messages (
        created_at timestamp(6) with time zone not null,
        updated_at timestamp(6) with time zone,
        author_id uuid,
        channel_id uuid not null,
        id uuid not null,
        content text,
        primary key (id)
    );
26-07-27 18:23:41.563 [Test worker] DEBUG org.hibernate.SQL - 
    create table read_statuses (
        created_at timestamp(6) with time zone not null,
        last_read_at timestamp(6) with time zone not null,
        updated_at timestamp(6) with time zone,
        channel_id uuid not null,
        id uuid not null,
        user_id uuid not null,
        primary key (id)
    )
26-07-27 18:23:41.564 [Test worker] INFO  p6spy - #1785144221564 | took 0ms | statement | connection 17| url jdbc:h2:mem:7697003f-f59c-4f37-b865-30b4face72ff

    create table read_statuses (
        created_at timestamp(6) with time zone not null,
        last_read_at timestamp(6) with time zone not null,
        updated_at timestamp(6) with time zone,
        channel_id uuid not null,
        id uuid not null,
        user_id uuid not null,
        primary key (id)
    )

    create table read_statuses (
        created_at timestamp(6) with time zone not null,
        last_read_at timestamp(6) with time zone not null,
        updated_at timestamp(6) with time zone,
        channel_id uuid not null,
        id uuid not null,
        user_id uuid not null,
        primary key (id)
    );
26-07-27 18:23:41.564 [Test worker] DEBUG org.hibernate.SQL - 
    create table user_statuses (
        created_at timestamp(6) with time zone not null,
        last_active_at timestamp(6) with time zone not null,
        updated_at timestamp(6) with time zone,
        id uuid not null,
        user_id uuid not null unique,
        primary key (id)
    )
26-07-27 18:23:41.565 [Test worker] INFO  p6spy - #1785144221565 | took 0ms | statement | connection 17| url jdbc:h2:mem:7697003f-f59c-4f37-b865-30b4face72ff

    create table user_statuses (
        created_at timestamp(6) with time zone not null,
        last_active_at timestamp(6) with time zone not null,
        updated_at timestamp(6) with time zone,
        id uuid not null,
        user_id uuid not null unique,
        primary key (id)
    )

    create table user_statuses (
        created_at timestamp(6) with time zone not null,
        last_active_at timestamp(6) with time zone not null,
        updated_at timestamp(6) with time zone,
        id uuid not null,
        user_id uuid not null unique,
        primary key (id)
    );
26-07-27 18:23:41.565 [Test worker] DEBUG org.hibernate.SQL - 
    create table users (
        created_at timestamp(6) with time zone not null,
        updated_at timestamp(6) with time zone,
        id uuid not null,
        profile_id uuid unique,
        username varchar(50) not null unique,
        password varchar(60) not null,
        email varchar(100) not null unique,
        primary key (id)
    )
26-07-27 18:23:41.567 [Test worker] INFO  p6spy - #1785144221567 | took 0ms | statement | connection 17| url jdbc:h2:mem:7697003f-f59c-4f37-b865-30b4face72ff

    create table users (
        created_at timestamp(6) with time zone not null,
        updated_at timestamp(6) with time zone,
        id uuid not null,
        profile_id uuid unique,
        username varchar(50) not null unique,
        password varchar(60) not null,
        email varchar(100) not null unique,
        primary key (id)
    )

    create table users (
        created_at timestamp(6) with time zone not null,
        updated_at timestamp(6) with time zone,
        id uuid not null,
        profile_id uuid unique,
        username varchar(50) not null unique,
        password varchar(60) not null,
        email varchar(100) not null unique,
        primary key (id)
    );
26-07-27 18:23:41.567 [Test worker] DEBUG org.hibernate.SQL - 
    alter table if exists message_attachments 
       add constraint FKsd1m8rb8jcpbcnb7rpdue7ctc 
       foreign key (attachment_id) 
       references binary_contents
26-07-27 18:23:41.568 [Test worker] INFO  p6spy - #1785144221568 | took 0ms | statement | connection 17| url jdbc:h2:mem:7697003f-f59c-4f37-b865-30b4face72ff

    alter table if exists message_attachments 
       add constraint FKsd1m8rb8jcpbcnb7rpdue7ctc 
       foreign key (attachment_id) 
       references binary_contents

    alter table if exists message_attachments 
       add constraint FKsd1m8rb8jcpbcnb7rpdue7ctc 
       foreign key (attachment_id) 
       references binary_contents;
26-07-27 18:23:41.568 [Test worker] DEBUG org.hibernate.SQL - 
    alter table if exists message_attachments 
       add constraint FKj7twd218e2gqw9cmlhwvo1rth 
       foreign key (message_id) 
       references messages
26-07-27 18:23:41.569 [Test worker] INFO  p6spy - #1785144221569 | took 0ms | statement | connection 17| url jdbc:h2:mem:7697003f-f59c-4f37-b865-30b4face72ff

    alter table if exists message_attachments 
       add constraint FKj7twd218e2gqw9cmlhwvo1rth 
       foreign key (message_id) 
       references messages

    alter table if exists message_attachments 
       add constraint FKj7twd218e2gqw9cmlhwvo1rth 
       foreign key (message_id) 
       references messages;
26-07-27 18:23:41.569 [Test worker] DEBUG org.hibernate.SQL - 
    alter table if exists messages 
       add constraint FKowtlim26svclkatusptbgi7u1 
       foreign key (author_id) 
       references users
26-07-27 18:23:41.570 [Test worker] INFO  p6spy - #1785144221570 | took 0ms | statement | connection 17| url jdbc:h2:mem:7697003f-f59c-4f37-b865-30b4face72ff

    alter table if exists messages 
       add constraint FKowtlim26svclkatusptbgi7u1 
       foreign key (author_id) 
       references users

    alter table if exists messages 
       add constraint FKowtlim26svclkatusptbgi7u1 
       foreign key (author_id) 
       references users;
26-07-27 18:23:41.570 [Test worker] DEBUG org.hibernate.SQL - 
    alter table if exists messages 
       add constraint FK3u3ckbhwq9se1cmopk2pq05b2 
       foreign key (channel_id) 
       references channels
26-07-27 18:23:41.570 [Test worker] INFO  p6spy - #1785144221570 | took 0ms | statement | connection 17| url jdbc:h2:mem:7697003f-f59c-4f37-b865-30b4face72ff

    alter table if exists messages 
       add constraint FK3u3ckbhwq9se1cmopk2pq05b2 
       foreign key (channel_id) 
       references channels

    alter table if exists messages 
       add constraint FK3u3ckbhwq9se1cmopk2pq05b2 
       foreign key (channel_id) 
       references channels;
26-07-27 18:23:41.571 [Test worker] DEBUG org.hibernate.SQL - 
    alter table if exists read_statuses 
       add constraint FKa38ri44ml4gfdpklx4ahqr8gd 
       foreign key (channel_id) 
       references channels
26-07-27 18:23:41.571 [Test worker] INFO  p6spy - #1785144221571 | took 0ms | statement | connection 17| url jdbc:h2:mem:7697003f-f59c-4f37-b865-30b4face72ff

    alter table if exists read_statuses 
       add constraint FKa38ri44ml4gfdpklx4ahqr8gd 
       foreign key (channel_id) 
       references channels

    alter table if exists read_statuses 
       add constraint FKa38ri44ml4gfdpklx4ahqr8gd 
       foreign key (channel_id) 
       references channels;
26-07-27 18:23:41.571 [Test worker] DEBUG org.hibernate.SQL - 
    alter table if exists read_statuses 
       add constraint FKml3k4wr9sj5yxrmj6d0aoib2e 
       foreign key (user_id) 
       references users
26-07-27 18:23:41.572 [Test worker] INFO  p6spy - #1785144221572 | took 0ms | statement | connection 17| url jdbc:h2:mem:7697003f-f59c-4f37-b865-30b4face72ff

    alter table if exists read_statuses 
       add constraint FKml3k4wr9sj5yxrmj6d0aoib2e 
       foreign key (user_id) 
       references users

    alter table if exists read_statuses 
       add constraint FKml3k4wr9sj5yxrmj6d0aoib2e 
       foreign key (user_id) 
       references users;
26-07-27 18:23:41.572 [Test worker] DEBUG org.hibernate.SQL - 
    alter table if exists user_statuses 
       add constraint FK4lfl3ei2ubchgcxrrpo3pw4mm 
       foreign key (user_id) 
       references users
26-07-27 18:23:41.573 [Test worker] INFO  p6spy - #1785144221573 | took 0ms | statement | connection 17| url jdbc:h2:mem:7697003f-f59c-4f37-b865-30b4face72ff

    alter table if exists user_statuses 
       add constraint FK4lfl3ei2ubchgcxrrpo3pw4mm 
       foreign key (user_id) 
       references users

    alter table if exists user_statuses 
       add constraint FK4lfl3ei2ubchgcxrrpo3pw4mm 
       foreign key (user_id) 
       references users;
26-07-27 18:23:41.573 [Test worker] DEBUG org.hibernate.SQL - 
    alter table if exists users 
       add constraint FKtbudycgrip49xdptogmhfqnso 
       foreign key (profile_id) 
       references binary_contents
26-07-27 18:23:41.574 [Test worker] INFO  p6spy - #1785144221574 | took 0ms | statement | connection 17| url jdbc:h2:mem:7697003f-f59c-4f37-b865-30b4face72ff

    alter table if exists users 
       add constraint FKtbudycgrip49xdptogmhfqnso 
       foreign key (profile_id) 
       references binary_contents

    alter table if exists users 
       add constraint FKtbudycgrip49xdptogmhfqnso 
       foreign key (profile_id) 
       references binary_contents;
26-07-27 18:23:41.575 [Test worker] INFO  o.s.o.j.LocalContainerEntityManagerFactoryBean - Initialized JPA EntityManagerFactory for persistence unit 'default'
26-07-27 18:23:41.654 [Test worker] INFO  c.s.m.d.r.ChannelRepositoryTest - Started ChannelRepositoryTest in 0.34 seconds (process running for 8.063)
26-07-27 18:23:41.664 [Test worker] INFO  p6spy - #1785144221664 | took 0ms | rollback | connection 18| url jdbc:h2:mem:7697003f-f59c-4f37-b865-30b4face72ff

;
26-07-27 18:23:41.667 [Test worker] DEBUG org.hibernate.SQL - 
    select
        c1_0.id,
        c1_0.created_at,
        c1_0.description,
        c1_0.name,
        c1_0.type,
        c1_0.updated_at 
    from
        channels c1_0 
    where
        c1_0.id=?
26-07-27 18:23:41.667 [Test worker] TRACE org.hibernate.orm.jdbc.bind - binding parameter (1:UUID) <- [325c2c09-d883-42eb-b382-9ac8c46a83eb]
26-07-27 18:23:41.667 [Test worker] INFO  p6spy - #1785144221667 | took 0ms | statement | connection 19| url jdbc:h2:mem:7697003f-f59c-4f37-b865-30b4face72ff
select c1_0.id,c1_0.created_at,c1_0.description,c1_0.name,c1_0.type,c1_0.updated_at from channels c1_0 where c1_0.id=?
select c1_0.id,c1_0.created_at,c1_0.description,c1_0.name,c1_0.type,c1_0.updated_at from channels c1_0 where c1_0.id='325c2c09-d883-42eb-b382-9ac8c46a83eb';
26-07-27 18:23:41.670 [Test worker] INFO  p6spy - #1785144221670 | took 0ms | rollback | connection 19| url jdbc:h2:mem:7697003f-f59c-4f37-b865-30b4face72ff

;
26-07-27 18:23:41.677 [Test worker] INFO  p6spy - #1785144221677 | took 0ms | rollback | connection 20| url jdbc:h2:mem:7697003f-f59c-4f37-b865-30b4face72ff

;
26-07-27 18:23:41.681 [Test worker] INFO  o.s.t.c.s.AnnotationConfigContextLoaderUtils - Could not detect default configuration classes for test class [com.sprint.mission.discodeit.repository.MessageRepositoryTest]: MessageRepositoryTest does not declare any static, non-private, non-final, nested classes annotated with @Configuration.
26-07-27 18:23:41.683 [Test worker] INFO  o.s.b.t.c.SpringBootTestContextBootstrapper - Found @SpringBootConfiguration com.sprint.mission.discodeit.DiscodeitApplication for test class com.sprint.mission.discodeit.repository.MessageRepositoryTest
26-07-27 18:23:41.692 [Test worker] DEBUG org.hibernate.SQL - 
    select
        m1_0.channel_id,
        max(m1_0.created_at) 
    from
        messages m1_0 
    where
        m1_0.channel_id in (?) 
    group by
        m1_0.channel_id
26-07-27 18:23:41.692 [Test worker] TRACE org.hibernate.orm.jdbc.bind - binding parameter (1:UUID) <- [9b4dab8e-f5f2-4c91-9071-9ee8806bbf21]
26-07-27 18:23:41.692 [Test worker] INFO  p6spy - #1785144221692 | took 0ms | statement | connection 21| url jdbc:h2:mem:7697003f-f59c-4f37-b865-30b4face72ff
select m1_0.channel_id,max(m1_0.created_at) from messages m1_0 where m1_0.channel_id in (?) group by m1_0.channel_id
select m1_0.channel_id,max(m1_0.created_at) from messages m1_0 where m1_0.channel_id in ('9b4dab8e-f5f2-4c91-9071-9ee8806bbf21') group by m1_0.channel_id;
26-07-27 18:23:41.701 [Test worker] INFO  p6spy - #1785144221701 | took 0ms | rollback | connection 21| url jdbc:h2:mem:7697003f-f59c-4f37-b865-30b4face72ff

;
26-07-27 18:23:41.710 [Test worker] DEBUG org.hibernate.SQL - 
    insert 
    into
        users
        (created_at, email, password, profile_id, updated_at, username, id) 
    values
        (?, ?, ?, ?, ?, ?, ?)
26-07-27 18:23:41.710 [Test worker] TRACE org.hibernate.orm.jdbc.bind - binding parameter (1:TIMESTAMP_UTC) <- [2026-07-27T09:23:41.706295Z]
26-07-27 18:23:41.711 [Test worker] TRACE org.hibernate.orm.jdbc.bind - binding parameter (2:VARCHAR) <- [woody@codeit.com]
26-07-27 18:23:41.711 [Test worker] TRACE org.hibernate.orm.jdbc.bind - binding parameter (3:VARCHAR) <- [password1]
26-07-27 18:23:41.711 [Test worker] TRACE org.hibernate.orm.jdbc.bind - binding parameter (4:UUID) <- [null]
26-07-27 18:23:41.711 [Test worker] TRACE org.hibernate.orm.jdbc.bind - binding parameter (5:TIMESTAMP_UTC) <- [2026-07-27T09:23:41.706295Z]
26-07-27 18:23:41.711 [Test worker] TRACE org.hibernate.orm.jdbc.bind - binding parameter (6:VARCHAR) <- [woody]
26-07-27 18:23:41.711 [Test worker] TRACE org.hibernate.orm.jdbc.bind - binding parameter (7:UUID) <- [06337bd5-79c7-4bf0-b74e-55b5f3f34d67]
26-07-27 18:23:41.711 [Test worker] INFO  p6spy - #1785144221711 | took 0ms | statement | connection 22| url jdbc:h2:mem:7697003f-f59c-4f37-b865-30b4face72ff
insert into users (created_at,email,password,profile_id,updated_at,username,id) values (?,?,?,?,?,?,?)
insert into users (created_at,email,password,profile_id,updated_at,username,id) values ('2026-07-27T09:23:41.706295Z','woody@codeit.com','password1',NULL,'2026-07-27T09:23:41.706295Z','woody','06337bd5-79c7-4bf0-b74e-55b5f3f34d67');
26-07-27 18:23:41.712 [Test worker] DEBUG org.hibernate.SQL - 
    insert 
    into
        channels
        (created_at, description, name, type, updated_at, id) 
    values
        (?, ?, ?, ?, ?, ?)
26-07-27 18:23:41.713 [Test worker] TRACE org.hibernate.orm.jdbc.bind - binding parameter (1:TIMESTAMP_UTC) <- [2026-07-27T09:23:41.707237Z]
26-07-27 18:23:41.713 [Test worker] TRACE org.hibernate.orm.jdbc.bind - binding parameter (2:VARCHAR) <- [general channel]
26-07-27 18:23:41.713 [Test worker] TRACE org.hibernate.orm.jdbc.bind - binding parameter (3:VARCHAR) <- [general]
26-07-27 18:23:41.713 [Test worker] TRACE org.hibernate.orm.jdbc.bind - binding parameter (4:ENUM) <- [PUBLIC]
26-07-27 18:23:41.713 [Test worker] TRACE org.hibernate.orm.jdbc.bind - binding parameter (5:TIMESTAMP_UTC) <- [2026-07-27T09:23:41.707237Z]
26-07-27 18:23:41.713 [Test worker] TRACE org.hibernate.orm.jdbc.bind - binding parameter (6:UUID) <- [71e5c1d5-8224-4a7e-ba86-c2ba612d1da9]
26-07-27 18:23:41.713 [Test worker] INFO  p6spy - #1785144221713 | took 0ms | statement | connection 22| url jdbc:h2:mem:7697003f-f59c-4f37-b865-30b4face72ff
insert into channels (created_at,description,name,type,updated_at,id) values (?,?,?,?,?,?)
insert into channels (created_at,description,name,type,updated_at,id) values ('2026-07-27T09:23:41.707237Z','general channel','general','PUBLIC','2026-07-27T09:23:41.707237Z','71e5c1d5-8224-4a7e-ba86-c2ba612d1da9');
26-07-27 18:23:41.714 [Test worker] DEBUG org.hibernate.SQL - 
    insert 
    into
        messages
        (author_id, channel_id, content, created_at, updated_at, id) 
    values
        (?, ?, ?, ?, ?, ?)
26-07-27 18:23:41.714 [Test worker] TRACE org.hibernate.orm.jdbc.bind - binding parameter (1:UUID) <- [06337bd5-79c7-4bf0-b74e-55b5f3f34d67]
26-07-27 18:23:41.714 [Test worker] TRACE org.hibernate.orm.jdbc.bind - binding parameter (2:UUID) <- [71e5c1d5-8224-4a7e-ba86-c2ba612d1da9]
26-07-27 18:23:41.714 [Test worker] TRACE org.hibernate.orm.jdbc.bind - binding parameter (3:VARCHAR) <- [first]
26-07-27 18:23:41.714 [Test worker] TRACE org.hibernate.orm.jdbc.bind - binding parameter (4:TIMESTAMP_UTC) <- [2026-07-27T09:23:41.709351Z]
26-07-27 18:23:41.714 [Test worker] TRACE org.hibernate.orm.jdbc.bind - binding parameter (5:TIMESTAMP_UTC) <- [2026-07-27T09:23:41.709351Z]
26-07-27 18:23:41.714 [Test worker] TRACE org.hibernate.orm.jdbc.bind - binding parameter (6:UUID) <- [d722a80a-1607-4ef3-a483-6f4e2f3620ae]
26-07-27 18:23:41.714 [Test worker] INFO  p6spy - #1785144221714 | took 0ms | statement | connection 22| url jdbc:h2:mem:7697003f-f59c-4f37-b865-30b4face72ff
insert into messages (author_id,channel_id,content,created_at,updated_at,id) values (?,?,?,?,?,?)
insert into messages (author_id,channel_id,content,created_at,updated_at,id) values ('06337bd5-79c7-4bf0-b74e-55b5f3f34d67','71e5c1d5-8224-4a7e-ba86-c2ba612d1da9','first','2026-07-27T09:23:41.709351Z','2026-07-27T09:23:41.709351Z','d722a80a-1607-4ef3-a483-6f4e2f3620ae');
26-07-27 18:23:41.715 [Test worker] DEBUG org.hibernate.SQL - 
    insert 
    into
        messages
        (author_id, channel_id, content, created_at, updated_at, id) 
    values
        (?, ?, ?, ?, ?, ?)
26-07-27 18:23:41.715 [Test worker] TRACE org.hibernate.orm.jdbc.bind - binding parameter (1:UUID) <- [06337bd5-79c7-4bf0-b74e-55b5f3f34d67]
26-07-27 18:23:41.715 [Test worker] TRACE org.hibernate.orm.jdbc.bind - binding parameter (2:UUID) <- [71e5c1d5-8224-4a7e-ba86-c2ba612d1da9]
26-07-27 18:23:41.715 [Test worker] TRACE org.hibernate.orm.jdbc.bind - binding parameter (3:VARCHAR) <- [second]
26-07-27 18:23:41.715 [Test worker] TRACE org.hibernate.orm.jdbc.bind - binding parameter (4:TIMESTAMP_UTC) <- [2026-07-27T09:23:41.709626Z]
26-07-27 18:23:41.715 [Test worker] TRACE org.hibernate.orm.jdbc.bind - binding parameter (5:TIMESTAMP_UTC) <- [2026-07-27T09:23:41.709626Z]
26-07-27 18:23:41.715 [Test worker] TRACE org.hibernate.orm.jdbc.bind - binding parameter (6:UUID) <- [3417b048-428d-44a9-82fc-d47abfb20f32]
26-07-27 18:23:41.715 [Test worker] INFO  p6spy - #1785144221715 | took 0ms | statement | connection 22| url jdbc:h2:mem:7697003f-f59c-4f37-b865-30b4face72ff
insert into messages (author_id,channel_id,content,created_at,updated_at,id) values (?,?,?,?,?,?)
insert into messages (author_id,channel_id,content,created_at,updated_at,id) values ('06337bd5-79c7-4bf0-b74e-55b5f3f34d67','71e5c1d5-8224-4a7e-ba86-c2ba612d1da9','second','2026-07-27T09:23:41.709626Z','2026-07-27T09:23:41.709626Z','3417b048-428d-44a9-82fc-d47abfb20f32');
26-07-27 18:23:41.716 [Test worker] DEBUG org.hibernate.SQL - 
    insert 
    into
        messages
        (author_id, channel_id, content, created_at, updated_at, id) 
    values
        (?, ?, ?, ?, ?, ?)
26-07-27 18:23:41.716 [Test worker] TRACE org.hibernate.orm.jdbc.bind - binding parameter (1:UUID) <- [06337bd5-79c7-4bf0-b74e-55b5f3f34d67]
26-07-27 18:23:41.716 [Test worker] TRACE org.hibernate.orm.jdbc.bind - binding parameter (2:UUID) <- [71e5c1d5-8224-4a7e-ba86-c2ba612d1da9]
26-07-27 18:23:41.716 [Test worker] TRACE org.hibernate.orm.jdbc.bind - binding parameter (3:VARCHAR) <- [third]
26-07-27 18:23:41.716 [Test worker] TRACE org.hibernate.orm.jdbc.bind - binding parameter (4:TIMESTAMP_UTC) <- [2026-07-27T09:23:41.709767Z]
26-07-27 18:23:41.716 [Test worker] TRACE org.hibernate.orm.jdbc.bind - binding parameter (5:TIMESTAMP_UTC) <- [2026-07-27T09:23:41.709767Z]
26-07-27 18:23:41.716 [Test worker] TRACE org.hibernate.orm.jdbc.bind - binding parameter (6:UUID) <- [4f41b987-b0d9-4ff6-8785-093de14c99a3]
26-07-27 18:23:41.716 [Test worker] INFO  p6spy - #1785144221716 | took 0ms | statement | connection 22| url jdbc:h2:mem:7697003f-f59c-4f37-b865-30b4face72ff
insert into messages (author_id,channel_id,content,created_at,updated_at,id) values (?,?,?,?,?,?)
insert into messages (author_id,channel_id,content,created_at,updated_at,id) values ('06337bd5-79c7-4bf0-b74e-55b5f3f34d67','71e5c1d5-8224-4a7e-ba86-c2ba612d1da9','third','2026-07-27T09:23:41.709767Z','2026-07-27T09:23:41.709767Z','4f41b987-b0d9-4ff6-8785-093de14c99a3');
26-07-27 18:23:41.720 [Test worker] DEBUG org.hibernate.SQL - 
    select
        m1_0.id,
        a1_0.id,
        a1_0.created_at,
        a1_0.email,
        a1_0.password,
        p1_0.id,
        p1_0.content_type,
        p1_0.created_at,
        p1_0.file_name,
        p1_0.size,
        a1_0.updated_at,
        a1_0.username,
        m1_0.channel_id,
        m1_0.content,
        m1_0.created_at,
        m1_0.updated_at 
    from
        messages m1_0 
    left join
        users a1_0 
            on a1_0.id=m1_0.author_id 
    left join
        binary_contents p1_0 
            on p1_0.id=a1_0.profile_id 
    where
        m1_0.channel_id=? 
        and (
            ? is null 
            or m1_0.created_at<?
        ) 
    order by
        m1_0.created_at desc 
    fetch
        first ? rows only
26-07-27 18:23:41.722 [Test worker] TRACE org.hibernate.orm.jdbc.bind - binding parameter (1:UUID) <- [71e5c1d5-8224-4a7e-ba86-c2ba612d1da9]
26-07-27 18:23:41.722 [Test worker] TRACE org.hibernate.orm.jdbc.bind - binding parameter (2:TIMESTAMP_UTC) <- [2026-07-27T09:23:41.709626Z]
26-07-27 18:23:41.722 [Test worker] TRACE org.hibernate.orm.jdbc.bind - binding parameter (3:TIMESTAMP_UTC) <- [2026-07-27T09:23:41.709626Z]
26-07-27 18:23:41.722 [Test worker] TRACE org.hibernate.orm.jdbc.bind - binding parameter (4:INTEGER) <- [10]
26-07-27 18:23:41.722 [Test worker] INFO  p6spy - #1785144221722 | took 0ms | statement | connection 22| url jdbc:h2:mem:7697003f-f59c-4f37-b865-30b4face72ff
select m1_0.id,a1_0.id,a1_0.created_at,a1_0.email,a1_0.password,p1_0.id,p1_0.content_type,p1_0.created_at,p1_0.file_name,p1_0.size,a1_0.updated_at,a1_0.username,m1_0.channel_id,m1_0.content,m1_0.created_at,m1_0.updated_at from messages m1_0 left join users a1_0 on a1_0.id=m1_0.author_id left join binary_contents p1_0 on p1_0.id=a1_0.profile_id where m1_0.channel_id=? and (? is null or m1_0.created_at<?) order by m1_0.created_at desc fetch first ? rows only
select m1_0.id,a1_0.id,a1_0.created_at,a1_0.email,a1_0.password,p1_0.id,p1_0.content_type,p1_0.created_at,p1_0.file_name,p1_0.size,a1_0.updated_at,a1_0.username,m1_0.channel_id,m1_0.content,m1_0.created_at,m1_0.updated_at from messages m1_0 left join users a1_0 on a1_0.id=m1_0.author_id left join binary_contents p1_0 on p1_0.id=a1_0.profile_id where m1_0.channel_id='71e5c1d5-8224-4a7e-ba86-c2ba612d1da9' and ('2026-07-27T09:23:41.709626Z' is null or m1_0.created_at<'2026-07-27T09:23:41.709626Z') order by m1_0.created_at desc fetch first 10 rows only;
26-07-27 18:23:41.728 [Test worker] INFO  p6spy - #1785144221728 | took 0ms | rollback | connection 22| url jdbc:h2:mem:7697003f-f59c-4f37-b865-30b4face72ff

;
26-07-27 18:23:41.733 [Test worker] DEBUG org.hibernate.SQL - 
    insert 
    into
        users
        (created_at, email, password, profile_id, updated_at, username, id) 
    values
        (?, ?, ?, ?, ?, ?, ?)
26-07-27 18:23:41.733 [Test worker] TRACE org.hibernate.orm.jdbc.bind - binding parameter (1:TIMESTAMP_UTC) <- [2026-07-27T09:23:41.732223Z]
26-07-27 18:23:41.733 [Test worker] TRACE org.hibernate.orm.jdbc.bind - binding parameter (2:VARCHAR) <- [woody@codeit.com]
26-07-27 18:23:41.734 [Test worker] TRACE org.hibernate.orm.jdbc.bind - binding parameter (3:VARCHAR) <- [password1]
26-07-27 18:23:41.734 [Test worker] TRACE org.hibernate.orm.jdbc.bind - binding parameter (4:UUID) <- [null]
26-07-27 18:23:41.734 [Test worker] TRACE org.hibernate.orm.jdbc.bind - binding parameter (5:TIMESTAMP_UTC) <- [2026-07-27T09:23:41.732223Z]
26-07-27 18:23:41.734 [Test worker] TRACE org.hibernate.orm.jdbc.bind - binding parameter (6:VARCHAR) <- [woody]
26-07-27 18:23:41.734 [Test worker] TRACE org.hibernate.orm.jdbc.bind - binding parameter (7:UUID) <- [44b13f8e-f3d7-4a0a-8c24-b62e461c8636]
26-07-27 18:23:41.734 [Test worker] INFO  p6spy - #1785144221734 | took 0ms | statement | connection 23| url jdbc:h2:mem:7697003f-f59c-4f37-b865-30b4face72ff
insert into users (created_at,email,password,profile_id,updated_at,username,id) values (?,?,?,?,?,?,?)
insert into users (created_at,email,password,profile_id,updated_at,username,id) values ('2026-07-27T09:23:41.732223Z','woody@codeit.com','password1',NULL,'2026-07-27T09:23:41.732223Z','woody','44b13f8e-f3d7-4a0a-8c24-b62e461c8636');
26-07-27 18:23:41.735 [Test worker] DEBUG org.hibernate.SQL - 
    insert 
    into
        channels
        (created_at, description, name, type, updated_at, id) 
    values
        (?, ?, ?, ?, ?, ?)
26-07-27 18:23:41.735 [Test worker] TRACE org.hibernate.orm.jdbc.bind - binding parameter (1:TIMESTAMP_UTC) <- [2026-07-27T09:23:41.732441Z]
26-07-27 18:23:41.735 [Test worker] TRACE org.hibernate.orm.jdbc.bind - binding parameter (2:VARCHAR) <- [general channel]
26-07-27 18:23:41.735 [Test worker] TRACE org.hibernate.orm.jdbc.bind - binding parameter (3:VARCHAR) <- [general]
26-07-27 18:23:41.735 [Test worker] TRACE org.hibernate.orm.jdbc.bind - binding parameter (4:ENUM) <- [PUBLIC]
26-07-27 18:23:41.735 [Test worker] TRACE org.hibernate.orm.jdbc.bind - binding parameter (5:TIMESTAMP_UTC) <- [2026-07-27T09:23:41.732441Z]
26-07-27 18:23:41.735 [Test worker] TRACE org.hibernate.orm.jdbc.bind - binding parameter (6:UUID) <- [17a65c3d-0ebd-40ce-83a4-11dbedeb49b1]
26-07-27 18:23:41.735 [Test worker] INFO  p6spy - #1785144221735 | took 0ms | statement | connection 23| url jdbc:h2:mem:7697003f-f59c-4f37-b865-30b4face72ff
insert into channels (created_at,description,name,type,updated_at,id) values (?,?,?,?,?,?)
insert into channels (created_at,description,name,type,updated_at,id) values ('2026-07-27T09:23:41.732441Z','general channel','general','PUBLIC','2026-07-27T09:23:41.732441Z','17a65c3d-0ebd-40ce-83a4-11dbedeb49b1');
26-07-27 18:23:41.735 [Test worker] DEBUG org.hibernate.SQL - 
    insert 
    into
        messages
        (author_id, channel_id, content, created_at, updated_at, id) 
    values
        (?, ?, ?, ?, ?, ?)
26-07-27 18:23:41.736 [Test worker] TRACE org.hibernate.orm.jdbc.bind - binding parameter (1:UUID) <- [44b13f8e-f3d7-4a0a-8c24-b62e461c8636]
26-07-27 18:23:41.736 [Test worker] TRACE org.hibernate.orm.jdbc.bind - binding parameter (2:UUID) <- [17a65c3d-0ebd-40ce-83a4-11dbedeb49b1]
26-07-27 18:23:41.736 [Test worker] TRACE org.hibernate.orm.jdbc.bind - binding parameter (3:VARCHAR) <- [first]
26-07-27 18:23:41.736 [Test worker] TRACE org.hibernate.orm.jdbc.bind - binding parameter (4:TIMESTAMP_UTC) <- [2026-07-27T09:23:41.732750Z]
26-07-27 18:23:41.736 [Test worker] TRACE org.hibernate.orm.jdbc.bind - binding parameter (5:TIMESTAMP_UTC) <- [2026-07-27T09:23:41.732750Z]
26-07-27 18:23:41.736 [Test worker] TRACE org.hibernate.orm.jdbc.bind - binding parameter (6:UUID) <- [519b7639-1646-4e33-ab5f-38fcfac69006]
26-07-27 18:23:41.736 [Test worker] INFO  p6spy - #1785144221736 | took 0ms | statement | connection 23| url jdbc:h2:mem:7697003f-f59c-4f37-b865-30b4face72ff
insert into messages (author_id,channel_id,content,created_at,updated_at,id) values (?,?,?,?,?,?)
insert into messages (author_id,channel_id,content,created_at,updated_at,id) values ('44b13f8e-f3d7-4a0a-8c24-b62e461c8636','17a65c3d-0ebd-40ce-83a4-11dbedeb49b1','first','2026-07-27T09:23:41.732750Z','2026-07-27T09:23:41.732750Z','519b7639-1646-4e33-ab5f-38fcfac69006');
26-07-27 18:23:41.736 [Test worker] DEBUG org.hibernate.SQL - 
    insert 
    into
        messages
        (author_id, channel_id, content, created_at, updated_at, id) 
    values
        (?, ?, ?, ?, ?, ?)
26-07-27 18:23:41.736 [Test worker] TRACE org.hibernate.orm.jdbc.bind - binding parameter (1:UUID) <- [44b13f8e-f3d7-4a0a-8c24-b62e461c8636]
26-07-27 18:23:41.736 [Test worker] TRACE org.hibernate.orm.jdbc.bind - binding parameter (2:UUID) <- [17a65c3d-0ebd-40ce-83a4-11dbedeb49b1]
26-07-27 18:23:41.737 [Test worker] TRACE org.hibernate.orm.jdbc.bind - binding parameter (3:VARCHAR) <- [second]
26-07-27 18:23:41.737 [Test worker] TRACE org.hibernate.orm.jdbc.bind - binding parameter (4:TIMESTAMP_UTC) <- [2026-07-27T09:23:41.732898Z]
26-07-27 18:23:41.737 [Test worker] TRACE org.hibernate.orm.jdbc.bind - binding parameter (5:TIMESTAMP_UTC) <- [2026-07-27T09:23:41.732898Z]
26-07-27 18:23:41.737 [Test worker] TRACE org.hibernate.orm.jdbc.bind - binding parameter (6:UUID) <- [329ebd3a-fcee-44ff-a05b-d61e007a4a6e]
26-07-27 18:23:41.737 [Test worker] INFO  p6spy - #1785144221737 | took 0ms | statement | connection 23| url jdbc:h2:mem:7697003f-f59c-4f37-b865-30b4face72ff
insert into messages (author_id,channel_id,content,created_at,updated_at,id) values (?,?,?,?,?,?)
insert into messages (author_id,channel_id,content,created_at,updated_at,id) values ('44b13f8e-f3d7-4a0a-8c24-b62e461c8636','17a65c3d-0ebd-40ce-83a4-11dbedeb49b1','second','2026-07-27T09:23:41.732898Z','2026-07-27T09:23:41.732898Z','329ebd3a-fcee-44ff-a05b-d61e007a4a6e');
26-07-27 18:23:41.737 [Test worker] DEBUG org.hibernate.SQL - 
    insert 
    into
        messages
        (author_id, channel_id, content, created_at, updated_at, id) 
    values
        (?, ?, ?, ?, ?, ?)
26-07-27 18:23:41.737 [Test worker] TRACE org.hibernate.orm.jdbc.bind - binding parameter (1:UUID) <- [44b13f8e-f3d7-4a0a-8c24-b62e461c8636]
26-07-27 18:23:41.737 [Test worker] TRACE org.hibernate.orm.jdbc.bind - binding parameter (2:UUID) <- [17a65c3d-0ebd-40ce-83a4-11dbedeb49b1]
26-07-27 18:23:41.737 [Test worker] TRACE org.hibernate.orm.jdbc.bind - binding parameter (3:VARCHAR) <- [third]
26-07-27 18:23:41.737 [Test worker] TRACE org.hibernate.orm.jdbc.bind - binding parameter (4:TIMESTAMP_UTC) <- [2026-07-27T09:23:41.733008Z]
26-07-27 18:23:41.737 [Test worker] TRACE org.hibernate.orm.jdbc.bind - binding parameter (5:TIMESTAMP_UTC) <- [2026-07-27T09:23:41.733008Z]
26-07-27 18:23:41.738 [Test worker] TRACE org.hibernate.orm.jdbc.bind - binding parameter (6:UUID) <- [4448313c-d8af-4389-8d41-3fa7275d6697]
26-07-27 18:23:41.738 [Test worker] INFO  p6spy - #1785144221738 | took 0ms | statement | connection 23| url jdbc:h2:mem:7697003f-f59c-4f37-b865-30b4face72ff
insert into messages (author_id,channel_id,content,created_at,updated_at,id) values (?,?,?,?,?,?)
insert into messages (author_id,channel_id,content,created_at,updated_at,id) values ('44b13f8e-f3d7-4a0a-8c24-b62e461c8636','17a65c3d-0ebd-40ce-83a4-11dbedeb49b1','third','2026-07-27T09:23:41.733008Z','2026-07-27T09:23:41.733008Z','4448313c-d8af-4389-8d41-3fa7275d6697');
26-07-27 18:23:41.739 [Test worker] DEBUG org.hibernate.SQL - 
    select
        m1_0.id,
        a1_0.id,
        a1_0.created_at,
        a1_0.email,
        a1_0.password,
        p1_0.id,
        p1_0.content_type,
        p1_0.created_at,
        p1_0.file_name,
        p1_0.size,
        a1_0.updated_at,
        a1_0.username,
        m1_0.channel_id,
        m1_0.content,
        m1_0.created_at,
        m1_0.updated_at 
    from
        messages m1_0 
    left join
        users a1_0 
            on a1_0.id=m1_0.author_id 
    left join
        binary_contents p1_0 
            on p1_0.id=a1_0.profile_id 
    where
        m1_0.channel_id=? 
        and (
            ? is null 
            or m1_0.created_at<?
        ) 
    order by
        m1_0.created_at desc 
    fetch
        first ? rows only
26-07-27 18:23:41.740 [Test worker] TRACE org.hibernate.orm.jdbc.bind - binding parameter (1:UUID) <- [17a65c3d-0ebd-40ce-83a4-11dbedeb49b1]
26-07-27 18:23:41.740 [Test worker] TRACE org.hibernate.orm.jdbc.bind - binding parameter (2:TIMESTAMP_UTC) <- [null]
26-07-27 18:23:41.740 [Test worker] TRACE org.hibernate.orm.jdbc.bind - binding parameter (3:TIMESTAMP_UTC) <- [null]
26-07-27 18:23:41.741 [Test worker] TRACE org.hibernate.orm.jdbc.bind - binding parameter (4:INTEGER) <- [10]
26-07-27 18:23:41.741 [Test worker] INFO  p6spy - #1785144221741 | took 0ms | statement | connection 23| url jdbc:h2:mem:7697003f-f59c-4f37-b865-30b4face72ff
select m1_0.id,a1_0.id,a1_0.created_at,a1_0.email,a1_0.password,p1_0.id,p1_0.content_type,p1_0.created_at,p1_0.file_name,p1_0.size,a1_0.updated_at,a1_0.username,m1_0.channel_id,m1_0.content,m1_0.created_at,m1_0.updated_at from messages m1_0 left join users a1_0 on a1_0.id=m1_0.author_id left join binary_contents p1_0 on p1_0.id=a1_0.profile_id where m1_0.channel_id=? and (? is null or m1_0.created_at<?) order by m1_0.created_at desc fetch first ? rows only
select m1_0.id,a1_0.id,a1_0.created_at,a1_0.email,a1_0.password,p1_0.id,p1_0.content_type,p1_0.created_at,p1_0.file_name,p1_0.size,a1_0.updated_at,a1_0.username,m1_0.channel_id,m1_0.content,m1_0.created_at,m1_0.updated_at from messages m1_0 left join users a1_0 on a1_0.id=m1_0.author_id left join binary_contents p1_0 on p1_0.id=a1_0.profile_id where m1_0.channel_id='17a65c3d-0ebd-40ce-83a4-11dbedeb49b1' and (NULL is null or m1_0.created_at<NULL) order by m1_0.created_at desc fetch first 10 rows only;
26-07-27 18:23:41.744 [Test worker] INFO  p6spy - #1785144221744 | took 0ms | rollback | connection 23| url jdbc:h2:mem:7697003f-f59c-4f37-b865-30b4face72ff

;
26-07-27 18:23:41.749 [Test worker] DEBUG org.hibernate.SQL - 
    insert 
    into
        users
        (created_at, email, password, profile_id, updated_at, username, id) 
    values
        (?, ?, ?, ?, ?, ?, ?)
26-07-27 18:23:41.750 [Test worker] TRACE org.hibernate.orm.jdbc.bind - binding parameter (1:TIMESTAMP_UTC) <- [2026-07-27T09:23:41.748645Z]
26-07-27 18:23:41.750 [Test worker] TRACE org.hibernate.orm.jdbc.bind - binding parameter (2:VARCHAR) <- [woody@codeit.com]
26-07-27 18:23:41.750 [Test worker] TRACE org.hibernate.orm.jdbc.bind - binding parameter (3:VARCHAR) <- [password1]
26-07-27 18:23:41.750 [Test worker] TRACE org.hibernate.orm.jdbc.bind - binding parameter (4:UUID) <- [null]
26-07-27 18:23:41.750 [Test worker] TRACE org.hibernate.orm.jdbc.bind - binding parameter (5:TIMESTAMP_UTC) <- [2026-07-27T09:23:41.748645Z]
26-07-27 18:23:41.750 [Test worker] TRACE org.hibernate.orm.jdbc.bind - binding parameter (6:VARCHAR) <- [woody]
26-07-27 18:23:41.750 [Test worker] TRACE org.hibernate.orm.jdbc.bind - binding parameter (7:UUID) <- [3aae4a18-c103-4656-ae42-f389cca5940f]
26-07-27 18:23:41.750 [Test worker] INFO  p6spy - #1785144221750 | took 0ms | statement | connection 24| url jdbc:h2:mem:7697003f-f59c-4f37-b865-30b4face72ff
insert into users (created_at,email,password,profile_id,updated_at,username,id) values (?,?,?,?,?,?,?)
insert into users (created_at,email,password,profile_id,updated_at,username,id) values ('2026-07-27T09:23:41.748645Z','woody@codeit.com','password1',NULL,'2026-07-27T09:23:41.748645Z','woody','3aae4a18-c103-4656-ae42-f389cca5940f');
26-07-27 18:23:41.751 [Test worker] DEBUG org.hibernate.SQL - 
    insert 
    into
        channels
        (created_at, description, name, type, updated_at, id) 
    values
        (?, ?, ?, ?, ?, ?)
26-07-27 18:23:41.751 [Test worker] TRACE org.hibernate.orm.jdbc.bind - binding parameter (1:TIMESTAMP_UTC) <- [2026-07-27T09:23:41.748902Z]
26-07-27 18:23:41.751 [Test worker] TRACE org.hibernate.orm.jdbc.bind - binding parameter (2:VARCHAR) <- [general channel]
26-07-27 18:23:41.751 [Test worker] TRACE org.hibernate.orm.jdbc.bind - binding parameter (3:VARCHAR) <- [general]
26-07-27 18:23:41.751 [Test worker] TRACE org.hibernate.orm.jdbc.bind - binding parameter (4:ENUM) <- [PUBLIC]
26-07-27 18:23:41.751 [Test worker] TRACE org.hibernate.orm.jdbc.bind - binding parameter (5:TIMESTAMP_UTC) <- [2026-07-27T09:23:41.748902Z]
26-07-27 18:23:41.751 [Test worker] TRACE org.hibernate.orm.jdbc.bind - binding parameter (6:UUID) <- [2f18af36-41d2-4574-88bf-76e15f94ef6a]
26-07-27 18:23:41.752 [Test worker] INFO  p6spy - #1785144221752 | took 0ms | statement | connection 24| url jdbc:h2:mem:7697003f-f59c-4f37-b865-30b4face72ff
insert into channels (created_at,description,name,type,updated_at,id) values (?,?,?,?,?,?)
insert into channels (created_at,description,name,type,updated_at,id) values ('2026-07-27T09:23:41.748902Z','general channel','general','PUBLIC','2026-07-27T09:23:41.748902Z','2f18af36-41d2-4574-88bf-76e15f94ef6a');
26-07-27 18:23:41.752 [Test worker] DEBUG org.hibernate.SQL - 
    insert 
    into
        messages
        (author_id, channel_id, content, created_at, updated_at, id) 
    values
        (?, ?, ?, ?, ?, ?)
26-07-27 18:23:41.752 [Test worker] TRACE org.hibernate.orm.jdbc.bind - binding parameter (1:UUID) <- [3aae4a18-c103-4656-ae42-f389cca5940f]
26-07-27 18:23:41.752 [Test worker] TRACE org.hibernate.orm.jdbc.bind - binding parameter (2:UUID) <- [2f18af36-41d2-4574-88bf-76e15f94ef6a]
26-07-27 18:23:41.752 [Test worker] TRACE org.hibernate.orm.jdbc.bind - binding parameter (3:VARCHAR) <- [first]
26-07-27 18:23:41.752 [Test worker] TRACE org.hibernate.orm.jdbc.bind - binding parameter (4:TIMESTAMP_UTC) <- [2026-07-27T09:23:41.749228Z]
26-07-27 18:23:41.752 [Test worker] TRACE org.hibernate.orm.jdbc.bind - binding parameter (5:TIMESTAMP_UTC) <- [2026-07-27T09:23:41.749228Z]
26-07-27 18:23:41.752 [Test worker] TRACE org.hibernate.orm.jdbc.bind - binding parameter (6:UUID) <- [eb155b96-08fe-41b2-a15d-1ae0b3862262]
26-07-27 18:23:41.753 [Test worker] INFO  p6spy - #1785144221753 | took 0ms | statement | connection 24| url jdbc:h2:mem:7697003f-f59c-4f37-b865-30b4face72ff
insert into messages (author_id,channel_id,content,created_at,updated_at,id) values (?,?,?,?,?,?)
insert into messages (author_id,channel_id,content,created_at,updated_at,id) values ('3aae4a18-c103-4656-ae42-f389cca5940f','2f18af36-41d2-4574-88bf-76e15f94ef6a','first','2026-07-27T09:23:41.749228Z','2026-07-27T09:23:41.749228Z','eb155b96-08fe-41b2-a15d-1ae0b3862262');
26-07-27 18:23:41.753 [Test worker] DEBUG org.hibernate.SQL - 
    insert 
    into
        messages
        (author_id, channel_id, content, created_at, updated_at, id) 
    values
        (?, ?, ?, ?, ?, ?)
26-07-27 18:23:41.753 [Test worker] TRACE org.hibernate.orm.jdbc.bind - binding parameter (1:UUID) <- [3aae4a18-c103-4656-ae42-f389cca5940f]
26-07-27 18:23:41.753 [Test worker] TRACE org.hibernate.orm.jdbc.bind - binding parameter (2:UUID) <- [2f18af36-41d2-4574-88bf-76e15f94ef6a]
26-07-27 18:23:41.753 [Test worker] TRACE org.hibernate.orm.jdbc.bind - binding parameter (3:VARCHAR) <- [second]
26-07-27 18:23:41.753 [Test worker] TRACE org.hibernate.orm.jdbc.bind - binding parameter (4:TIMESTAMP_UTC) <- [2026-07-27T09:23:41.749395Z]
26-07-27 18:23:41.753 [Test worker] TRACE org.hibernate.orm.jdbc.bind - binding parameter (5:TIMESTAMP_UTC) <- [2026-07-27T09:23:41.749395Z]
26-07-27 18:23:41.753 [Test worker] TRACE org.hibernate.orm.jdbc.bind - binding parameter (6:UUID) <- [e1674300-6958-4c00-b97a-727a6100172e]
26-07-27 18:23:41.754 [Test worker] INFO  p6spy - #1785144221754 | took 0ms | statement | connection 24| url jdbc:h2:mem:7697003f-f59c-4f37-b865-30b4face72ff
insert into messages (author_id,channel_id,content,created_at,updated_at,id) values (?,?,?,?,?,?)
insert into messages (author_id,channel_id,content,created_at,updated_at,id) values ('3aae4a18-c103-4656-ae42-f389cca5940f','2f18af36-41d2-4574-88bf-76e15f94ef6a','second','2026-07-27T09:23:41.749395Z','2026-07-27T09:23:41.749395Z','e1674300-6958-4c00-b97a-727a6100172e');
26-07-27 18:23:41.754 [Test worker] DEBUG org.hibernate.SQL - 
    insert 
    into
        messages
        (author_id, channel_id, content, created_at, updated_at, id) 
    values
        (?, ?, ?, ?, ?, ?)
26-07-27 18:23:41.754 [Test worker] TRACE org.hibernate.orm.jdbc.bind - binding parameter (1:UUID) <- [3aae4a18-c103-4656-ae42-f389cca5940f]
26-07-27 18:23:41.754 [Test worker] TRACE org.hibernate.orm.jdbc.bind - binding parameter (2:UUID) <- [2f18af36-41d2-4574-88bf-76e15f94ef6a]
26-07-27 18:23:41.754 [Test worker] TRACE org.hibernate.orm.jdbc.bind - binding parameter (3:VARCHAR) <- [third]
26-07-27 18:23:41.754 [Test worker] TRACE org.hibernate.orm.jdbc.bind - binding parameter (4:TIMESTAMP_UTC) <- [2026-07-27T09:23:41.749498Z]
26-07-27 18:23:41.754 [Test worker] TRACE org.hibernate.orm.jdbc.bind - binding parameter (5:TIMESTAMP_UTC) <- [2026-07-27T09:23:41.749498Z]
26-07-27 18:23:41.754 [Test worker] TRACE org.hibernate.orm.jdbc.bind - binding parameter (6:UUID) <- [0e4539ff-d05a-4e2f-b859-f271770f3e2e]
26-07-27 18:23:41.754 [Test worker] INFO  p6spy - #1785144221754 | took 0ms | statement | connection 24| url jdbc:h2:mem:7697003f-f59c-4f37-b865-30b4face72ff
insert into messages (author_id,channel_id,content,created_at,updated_at,id) values (?,?,?,?,?,?)
insert into messages (author_id,channel_id,content,created_at,updated_at,id) values ('3aae4a18-c103-4656-ae42-f389cca5940f','2f18af36-41d2-4574-88bf-76e15f94ef6a','third','2026-07-27T09:23:41.749498Z','2026-07-27T09:23:41.749498Z','0e4539ff-d05a-4e2f-b859-f271770f3e2e');
26-07-27 18:23:41.755 [Test worker] DEBUG org.hibernate.SQL - 
    select
        m1_0.channel_id,
        max(m1_0.created_at) 
    from
        messages m1_0 
    where
        m1_0.channel_id in (?) 
    group by
        m1_0.channel_id
26-07-27 18:23:41.756 [Test worker] TRACE org.hibernate.orm.jdbc.bind - binding parameter (1:UUID) <- [2f18af36-41d2-4574-88bf-76e15f94ef6a]
26-07-27 18:23:41.757 [Test worker] INFO  p6spy - #1785144221757 | took 0ms | statement | connection 24| url jdbc:h2:mem:7697003f-f59c-4f37-b865-30b4face72ff
select m1_0.channel_id,max(m1_0.created_at) from messages m1_0 where m1_0.channel_id in (?) group by m1_0.channel_id
select m1_0.channel_id,max(m1_0.created_at) from messages m1_0 where m1_0.channel_id in ('2f18af36-41d2-4574-88bf-76e15f94ef6a') group by m1_0.channel_id;
26-07-27 18:23:41.763 [Test worker] INFO  p6spy - #1785144221763 | took 0ms | rollback | connection 24| url jdbc:h2:mem:7697003f-f59c-4f37-b865-30b4face72ff

;
26-07-27 18:23:41.768 [Test worker] DEBUG org.hibernate.SQL - 
    select
        m1_0.id,
        m1_0.author_id,
        m1_0.channel_id,
        m1_0.content,
        m1_0.created_at,
        m1_0.updated_at 
    from
        messages m1_0 
    left join
        channels c1_0 
            on c1_0.id=m1_0.channel_id 
    where
        c1_0.id=?
26-07-27 18:23:41.769 [Test worker] TRACE org.hibernate.orm.jdbc.bind - binding parameter (1:UUID) <- [f724d6e9-acc5-40ac-a2f1-cd68ae2dc9d5]
26-07-27 18:23:41.769 [Test worker] INFO  p6spy - #1785144221769 | took 0ms | statement | connection 25| url jdbc:h2:mem:7697003f-f59c-4f37-b865-30b4face72ff
select m1_0.id,m1_0.author_id,m1_0.channel_id,m1_0.content,m1_0.created_at,m1_0.updated_at from messages m1_0 left join channels c1_0 on c1_0.id=m1_0.channel_id where c1_0.id=?
select m1_0.id,m1_0.author_id,m1_0.channel_id,m1_0.content,m1_0.created_at,m1_0.updated_at from messages m1_0 left join channels c1_0 on c1_0.id=m1_0.channel_id where c1_0.id='f724d6e9-acc5-40ac-a2f1-cd68ae2dc9d5';
26-07-27 18:23:41.772 [Test worker] INFO  p6spy - #1785144221772 | took 0ms | rollback | connection 25| url jdbc:h2:mem:7697003f-f59c-4f37-b865-30b4face72ff

;
26-07-27 18:23:41.777 [Test worker] DEBUG org.hibernate.SQL - 
    insert 
    into
        users
        (created_at, email, password, profile_id, updated_at, username, id) 
    values
        (?, ?, ?, ?, ?, ?, ?)
26-07-27 18:23:41.777 [Test worker] TRACE org.hibernate.orm.jdbc.bind - binding parameter (1:TIMESTAMP_UTC) <- [2026-07-27T09:23:41.776145Z]
26-07-27 18:23:41.777 [Test worker] TRACE org.hibernate.orm.jdbc.bind - binding parameter (2:VARCHAR) <- [woody@codeit.com]
26-07-27 18:23:41.777 [Test worker] TRACE org.hibernate.orm.jdbc.bind - binding parameter (3:VARCHAR) <- [password1]
26-07-27 18:23:41.777 [Test worker] TRACE org.hibernate.orm.jdbc.bind - binding parameter (4:UUID) <- [null]
26-07-27 18:23:41.777 [Test worker] TRACE org.hibernate.orm.jdbc.bind - binding parameter (5:TIMESTAMP_UTC) <- [2026-07-27T09:23:41.776145Z]
26-07-27 18:23:41.777 [Test worker] TRACE org.hibernate.orm.jdbc.bind - binding parameter (6:VARCHAR) <- [woody]
26-07-27 18:23:41.777 [Test worker] TRACE org.hibernate.orm.jdbc.bind - binding parameter (7:UUID) <- [c87fe1c5-703c-48a5-9d26-9acee18003de]
26-07-27 18:23:41.778 [Test worker] INFO  p6spy - #1785144221778 | took 0ms | statement | connection 26| url jdbc:h2:mem:7697003f-f59c-4f37-b865-30b4face72ff
insert into users (created_at,email,password,profile_id,updated_at,username,id) values (?,?,?,?,?,?,?)
insert into users (created_at,email,password,profile_id,updated_at,username,id) values ('2026-07-27T09:23:41.776145Z','woody@codeit.com','password1',NULL,'2026-07-27T09:23:41.776145Z','woody','c87fe1c5-703c-48a5-9d26-9acee18003de');
26-07-27 18:23:41.778 [Test worker] DEBUG org.hibernate.SQL - 
    insert 
    into
        channels
        (created_at, description, name, type, updated_at, id) 
    values
        (?, ?, ?, ?, ?, ?)
26-07-27 18:23:41.779 [Test worker] TRACE org.hibernate.orm.jdbc.bind - binding parameter (1:TIMESTAMP_UTC) <- [2026-07-27T09:23:41.776362Z]
26-07-27 18:23:41.779 [Test worker] TRACE org.hibernate.orm.jdbc.bind - binding parameter (2:VARCHAR) <- [general channel]
26-07-27 18:23:41.779 [Test worker] TRACE org.hibernate.orm.jdbc.bind - binding parameter (3:VARCHAR) <- [general]
26-07-27 18:23:41.779 [Test worker] TRACE org.hibernate.orm.jdbc.bind - binding parameter (4:ENUM) <- [PUBLIC]
26-07-27 18:23:41.779 [Test worker] TRACE org.hibernate.orm.jdbc.bind - binding parameter (5:TIMESTAMP_UTC) <- [2026-07-27T09:23:41.776362Z]
26-07-27 18:23:41.779 [Test worker] TRACE org.hibernate.orm.jdbc.bind - binding parameter (6:UUID) <- [8f3bdb6f-8110-4e49-8985-28b06c04219e]
26-07-27 18:23:41.779 [Test worker] INFO  p6spy - #1785144221779 | took 0ms | statement | connection 26| url jdbc:h2:mem:7697003f-f59c-4f37-b865-30b4face72ff
insert into channels (created_at,description,name,type,updated_at,id) values (?,?,?,?,?,?)
insert into channels (created_at,description,name,type,updated_at,id) values ('2026-07-27T09:23:41.776362Z','general channel','general','PUBLIC','2026-07-27T09:23:41.776362Z','8f3bdb6f-8110-4e49-8985-28b06c04219e');
26-07-27 18:23:41.779 [Test worker] DEBUG org.hibernate.SQL - 
    insert 
    into
        messages
        (author_id, channel_id, content, created_at, updated_at, id) 
    values
        (?, ?, ?, ?, ?, ?)
26-07-27 18:23:41.779 [Test worker] TRACE org.hibernate.orm.jdbc.bind - binding parameter (1:UUID) <- [c87fe1c5-703c-48a5-9d26-9acee18003de]
26-07-27 18:23:41.779 [Test worker] TRACE org.hibernate.orm.jdbc.bind - binding parameter (2:UUID) <- [8f3bdb6f-8110-4e49-8985-28b06c04219e]
26-07-27 18:23:41.780 [Test worker] TRACE org.hibernate.orm.jdbc.bind - binding parameter (3:VARCHAR) <- [first]
26-07-27 18:23:41.780 [Test worker] TRACE org.hibernate.orm.jdbc.bind - binding parameter (4:TIMESTAMP_UTC) <- [2026-07-27T09:23:41.776610Z]
26-07-27 18:23:41.780 [Test worker] TRACE org.hibernate.orm.jdbc.bind - binding parameter (5:TIMESTAMP_UTC) <- [2026-07-27T09:23:41.776610Z]
26-07-27 18:23:41.780 [Test worker] TRACE org.hibernate.orm.jdbc.bind - binding parameter (6:UUID) <- [e5b8262b-6015-410c-a0d1-6d690aac746c]
26-07-27 18:23:41.780 [Test worker] INFO  p6spy - #1785144221780 | took 0ms | statement | connection 26| url jdbc:h2:mem:7697003f-f59c-4f37-b865-30b4face72ff
insert into messages (author_id,channel_id,content,created_at,updated_at,id) values (?,?,?,?,?,?)
insert into messages (author_id,channel_id,content,created_at,updated_at,id) values ('c87fe1c5-703c-48a5-9d26-9acee18003de','8f3bdb6f-8110-4e49-8985-28b06c04219e','first','2026-07-27T09:23:41.776610Z','2026-07-27T09:23:41.776610Z','e5b8262b-6015-410c-a0d1-6d690aac746c');
26-07-27 18:23:41.780 [Test worker] DEBUG org.hibernate.SQL - 
    insert 
    into
        messages
        (author_id, channel_id, content, created_at, updated_at, id) 
    values
        (?, ?, ?, ?, ?, ?)
26-07-27 18:23:41.780 [Test worker] TRACE org.hibernate.orm.jdbc.bind - binding parameter (1:UUID) <- [c87fe1c5-703c-48a5-9d26-9acee18003de]
26-07-27 18:23:41.781 [Test worker] TRACE org.hibernate.orm.jdbc.bind - binding parameter (2:UUID) <- [8f3bdb6f-8110-4e49-8985-28b06c04219e]
26-07-27 18:23:41.781 [Test worker] TRACE org.hibernate.orm.jdbc.bind - binding parameter (3:VARCHAR) <- [second]
26-07-27 18:23:41.781 [Test worker] TRACE org.hibernate.orm.jdbc.bind - binding parameter (4:TIMESTAMP_UTC) <- [2026-07-27T09:23:41.776743Z]
26-07-27 18:23:41.781 [Test worker] TRACE org.hibernate.orm.jdbc.bind - binding parameter (5:TIMESTAMP_UTC) <- [2026-07-27T09:23:41.776743Z]
26-07-27 18:23:41.781 [Test worker] TRACE org.hibernate.orm.jdbc.bind - binding parameter (6:UUID) <- [9ff5a549-6011-4050-a21a-6a5d1230b10d]
26-07-27 18:23:41.781 [Test worker] INFO  p6spy - #1785144221781 | took 0ms | statement | connection 26| url jdbc:h2:mem:7697003f-f59c-4f37-b865-30b4face72ff
insert into messages (author_id,channel_id,content,created_at,updated_at,id) values (?,?,?,?,?,?)
insert into messages (author_id,channel_id,content,created_at,updated_at,id) values ('c87fe1c5-703c-48a5-9d26-9acee18003de','8f3bdb6f-8110-4e49-8985-28b06c04219e','second','2026-07-27T09:23:41.776743Z','2026-07-27T09:23:41.776743Z','9ff5a549-6011-4050-a21a-6a5d1230b10d');
26-07-27 18:23:41.781 [Test worker] DEBUG org.hibernate.SQL - 
    insert 
    into
        messages
        (author_id, channel_id, content, created_at, updated_at, id) 
    values
        (?, ?, ?, ?, ?, ?)
26-07-27 18:23:41.782 [Test worker] TRACE org.hibernate.orm.jdbc.bind - binding parameter (1:UUID) <- [c87fe1c5-703c-48a5-9d26-9acee18003de]
26-07-27 18:23:41.782 [Test worker] TRACE org.hibernate.orm.jdbc.bind - binding parameter (2:UUID) <- [8f3bdb6f-8110-4e49-8985-28b06c04219e]
26-07-27 18:23:41.782 [Test worker] TRACE org.hibernate.orm.jdbc.bind - binding parameter (3:VARCHAR) <- [third]
26-07-27 18:23:41.782 [Test worker] TRACE org.hibernate.orm.jdbc.bind - binding parameter (4:TIMESTAMP_UTC) <- [2026-07-27T09:23:41.776872Z]
26-07-27 18:23:41.782 [Test worker] TRACE org.hibernate.orm.jdbc.bind - binding parameter (5:TIMESTAMP_UTC) <- [2026-07-27T09:23:41.776872Z]
26-07-27 18:23:41.782 [Test worker] TRACE org.hibernate.orm.jdbc.bind - binding parameter (6:UUID) <- [e52513bf-25bd-452f-8649-8a81da81f3ec]
26-07-27 18:23:41.782 [Test worker] INFO  p6spy - #1785144221782 | took 0ms | statement | connection 26| url jdbc:h2:mem:7697003f-f59c-4f37-b865-30b4face72ff
insert into messages (author_id,channel_id,content,created_at,updated_at,id) values (?,?,?,?,?,?)
insert into messages (author_id,channel_id,content,created_at,updated_at,id) values ('c87fe1c5-703c-48a5-9d26-9acee18003de','8f3bdb6f-8110-4e49-8985-28b06c04219e','third','2026-07-27T09:23:41.776872Z','2026-07-27T09:23:41.776872Z','e52513bf-25bd-452f-8649-8a81da81f3ec');
26-07-27 18:23:41.786 [Test worker] DEBUG org.hibernate.SQL - 
    select
        m1_0.id,
        m1_0.author_id,
        m1_0.channel_id,
        m1_0.content,
        m1_0.created_at,
        m1_0.updated_at 
    from
        messages m1_0 
    order by
        m1_0.created_at desc 
    offset
        ? rows 
    fetch
        first ? rows only
26-07-27 18:23:41.787 [Test worker] TRACE org.hibernate.orm.jdbc.bind - binding parameter (1:INTEGER) <- [0]
26-07-27 18:23:41.787 [Test worker] TRACE org.hibernate.orm.jdbc.bind - binding parameter (2:INTEGER) <- [2]
26-07-27 18:23:41.787 [Test worker] INFO  p6spy - #1785144221787 | took 0ms | statement | connection 26| url jdbc:h2:mem:7697003f-f59c-4f37-b865-30b4face72ff
select m1_0.id,m1_0.author_id,m1_0.channel_id,m1_0.content,m1_0.created_at,m1_0.updated_at from messages m1_0 order by m1_0.created_at desc offset ? rows fetch first ? rows only
select m1_0.id,m1_0.author_id,m1_0.channel_id,m1_0.content,m1_0.created_at,m1_0.updated_at from messages m1_0 order by m1_0.created_at desc offset 0 rows fetch first 2 rows only;
26-07-27 18:23:41.790 [Test worker] DEBUG org.hibernate.SQL - 
    select
        count(m1_0.id) 
    from
        messages m1_0
26-07-27 18:23:41.791 [Test worker] INFO  p6spy - #1785144221791 | took 0ms | statement | connection 26| url jdbc:h2:mem:7697003f-f59c-4f37-b865-30b4face72ff
select count(m1_0.id) from messages m1_0
select count(m1_0.id) from messages m1_0;
26-07-27 18:23:41.795 [Test worker] INFO  p6spy - #1785144221795 | took 0ms | rollback | connection 26| url jdbc:h2:mem:7697003f-f59c-4f37-b865-30b4face72ff

;
26-07-27 18:23:41.799 [Test worker] INFO  o.s.t.c.s.AnnotationConfigContextLoaderUtils - Could not detect default configuration classes for test class [com.sprint.mission.discodeit.repository.UserRepositoryTest]: UserRepositoryTest does not declare any static, non-private, non-final, nested classes annotated with @Configuration.
26-07-27 18:23:41.802 [Test worker] INFO  o.s.b.t.c.SpringBootTestContextBootstrapper - Found @SpringBootConfiguration com.sprint.mission.discodeit.DiscodeitApplication for test class com.sprint.mission.discodeit.repository.UserRepositoryTest
26-07-27 18:23:41.808 [Test worker] DEBUG org.hibernate.SQL - 
    select
        u1_0.id,
        u1_0.created_at,
        u1_0.email,
        u1_0.password,
        u1_0.profile_id,
        u1_0.updated_at,
        u1_0.username 
    from
        users u1_0 
    where
        u1_0.username=?
26-07-27 18:23:41.809 [Test worker] TRACE org.hibernate.orm.jdbc.bind - binding parameter (1:VARCHAR) <- [unknown]
26-07-27 18:23:41.809 [Test worker] INFO  p6spy - #1785144221809 | took 0ms | statement | connection 27| url jdbc:h2:mem:7697003f-f59c-4f37-b865-30b4face72ff
select u1_0.id,u1_0.created_at,u1_0.email,u1_0.password,u1_0.profile_id,u1_0.updated_at,u1_0.username from users u1_0 where u1_0.username=?
select u1_0.id,u1_0.created_at,u1_0.email,u1_0.password,u1_0.profile_id,u1_0.updated_at,u1_0.username from users u1_0 where u1_0.username='unknown';
26-07-27 18:23:41.812 [Test worker] INFO  p6spy - #1785144221812 | took 0ms | rollback | connection 27| url jdbc:h2:mem:7697003f-f59c-4f37-b865-30b4face72ff

;
26-07-27 18:23:41.818 [Test worker] DEBUG org.hibernate.SQL - 
    insert 
    into
        users
        (created_at, email, password, profile_id, updated_at, username, id) 
    values
        (?, ?, ?, ?, ?, ?, ?)
26-07-27 18:23:41.818 [Test worker] TRACE org.hibernate.orm.jdbc.bind - binding parameter (1:TIMESTAMP_UTC) <- [2026-07-27T09:23:41.816942Z]
26-07-27 18:23:41.818 [Test worker] TRACE org.hibernate.orm.jdbc.bind - binding parameter (2:VARCHAR) <- [woody@codeit.com]
26-07-27 18:23:41.819 [Test worker] TRACE org.hibernate.orm.jdbc.bind - binding parameter (3:VARCHAR) <- [password1]
26-07-27 18:23:41.819 [Test worker] TRACE org.hibernate.orm.jdbc.bind - binding parameter (4:UUID) <- [null]
26-07-27 18:23:41.819 [Test worker] TRACE org.hibernate.orm.jdbc.bind - binding parameter (5:TIMESTAMP_UTC) <- [2026-07-27T09:23:41.816942Z]
26-07-27 18:23:41.819 [Test worker] TRACE org.hibernate.orm.jdbc.bind - binding parameter (6:VARCHAR) <- [woody]
26-07-27 18:23:41.819 [Test worker] TRACE org.hibernate.orm.jdbc.bind - binding parameter (7:UUID) <- [dafe2d27-6ad0-430e-bc5e-8093281f8df9]
26-07-27 18:23:41.819 [Test worker] INFO  p6spy - #1785144221819 | took 0ms | statement | connection 28| url jdbc:h2:mem:7697003f-f59c-4f37-b865-30b4face72ff
insert into users (created_at,email,password,profile_id,updated_at,username,id) values (?,?,?,?,?,?,?)
insert into users (created_at,email,password,profile_id,updated_at,username,id) values ('2026-07-27T09:23:41.816942Z','woody@codeit.com','password1',NULL,'2026-07-27T09:23:41.816942Z','woody','dafe2d27-6ad0-430e-bc5e-8093281f8df9');
26-07-27 18:23:41.821 [Test worker] DEBUG org.hibernate.SQL - 
    select
        u1_0.id 
    from
        users u1_0 
    where
        u1_0.username=? 
        or u1_0.email=? 
    fetch
        first ? rows only
26-07-27 18:23:41.821 [Test worker] TRACE org.hibernate.orm.jdbc.bind - binding parameter (1:VARCHAR) <- [woody]
26-07-27 18:23:41.822 [Test worker] TRACE org.hibernate.orm.jdbc.bind - binding parameter (2:VARCHAR) <- [other@codeit.com]
26-07-27 18:23:41.822 [Test worker] TRACE org.hibernate.orm.jdbc.bind - binding parameter (3:INTEGER) <- [1]
26-07-27 18:23:41.822 [Test worker] INFO  p6spy - #1785144221822 | took 0ms | statement | connection 28| url jdbc:h2:mem:7697003f-f59c-4f37-b865-30b4face72ff
select u1_0.id from users u1_0 where u1_0.username=? or u1_0.email=? fetch first ? rows only
select u1_0.id from users u1_0 where u1_0.username='woody' or u1_0.email='other@codeit.com' fetch first 1 rows only;
26-07-27 18:23:41.824 [Test worker] DEBUG org.hibernate.SQL - 
    select
        u1_0.id 
    from
        users u1_0 
    where
        u1_0.username=? 
        or u1_0.email=? 
    fetch
        first ? rows only
26-07-27 18:23:41.825 [Test worker] TRACE org.hibernate.orm.jdbc.bind - binding parameter (1:VARCHAR) <- [other]
26-07-27 18:23:41.825 [Test worker] TRACE org.hibernate.orm.jdbc.bind - binding parameter (2:VARCHAR) <- [woody@codeit.com]
26-07-27 18:23:41.825 [Test worker] TRACE org.hibernate.orm.jdbc.bind - binding parameter (3:INTEGER) <- [1]
26-07-27 18:23:41.825 [Test worker] INFO  p6spy - #1785144221825 | took 0ms | statement | connection 28| url jdbc:h2:mem:7697003f-f59c-4f37-b865-30b4face72ff
select u1_0.id from users u1_0 where u1_0.username=? or u1_0.email=? fetch first ? rows only
select u1_0.id from users u1_0 where u1_0.username='other' or u1_0.email='woody@codeit.com' fetch first 1 rows only;
26-07-27 18:23:41.831 [Test worker] INFO  p6spy - #1785144221831 | took 0ms | rollback | connection 28| url jdbc:h2:mem:7697003f-f59c-4f37-b865-30b4face72ff

;
26-07-27 18:23:41.838 [Test worker] DEBUG org.hibernate.SQL - 
    insert 
    into
        users
        (created_at, email, password, profile_id, updated_at, username, id) 
    values
        (?, ?, ?, ?, ?, ?, ?)
26-07-27 18:23:41.838 [Test worker] TRACE org.hibernate.orm.jdbc.bind - binding parameter (1:TIMESTAMP_UTC) <- [2026-07-27T09:23:41.837118Z]
26-07-27 18:23:41.838 [Test worker] TRACE org.hibernate.orm.jdbc.bind - binding parameter (2:VARCHAR) <- [woody@codeit.com]
26-07-27 18:23:41.839 [Test worker] TRACE org.hibernate.orm.jdbc.bind - binding parameter (3:VARCHAR) <- [password1]
26-07-27 18:23:41.839 [Test worker] TRACE org.hibernate.orm.jdbc.bind - binding parameter (4:UUID) <- [null]
26-07-27 18:23:41.839 [Test worker] TRACE org.hibernate.orm.jdbc.bind - binding parameter (5:TIMESTAMP_UTC) <- [2026-07-27T09:23:41.837118Z]
26-07-27 18:23:41.839 [Test worker] TRACE org.hibernate.orm.jdbc.bind - binding parameter (6:VARCHAR) <- [woody]
26-07-27 18:23:41.839 [Test worker] TRACE org.hibernate.orm.jdbc.bind - binding parameter (7:UUID) <- [c1c068f3-d7fa-42a5-830d-4ed841f64466]
26-07-27 18:23:41.839 [Test worker] INFO  p6spy - #1785144221839 | took 0ms | statement | connection 29| url jdbc:h2:mem:7697003f-f59c-4f37-b865-30b4face72ff
insert into users (created_at,email,password,profile_id,updated_at,username,id) values (?,?,?,?,?,?,?)
insert into users (created_at,email,password,profile_id,updated_at,username,id) values ('2026-07-27T09:23:41.837118Z','woody@codeit.com','password1',NULL,'2026-07-27T09:23:41.837118Z','woody','c1c068f3-d7fa-42a5-830d-4ed841f64466');
26-07-27 18:23:41.840 [Test worker] DEBUG org.hibernate.SQL - 
    select
        u1_0.id,
        u1_0.created_at,
        u1_0.email,
        u1_0.password,
        u1_0.profile_id,
        u1_0.updated_at,
        u1_0.username 
    from
        users u1_0 
    where
        u1_0.username=?
26-07-27 18:23:41.840 [Test worker] TRACE org.hibernate.orm.jdbc.bind - binding parameter (1:VARCHAR) <- [woody]
26-07-27 18:23:41.840 [Test worker] INFO  p6spy - #1785144221840 | took 0ms | statement | connection 29| url jdbc:h2:mem:7697003f-f59c-4f37-b865-30b4face72ff
select u1_0.id,u1_0.created_at,u1_0.email,u1_0.password,u1_0.profile_id,u1_0.updated_at,u1_0.username from users u1_0 where u1_0.username=?
select u1_0.id,u1_0.created_at,u1_0.email,u1_0.password,u1_0.profile_id,u1_0.updated_at,u1_0.username from users u1_0 where u1_0.username='woody';
26-07-27 18:23:41.843 [Test worker] INFO  p6spy - #1785144221843 | took 0ms | rollback | connection 29| url jdbc:h2:mem:7697003f-f59c-4f37-b865-30b4face72ff

;
26-07-27 18:23:41.849 [Test worker] DEBUG org.hibernate.SQL - 
    insert 
    into
        users
        (created_at, email, password, profile_id, updated_at, username, id) 
    values
        (?, ?, ?, ?, ?, ?, ?)
26-07-27 18:23:41.849 [Test worker] TRACE org.hibernate.orm.jdbc.bind - binding parameter (1:TIMESTAMP_UTC) <- [2026-07-27T09:23:41.847235Z]
26-07-27 18:23:41.850 [Test worker] TRACE org.hibernate.orm.jdbc.bind - binding parameter (2:VARCHAR) <- [charlie@codeit.com]
26-07-27 18:23:41.850 [Test worker] TRACE org.hibernate.orm.jdbc.bind - binding parameter (3:VARCHAR) <- [password1]
26-07-27 18:23:41.850 [Test worker] TRACE org.hibernate.orm.jdbc.bind - binding parameter (4:UUID) <- [null]
26-07-27 18:23:41.850 [Test worker] TRACE org.hibernate.orm.jdbc.bind - binding parameter (5:TIMESTAMP_UTC) <- [2026-07-27T09:23:41.847235Z]
26-07-27 18:23:41.850 [Test worker] TRACE org.hibernate.orm.jdbc.bind - binding parameter (6:VARCHAR) <- [charlie]
26-07-27 18:23:41.850 [Test worker] TRACE org.hibernate.orm.jdbc.bind - binding parameter (7:UUID) <- [a2fef5fa-cc16-4760-9037-cc7ba2b704dd]
26-07-27 18:23:41.850 [Test worker] INFO  p6spy - #1785144221850 | took 0ms | statement | connection 30| url jdbc:h2:mem:7697003f-f59c-4f37-b865-30b4face72ff
insert into users (created_at,email,password,profile_id,updated_at,username,id) values (?,?,?,?,?,?,?)
insert into users (created_at,email,password,profile_id,updated_at,username,id) values ('2026-07-27T09:23:41.847235Z','charlie@codeit.com','password1',NULL,'2026-07-27T09:23:41.847235Z','charlie','a2fef5fa-cc16-4760-9037-cc7ba2b704dd');
26-07-27 18:23:41.851 [Test worker] DEBUG org.hibernate.SQL - 
    insert 
    into
        users
        (created_at, email, password, profile_id, updated_at, username, id) 
    values
        (?, ?, ?, ?, ?, ?, ?)
26-07-27 18:23:41.851 [Test worker] TRACE org.hibernate.orm.jdbc.bind - binding parameter (1:TIMESTAMP_UTC) <- [2026-07-27T09:23:41.847440Z]
26-07-27 18:23:41.851 [Test worker] TRACE org.hibernate.orm.jdbc.bind - binding parameter (2:VARCHAR) <- [alice@codeit.com]
26-07-27 18:23:41.851 [Test worker] TRACE org.hibernate.orm.jdbc.bind - binding parameter (3:VARCHAR) <- [password1]
26-07-27 18:23:41.851 [Test worker] TRACE org.hibernate.orm.jdbc.bind - binding parameter (4:UUID) <- [null]
26-07-27 18:23:41.851 [Test worker] TRACE org.hibernate.orm.jdbc.bind - binding parameter (5:TIMESTAMP_UTC) <- [2026-07-27T09:23:41.847440Z]
26-07-27 18:23:41.851 [Test worker] TRACE org.hibernate.orm.jdbc.bind - binding parameter (6:VARCHAR) <- [alice]
26-07-27 18:23:41.851 [Test worker] TRACE org.hibernate.orm.jdbc.bind - binding parameter (7:UUID) <- [d1135abe-3900-4990-8fa2-ac434d780c84]
26-07-27 18:23:41.851 [Test worker] INFO  p6spy - #1785144221851 | took 0ms | statement | connection 30| url jdbc:h2:mem:7697003f-f59c-4f37-b865-30b4face72ff
insert into users (created_at,email,password,profile_id,updated_at,username,id) values (?,?,?,?,?,?,?)
insert into users (created_at,email,password,profile_id,updated_at,username,id) values ('2026-07-27T09:23:41.847440Z','alice@codeit.com','password1',NULL,'2026-07-27T09:23:41.847440Z','alice','d1135abe-3900-4990-8fa2-ac434d780c84');
26-07-27 18:23:41.852 [Test worker] DEBUG org.hibernate.SQL - 
    insert 
    into
        users
        (created_at, email, password, profile_id, updated_at, username, id) 
    values
        (?, ?, ?, ?, ?, ?, ?)
26-07-27 18:23:41.852 [Test worker] TRACE org.hibernate.orm.jdbc.bind - binding parameter (1:TIMESTAMP_UTC) <- [2026-07-27T09:23:41.847687Z]
26-07-27 18:23:41.852 [Test worker] TRACE org.hibernate.orm.jdbc.bind - binding parameter (2:VARCHAR) <- [bravo@codeit.com]
26-07-27 18:23:41.852 [Test worker] TRACE org.hibernate.orm.jdbc.bind - binding parameter (3:VARCHAR) <- [password1]
26-07-27 18:23:41.852 [Test worker] TRACE org.hibernate.orm.jdbc.bind - binding parameter (4:UUID) <- [null]
26-07-27 18:23:41.852 [Test worker] TRACE org.hibernate.orm.jdbc.bind - binding parameter (5:TIMESTAMP_UTC) <- [2026-07-27T09:23:41.847687Z]
26-07-27 18:23:41.852 [Test worker] TRACE org.hibernate.orm.jdbc.bind - binding parameter (6:VARCHAR) <- [bravo]
26-07-27 18:23:41.852 [Test worker] TRACE org.hibernate.orm.jdbc.bind - binding parameter (7:UUID) <- [8756089f-5315-4907-a757-5872cb4b5680]
26-07-27 18:23:41.852 [Test worker] INFO  p6spy - #1785144221852 | took 0ms | statement | connection 30| url jdbc:h2:mem:7697003f-f59c-4f37-b865-30b4face72ff
insert into users (created_at,email,password,profile_id,updated_at,username,id) values (?,?,?,?,?,?,?)
insert into users (created_at,email,password,profile_id,updated_at,username,id) values ('2026-07-27T09:23:41.847687Z','bravo@codeit.com','password1',NULL,'2026-07-27T09:23:41.847687Z','bravo','8756089f-5315-4907-a757-5872cb4b5680');
26-07-27 18:23:41.852 [Test worker] DEBUG org.hibernate.SQL - 
    select
        u1_0.id,
        u1_0.created_at,
        u1_0.email,
        u1_0.password,
        u1_0.profile_id,
        u1_0.updated_at,
        u1_0.username 
    from
        users u1_0 
    order by
        u1_0.username 
    offset
        ? rows 
    fetch
        first ? rows only
26-07-27 18:23:41.853 [Test worker] TRACE org.hibernate.orm.jdbc.bind - binding parameter (1:INTEGER) <- [0]
26-07-27 18:23:41.853 [Test worker] TRACE org.hibernate.orm.jdbc.bind - binding parameter (2:INTEGER) <- [2]
26-07-27 18:23:41.853 [Test worker] INFO  p6spy - #1785144221853 | took 0ms | statement | connection 30| url jdbc:h2:mem:7697003f-f59c-4f37-b865-30b4face72ff
select u1_0.id,u1_0.created_at,u1_0.email,u1_0.password,u1_0.profile_id,u1_0.updated_at,u1_0.username from users u1_0 order by u1_0.username offset ? rows fetch first ? rows only
select u1_0.id,u1_0.created_at,u1_0.email,u1_0.password,u1_0.profile_id,u1_0.updated_at,u1_0.username from users u1_0 order by u1_0.username offset 0 rows fetch first 2 rows only;
26-07-27 18:23:41.854 [Test worker] DEBUG org.hibernate.SQL - 
    select
        count(u1_0.id) 
    from
        users u1_0
26-07-27 18:23:41.854 [Test worker] INFO  p6spy - #1785144221854 | took 0ms | statement | connection 30| url jdbc:h2:mem:7697003f-f59c-4f37-b865-30b4face72ff
select count(u1_0.id) from users u1_0
select count(u1_0.id) from users u1_0;
26-07-27 18:23:41.858 [Test worker] INFO  p6spy - #1785144221858 | took 0ms | rollback | connection 30| url jdbc:h2:mem:7697003f-f59c-4f37-b865-30b4face72ff

;
26-07-27 18:23:42.279 [Test worker] DEBUG c.s.m.d.s.basic.BasicChannelService - Deleting channel. channelId=fc171ca7-1c2a-4695-b6b1-55a3c0e54d2b
26-07-27 18:23:42.279 [Test worker] INFO  c.s.m.d.s.basic.BasicChannelService - Channel deleted. channelId=fc171ca7-1c2a-4695-b6b1-55a3c0e54d2b
26-07-27 18:23:42.290 [Test worker] DEBUG c.s.m.d.s.basic.BasicChannelService - Creating public channel. name=공지
26-07-27 18:23:42.291 [Test worker] INFO  c.s.m.d.s.basic.BasicChannelService - Public channel created. channelId=54a5ffc7-9618-47d0-8d39-20ae08144e9d, name=공지
26-07-27 18:23:42.294 [Test worker] DEBUG c.s.m.d.s.basic.BasicChannelService - Creating private channel. participantCount=1
26-07-27 18:23:42.294 [Test worker] INFO  c.s.m.d.s.basic.BasicChannelService - Private channel created. channelId=2af4060d-9601-48bf-9324-46789feff855, participantCount=1
26-07-27 18:23:42.302 [Test worker] WARN  c.s.m.d.s.basic.BasicChannelService - Private channel update rejected. channelId=56d59c7e-4c6d-4644-a7f0-787baddde733
26-07-27 18:23:42.304 [Test worker] DEBUG c.s.m.d.s.basic.BasicChannelService - Updating channel. channelId=f562b881-d6fc-4322-a7d6-c1b601c354b6
26-07-27 18:23:42.304 [Test worker] INFO  c.s.m.d.s.basic.BasicChannelService - Channel updated. channelId=f562b881-d6fc-4322-a7d6-c1b601c354b6
26-07-27 18:23:42.354 [Test worker] DEBUG c.s.m.d.s.basic.BasicMessageService - Creating message. channelId=cb86e32b-f00a-466e-8db5-973aa4170b08, authorId=b18150d0-3c30-40bd-b39e-5c03bb213cb1, attachmentCount=1
26-07-27 18:23:42.354 [Test worker] INFO  c.s.m.d.s.basic.BasicMessageService - Message created. messageId=f7d951a2-150c-47c9-9fb0-64657c8bb3a6, channelId=cb86e32b-f00a-466e-8db5-973aa4170b08, authorId=b18150d0-3c30-40bd-b39e-5c03bb213cb1, attachmentCount=1
26-07-27 18:23:42.357 [Test worker] DEBUG c.s.m.d.s.basic.BasicMessageService - Deleting message. messageId=bd69d85d-5710-4f57-a3ed-e642a996bd56
26-07-27 18:23:42.357 [Test worker] INFO  c.s.m.d.s.basic.BasicMessageService - Message deleted. messageId=bd69d85d-5710-4f57-a3ed-e642a996bd56
26-07-27 18:23:42.359 [Test worker] DEBUG c.s.m.d.s.basic.BasicMessageService - Creating message. channelId=04f8baf2-bb2b-4639-b792-3373144db2cf, authorId=04a78e3f-b2d4-412e-859c-f34464be3d8f, attachmentCount=0
26-07-27 18:23:42.362 [Test worker] DEBUG c.s.m.d.s.basic.BasicMessageService - Deleting message. messageId=2a891bf3-f0a9-4a03-bfb9-2cb7fb1c358c
26-07-27 18:23:42.364 [Test worker] DEBUG c.s.m.d.s.basic.BasicMessageService - Creating message. channelId=697406ff-37a1-4c86-8460-ad6655f064e0, authorId=d13a15ca-7b64-4521-85dc-be5c843fce11, attachmentCount=0
26-07-27 18:23:42.366 [Test worker] DEBUG c.s.m.d.s.basic.BasicMessageService - Updating message. messageId=f9d07e2f-4c13-4563-a6ce-2b2e5e32e575
26-07-27 18:23:42.369 [Test worker] DEBUG c.s.m.d.s.basic.BasicMessageService - Updating message. messageId=5b1390da-0fbd-46eb-b94b-651ffff44aa7
26-07-27 18:23:42.369 [Test worker] INFO  c.s.m.d.s.basic.BasicMessageService - Message updated. messageId=5b1390da-0fbd-46eb-b94b-651ffff44aa7
26-07-27 18:23:42.371 [Test worker] DEBUG c.s.m.d.s.basic.BasicMessageService - Creating message. channelId=4cc3d9d9-c57a-49ff-812a-468f37a3e622, authorId=5858a7b8-4eeb-4d28-aea0-209e10f454a0, attachmentCount=0
26-07-27 18:23:42.372 [Test worker] INFO  c.s.m.d.s.basic.BasicMessageService - Message created. messageId=c19c927f-2a3b-4ecb-8fe9-dc85c239b470, channelId=4cc3d9d9-c57a-49ff-812a-468f37a3e622, authorId=5858a7b8-4eeb-4d28-aea0-209e10f454a0, attachmentCount=0
26-07-27 18:23:42.384 [Test worker] DEBUG c.s.m.d.s.basic.BasicUserService - Deleting user. userId=a6927687-a67b-407d-804c-947eca85e5dd
26-07-27 18:23:42.385 [Test worker] INFO  c.s.m.d.s.basic.BasicUserService - User deleted. userId=a6927687-a67b-407d-804c-947eca85e5dd
26-07-27 18:23:42.387 [Test worker] DEBUG c.s.m.d.s.basic.BasicUserService - Updating user. userId=2d15f7cb-3be2-46f6-83bb-8ef93f80fe59, hasProfileImage=false
26-07-27 18:23:42.393 [Test worker] DEBUG c.s.m.d.s.basic.BasicUserService - Updating user. userId=34cd1a5f-24f2-45f9-926b-b5e11f59838a, hasProfileImage=false
26-07-27 18:23:42.398 [Test worker] DEBUG c.s.m.d.s.basic.BasicUserService - Updating user. userId=c8e1043d-c366-417a-9cc6-a149225e2c22, hasProfileImage=false
26-07-27 18:23:42.398 [Test worker] INFO  c.s.m.d.s.basic.BasicUserService - User updated. userId=c8e1043d-c366-417a-9cc6-a149225e2c22
26-07-27 18:23:42.402 [Test worker] DEBUG c.s.m.d.s.basic.BasicUserService - Creating user. username=woody, email=woody@codeit.com, hasProfileImage=false
26-07-27 18:23:42.402 [Test worker] INFO  c.s.m.d.s.basic.BasicUserService - User created. userId=e775b31c-0901-4d58-a5a1-123a83fa9d6a, username=woody
26-07-27 18:23:42.404 [Test worker] DEBUG c.s.m.d.s.basic.BasicUserService - Deleting user. userId=7a3ae57d-57de-4952-9762-699c7788a06b
26-07-27 18:23:42.404 [Test worker] INFO  c.s.m.d.s.basic.BasicUserService - User deleted. userId=7a3ae57d-57de-4952-9762-699c7788a06b
26-07-27 18:23:42.406 [Test worker] DEBUG c.s.m.d.s.basic.BasicUserService - Creating user. username=woody, email=woody@codeit.com, hasProfileImage=true
26-07-27 18:23:42.407 [Test worker] INFO  c.s.m.d.s.basic.BasicUserService - User created. userId=8d5feb36-3e60-427f-babd-fbe66e33ad64, username=woody
26-07-27 18:23:42.408 [Test worker] DEBUG c.s.m.d.s.basic.BasicUserService - Creating user. username=woody, email=woody@codeit.com, hasProfileImage=false
26-07-27 18:23:42.409 [Test worker] WARN  c.s.m.d.s.basic.BasicUserService - User creation failed. duplicated username or email. username=woody
26-07-27 18:23:42.432 [SpringApplicationShutdownHook] INFO  o.s.o.j.LocalContainerEntityManagerFactoryBean - Closing JPA EntityManagerFactory for persistence unit 'default'
26-07-27 18:23:42.433 [SpringApplicationShutdownHook] DEBUG org.hibernate.SQL - 
    drop table if exists binary_contents cascade 
26-07-27 18:23:42.433 [SpringApplicationShutdownHook] INFO  p6spy - #1785144222433 | took 0ms | statement | connection 31| url jdbc:h2:mem:discodeit-test

    drop table if exists binary_contents cascade 

    drop table if exists binary_contents cascade ;
26-07-27 18:23:42.433 [SpringApplicationShutdownHook] DEBUG org.hibernate.SQL - 
    drop table if exists channels cascade 
26-07-27 18:23:42.433 [SpringApplicationShutdownHook] INFO  p6spy - #1785144222433 | took 0ms | statement | connection 31| url jdbc:h2:mem:discodeit-test

    drop table if exists channels cascade 

    drop table if exists channels cascade ;
26-07-27 18:23:42.433 [SpringApplicationShutdownHook] DEBUG org.hibernate.SQL - 
    drop table if exists message_attachments cascade 
26-07-27 18:23:42.434 [SpringApplicationShutdownHook] INFO  p6spy - #1785144222434 | took 0ms | statement | connection 31| url jdbc:h2:mem:discodeit-test

    drop table if exists message_attachments cascade 

    drop table if exists message_attachments cascade ;
26-07-27 18:23:42.434 [SpringApplicationShutdownHook] DEBUG org.hibernate.SQL - 
    drop table if exists messages cascade 
26-07-27 18:23:42.434 [SpringApplicationShutdownHook] INFO  p6spy - #1785144222434 | took 0ms | statement | connection 31| url jdbc:h2:mem:discodeit-test

    drop table if exists messages cascade 

    drop table if exists messages cascade ;
26-07-27 18:23:42.434 [SpringApplicationShutdownHook] DEBUG org.hibernate.SQL - 
    drop table if exists read_statuses cascade 
26-07-27 18:23:42.434 [SpringApplicationShutdownHook] INFO  p6spy - #1785144222434 | took 0ms | statement | connection 31| url jdbc:h2:mem:discodeit-test

    drop table if exists read_statuses cascade 

    drop table if exists read_statuses cascade ;
26-07-27 18:23:42.434 [SpringApplicationShutdownHook] DEBUG org.hibernate.SQL - 
    drop table if exists user_statuses cascade 
26-07-27 18:23:42.434 [SpringApplicationShutdownHook] INFO  p6spy - #1785144222434 | took 0ms | statement | connection 31| url jdbc:h2:mem:discodeit-test

    drop table if exists user_statuses cascade 

    drop table if exists user_statuses cascade ;
26-07-27 18:23:42.434 [SpringApplicationShutdownHook] DEBUG org.hibernate.SQL - 
    drop table if exists users cascade 
26-07-27 18:23:42.434 [SpringApplicationShutdownHook] INFO  p6spy - #1785144222434 | took 0ms | statement | connection 31| url jdbc:h2:mem:discodeit-test

    drop table if exists users cascade 

    drop table if exists users cascade ;
26-07-27 18:23:42.436 [SpringApplicationShutdownHook] INFO  com.zaxxer.hikari.HikariDataSource - HikariPool-1 - Shutdown initiated...
26-07-27 18:23:42.437 [SpringApplicationShutdownHook] INFO  com.zaxxer.hikari.HikariDataSource - HikariPool-1 - Shutdown completed.
26-07-27 18:23:42.444 [SpringApplicationShutdownHook] INFO  o.s.o.j.LocalContainerEntityManagerFactoryBean - Closing JPA EntityManagerFactory for persistence unit 'default'
26-07-27 18:23:42.444 [SpringApplicationShutdownHook] DEBUG org.hibernate.SQL - 
    drop table if exists binary_contents cascade 
26-07-27 18:23:42.444 [SpringApplicationShutdownHook] DEBUG org.hibernate.SQL - 
    drop table if exists channels cascade 
26-07-27 18:23:42.444 [SpringApplicationShutdownHook] DEBUG org.hibernate.SQL - 
    drop table if exists message_attachments cascade 
26-07-27 18:23:42.444 [SpringApplicationShutdownHook] DEBUG org.hibernate.SQL - 
    drop table if exists messages cascade 
26-07-27 18:23:42.444 [SpringApplicationShutdownHook] DEBUG org.hibernate.SQL - 
    drop table if exists read_statuses cascade 
26-07-27 18:23:42.445 [SpringApplicationShutdownHook] DEBUG org.hibernate.SQL - 
    drop table if exists user_statuses cascade 
26-07-27 18:23:42.445 [SpringApplicationShutdownHook] DEBUG org.hibernate.SQL - 
    drop table if exists users cascade 
26-07-27 18:23:42.445 [SpringApplicationShutdownHook] INFO  com.zaxxer.hikari.HikariDataSource - HikariPool-2 - Shutdown initiated...
26-07-27 18:23:42.446 [SpringApplicationShutdownHook] INFO  com.zaxxer.hikari.HikariDataSource - HikariPool-2 - Shutdown completed.
26-07-27 18:23:42.448 [SpringApplicationShutdownHook] INFO  o.s.o.j.LocalContainerEntityManagerFactoryBean - Closing JPA EntityManagerFactory for persistence unit 'default'
26-07-27 18:23:42.448 [SpringApplicationShutdownHook] DEBUG org.hibernate.SQL - 
    drop table if exists binary_contents cascade 
26-07-27 18:23:42.449 [SpringApplicationShutdownHook] DEBUG org.hibernate.SQL - 
    drop table if exists channels cascade 
26-07-27 18:23:42.449 [SpringApplicationShutdownHook] DEBUG org.hibernate.SQL - 
    drop table if exists message_attachments cascade 
26-07-27 18:23:42.450 [SpringApplicationShutdownHook] DEBUG org.hibernate.SQL - 
    drop table if exists messages cascade 
26-07-27 18:23:42.450 [SpringApplicationShutdownHook] DEBUG org.hibernate.SQL - 
    drop table if exists read_statuses cascade 
26-07-27 18:23:42.450 [SpringApplicationShutdownHook] DEBUG org.hibernate.SQL - 
    drop table if exists user_statuses cascade 
26-07-27 18:23:42.450 [SpringApplicationShutdownHook] DEBUG org.hibernate.SQL - 
    drop table if exists users cascade 
26-07-27 18:23:58.547 [background-preinit] INFO  o.h.validator.internal.util.Version - HV000001: Hibernate Validator 8.0.3.Final
26-07-27 18:23:58.580 [Test worker] INFO  c.s.m.d.r.ChannelRepositoryTest - Starting ChannelRepositoryTest using Java 17.0.19 with PID 38550 (started by apple in /Users/apple/Desktop/codeit-13th-develop/13-sprint-mission)
26-07-27 18:23:58.580 [Test worker] DEBUG c.s.m.d.r.ChannelRepositoryTest - Running with Spring Boot v3.5.14, Spring v6.2.18
26-07-27 18:23:58.580 [Test worker] INFO  c.s.m.d.r.ChannelRepositoryTest - The following 1 profile is active: "test"
26-07-27 18:23:58.806 [Test worker] INFO  o.s.d.r.c.RepositoryConfigurationDelegate - Bootstrapping Spring Data JPA repositories in DEFAULT mode.
26-07-27 18:23:58.848 [Test worker] INFO  o.s.d.r.c.RepositoryConfigurationDelegate - Finished Spring Data repository scanning in 37 ms. Found 6 JPA repository interfaces.
26-07-27 18:23:58.873 [Test worker] INFO  o.s.b.t.a.j.TestDatabaseAutoConfiguration$EmbeddedDataSourceBeanFactoryPostProcessor - Replacing 'dataSource' DataSource bean with embedded version
26-07-27 18:23:58.918 [Test worker] INFO  o.s.j.d.e.EmbeddedDatabaseFactory - Starting embedded database: url='jdbc:h2:mem:84124342-06be-41c7-92aa-3c80d3324794;DB_CLOSE_DELAY=-1;DB_CLOSE_ON_EXIT=false', username='sa'
26-07-27 18:23:59.099 [Test worker] INFO  o.h.jpa.internal.util.LogHelper - HHH000204: Processing PersistenceUnitInfo [name: default]
26-07-27 18:23:59.125 [Test worker] INFO  org.hibernate.Version - HHH000412: Hibernate ORM core version 6.6.49.Final
26-07-27 18:23:59.140 [Test worker] INFO  o.h.c.i.RegionFactoryInitiator - HHH000026: Second-level cache disabled
26-07-27 18:23:59.296 [Test worker] INFO  o.s.o.j.p.SpringPersistenceUnitInfo - No LoadTimeWeaver setup: ignoring JPA class transformer
26-07-27 18:23:59.344 [Test worker] INFO  o.hibernate.orm.connections.pooling - HHH10001005: Database info:
	Database JDBC URL [Connecting through datasource 'p6SpyDataSourceDecorator [com.p6spy.engine.spy.P6DataSource] -> dataSource [org.springframework.jdbc.datasource.embedded.EmbeddedDatabaseFactory$EmbeddedDataSourceProxy]']
	Database driver: undefined/unknown
	Database version: 2.3.232
	Autocommit mode: undefined/unknown
	Isolation level: undefined/unknown
	Minimum pool size: undefined/unknown
	Maximum pool size: undefined/unknown
26-07-27 18:23:59.907 [Test worker] INFO  o.h.e.t.j.p.i.JtaPlatformInitiator - HHH000489: No JTA platform available (set 'hibernate.transaction.jta.platform' to enable JTA platform integration)
26-07-27 18:23:59.916 [Test worker] DEBUG org.hibernate.SQL - 
    drop table if exists binary_contents cascade 
26-07-27 18:23:59.918 [Test worker] INFO  p6spy - #1785144239918 | took 0ms | statement | connection 1| url jdbc:h2:mem:84124342-06be-41c7-92aa-3c80d3324794

    drop table if exists binary_contents cascade 

    drop table if exists binary_contents cascade ;
26-07-27 18:23:59.918 [Test worker] DEBUG org.hibernate.SQL - 
    drop table if exists channels cascade 
26-07-27 18:23:59.918 [Test worker] INFO  p6spy - #1785144239918 | took 0ms | statement | connection 1| url jdbc:h2:mem:84124342-06be-41c7-92aa-3c80d3324794

    drop table if exists channels cascade 

    drop table if exists channels cascade ;
26-07-27 18:23:59.918 [Test worker] DEBUG org.hibernate.SQL - 
    drop table if exists message_attachments cascade 
26-07-27 18:23:59.918 [Test worker] INFO  p6spy - #1785144239918 | took 0ms | statement | connection 1| url jdbc:h2:mem:84124342-06be-41c7-92aa-3c80d3324794

    drop table if exists message_attachments cascade 

    drop table if exists message_attachments cascade ;
26-07-27 18:23:59.918 [Test worker] DEBUG org.hibernate.SQL - 
    drop table if exists messages cascade 
26-07-27 18:23:59.919 [Test worker] INFO  p6spy - #1785144239919 | took 0ms | statement | connection 1| url jdbc:h2:mem:84124342-06be-41c7-92aa-3c80d3324794

    drop table if exists messages cascade 

    drop table if exists messages cascade ;
26-07-27 18:23:59.919 [Test worker] DEBUG org.hibernate.SQL - 
    drop table if exists read_statuses cascade 
26-07-27 18:23:59.919 [Test worker] INFO  p6spy - #1785144239919 | took 0ms | statement | connection 1| url jdbc:h2:mem:84124342-06be-41c7-92aa-3c80d3324794

    drop table if exists read_statuses cascade 

    drop table if exists read_statuses cascade ;
26-07-27 18:23:59.919 [Test worker] DEBUG org.hibernate.SQL - 
    drop table if exists user_statuses cascade 
26-07-27 18:23:59.919 [Test worker] INFO  p6spy - #1785144239919 | took 0ms | statement | connection 1| url jdbc:h2:mem:84124342-06be-41c7-92aa-3c80d3324794

    drop table if exists user_statuses cascade 

    drop table if exists user_statuses cascade ;
26-07-27 18:23:59.919 [Test worker] DEBUG org.hibernate.SQL - 
    drop table if exists users cascade 
26-07-27 18:23:59.919 [Test worker] INFO  p6spy - #1785144239919 | took 0ms | statement | connection 1| url jdbc:h2:mem:84124342-06be-41c7-92aa-3c80d3324794

    drop table if exists users cascade 

    drop table if exists users cascade ;
26-07-27 18:23:59.922 [Test worker] DEBUG org.hibernate.SQL - 
    create table binary_contents (
        created_at timestamp(6) with time zone not null,
        size bigint not null,
        id uuid not null,
        content_type varchar(100) not null,
        file_name varchar(255) not null,
        primary key (id)
    )
26-07-27 18:23:59.926 [Test worker] INFO  p6spy - #1785144239926 | took 3ms | statement | connection 2| url jdbc:h2:mem:84124342-06be-41c7-92aa-3c80d3324794

    create table binary_contents (
        created_at timestamp(6) with time zone not null,
        size bigint not null,
        id uuid not null,
        content_type varchar(100) not null,
        file_name varchar(255) not null,
        primary key (id)
    )

    create table binary_contents (
        created_at timestamp(6) with time zone not null,
        size bigint not null,
        id uuid not null,
        content_type varchar(100) not null,
        file_name varchar(255) not null,
        primary key (id)
    );
26-07-27 18:23:59.926 [Test worker] DEBUG org.hibernate.SQL - 
    create table channels (
        created_at timestamp(6) with time zone not null,
        updated_at timestamp(6) with time zone,
        id uuid not null,
        name varchar(100),
        description varchar(500),
        type enum ('PRIVATE','PUBLIC') not null,
        primary key (id)
    )
26-07-27 18:23:59.927 [Test worker] INFO  p6spy - #1785144239927 | took 0ms | statement | connection 2| url jdbc:h2:mem:84124342-06be-41c7-92aa-3c80d3324794

    create table channels (
        created_at timestamp(6) with time zone not null,
        updated_at timestamp(6) with time zone,
        id uuid not null,
        name varchar(100),
        description varchar(500),
        type enum ('PRIVATE','PUBLIC') not null,
        primary key (id)
    )

    create table channels (
        created_at timestamp(6) with time zone not null,
        updated_at timestamp(6) with time zone,
        id uuid not null,
        name varchar(100),
        description varchar(500),
        type enum ('PRIVATE','PUBLIC') not null,
        primary key (id)
    );
26-07-27 18:23:59.928 [Test worker] DEBUG org.hibernate.SQL - 
    create table message_attachments (
        attachment_id uuid not null unique,
        message_id uuid not null
    )
26-07-27 18:23:59.929 [Test worker] INFO  p6spy - #1785144239929 | took 0ms | statement | connection 2| url jdbc:h2:mem:84124342-06be-41c7-92aa-3c80d3324794

    create table message_attachments (
        attachment_id uuid not null unique,
        message_id uuid not null
    )

    create table message_attachments (
        attachment_id uuid not null unique,
        message_id uuid not null
    );
26-07-27 18:23:59.930 [Test worker] DEBUG org.hibernate.SQL - 
    create table messages (
        created_at timestamp(6) with time zone not null,
        updated_at timestamp(6) with time zone,
        author_id uuid,
        channel_id uuid not null,
        id uuid not null,
        content text,
        primary key (id)
    )
26-07-27 18:23:59.930 [Test worker] INFO  p6spy - #1785144239930 | took 0ms | statement | connection 2| url jdbc:h2:mem:84124342-06be-41c7-92aa-3c80d3324794

    create table messages (
        created_at timestamp(6) with time zone not null,
        updated_at timestamp(6) with time zone,
        author_id uuid,
        channel_id uuid not null,
        id uuid not null,
        content text,
        primary key (id)
    )

    create table messages (
        created_at timestamp(6) with time zone not null,
        updated_at timestamp(6) with time zone,
        author_id uuid,
        channel_id uuid not null,
        id uuid not null,
        content text,
        primary key (id)
    );
26-07-27 18:23:59.931 [Test worker] DEBUG org.hibernate.SQL - 
    create table read_statuses (
        created_at timestamp(6) with time zone not null,
        last_read_at timestamp(6) with time zone not null,
        updated_at timestamp(6) with time zone,
        channel_id uuid not null,
        id uuid not null,
        user_id uuid not null,
        primary key (id)
    )
26-07-27 18:23:59.931 [Test worker] INFO  p6spy - #1785144239931 | took 0ms | statement | connection 2| url jdbc:h2:mem:84124342-06be-41c7-92aa-3c80d3324794

    create table read_statuses (
        created_at timestamp(6) with time zone not null,
        last_read_at timestamp(6) with time zone not null,
        updated_at timestamp(6) with time zone,
        channel_id uuid not null,
        id uuid not null,
        user_id uuid not null,
        primary key (id)
    )

    create table read_statuses (
        created_at timestamp(6) with time zone not null,
        last_read_at timestamp(6) with time zone not null,
        updated_at timestamp(6) with time zone,
        channel_id uuid not null,
        id uuid not null,
        user_id uuid not null,
        primary key (id)
    );
26-07-27 18:23:59.932 [Test worker] DEBUG org.hibernate.SQL - 
    create table user_statuses (
        created_at timestamp(6) with time zone not null,
        last_active_at timestamp(6) with time zone not null,
        updated_at timestamp(6) with time zone,
        id uuid not null,
        user_id uuid not null unique,
        primary key (id)
    )
26-07-27 18:23:59.932 [Test worker] INFO  p6spy - #1785144239932 | took 0ms | statement | connection 2| url jdbc:h2:mem:84124342-06be-41c7-92aa-3c80d3324794

    create table user_statuses (
        created_at timestamp(6) with time zone not null,
        last_active_at timestamp(6) with time zone not null,
        updated_at timestamp(6) with time zone,
        id uuid not null,
        user_id uuid not null unique,
        primary key (id)
    )

    create table user_statuses (
        created_at timestamp(6) with time zone not null,
        last_active_at timestamp(6) with time zone not null,
        updated_at timestamp(6) with time zone,
        id uuid not null,
        user_id uuid not null unique,
        primary key (id)
    );
26-07-27 18:23:59.933 [Test worker] DEBUG org.hibernate.SQL - 
    create table users (
        created_at timestamp(6) with time zone not null,
        updated_at timestamp(6) with time zone,
        id uuid not null,
        profile_id uuid unique,
        username varchar(50) not null unique,
        password varchar(60) not null,
        email varchar(100) not null unique,
        primary key (id)
    )
26-07-27 18:23:59.935 [Test worker] INFO  p6spy - #1785144239935 | took 1ms | statement | connection 2| url jdbc:h2:mem:84124342-06be-41c7-92aa-3c80d3324794

    create table users (
        created_at timestamp(6) with time zone not null,
        updated_at timestamp(6) with time zone,
        id uuid not null,
        profile_id uuid unique,
        username varchar(50) not null unique,
        password varchar(60) not null,
        email varchar(100) not null unique,
        primary key (id)
    )

    create table users (
        created_at timestamp(6) with time zone not null,
        updated_at timestamp(6) with time zone,
        id uuid not null,
        profile_id uuid unique,
        username varchar(50) not null unique,
        password varchar(60) not null,
        email varchar(100) not null unique,
        primary key (id)
    );
26-07-27 18:23:59.935 [Test worker] DEBUG org.hibernate.SQL - 
    alter table if exists message_attachments 
       add constraint FKsd1m8rb8jcpbcnb7rpdue7ctc 
       foreign key (attachment_id) 
       references binary_contents
26-07-27 18:23:59.941 [Test worker] INFO  p6spy - #1785144239941 | took 5ms | statement | connection 2| url jdbc:h2:mem:84124342-06be-41c7-92aa-3c80d3324794

    alter table if exists message_attachments 
       add constraint FKsd1m8rb8jcpbcnb7rpdue7ctc 
       foreign key (attachment_id) 
       references binary_contents

    alter table if exists message_attachments 
       add constraint FKsd1m8rb8jcpbcnb7rpdue7ctc 
       foreign key (attachment_id) 
       references binary_contents;
26-07-27 18:23:59.941 [Test worker] DEBUG org.hibernate.SQL - 
    alter table if exists message_attachments 
       add constraint FKj7twd218e2gqw9cmlhwvo1rth 
       foreign key (message_id) 
       references messages
26-07-27 18:23:59.942 [Test worker] INFO  p6spy - #1785144239942 | took 0ms | statement | connection 2| url jdbc:h2:mem:84124342-06be-41c7-92aa-3c80d3324794

    alter table if exists message_attachments 
       add constraint FKj7twd218e2gqw9cmlhwvo1rth 
       foreign key (message_id) 
       references messages

    alter table if exists message_attachments 
       add constraint FKj7twd218e2gqw9cmlhwvo1rth 
       foreign key (message_id) 
       references messages;
26-07-27 18:23:59.943 [Test worker] DEBUG org.hibernate.SQL - 
    alter table if exists messages 
       add constraint FKowtlim26svclkatusptbgi7u1 
       foreign key (author_id) 
       references users
26-07-27 18:23:59.943 [Test worker] INFO  p6spy - #1785144239943 | took 0ms | statement | connection 2| url jdbc:h2:mem:84124342-06be-41c7-92aa-3c80d3324794

    alter table if exists messages 
       add constraint FKowtlim26svclkatusptbgi7u1 
       foreign key (author_id) 
       references users

    alter table if exists messages 
       add constraint FKowtlim26svclkatusptbgi7u1 
       foreign key (author_id) 
       references users;
26-07-27 18:23:59.943 [Test worker] DEBUG org.hibernate.SQL - 
    alter table if exists messages 
       add constraint FK3u3ckbhwq9se1cmopk2pq05b2 
       foreign key (channel_id) 
       references channels
26-07-27 18:23:59.944 [Test worker] INFO  p6spy - #1785144239944 | took 0ms | statement | connection 2| url jdbc:h2:mem:84124342-06be-41c7-92aa-3c80d3324794

    alter table if exists messages 
       add constraint FK3u3ckbhwq9se1cmopk2pq05b2 
       foreign key (channel_id) 
       references channels

    alter table if exists messages 
       add constraint FK3u3ckbhwq9se1cmopk2pq05b2 
       foreign key (channel_id) 
       references channels;
26-07-27 18:23:59.945 [Test worker] DEBUG org.hibernate.SQL - 
    alter table if exists read_statuses 
       add constraint FKa38ri44ml4gfdpklx4ahqr8gd 
       foreign key (channel_id) 
       references channels
26-07-27 18:23:59.945 [Test worker] INFO  p6spy - #1785144239945 | took 0ms | statement | connection 2| url jdbc:h2:mem:84124342-06be-41c7-92aa-3c80d3324794

    alter table if exists read_statuses 
       add constraint FKa38ri44ml4gfdpklx4ahqr8gd 
       foreign key (channel_id) 
       references channels

    alter table if exists read_statuses 
       add constraint FKa38ri44ml4gfdpklx4ahqr8gd 
       foreign key (channel_id) 
       references channels;
26-07-27 18:23:59.946 [Test worker] DEBUG org.hibernate.SQL - 
    alter table if exists read_statuses 
       add constraint FKml3k4wr9sj5yxrmj6d0aoib2e 
       foreign key (user_id) 
       references users
26-07-27 18:23:59.947 [Test worker] INFO  p6spy - #1785144239947 | took 0ms | statement | connection 2| url jdbc:h2:mem:84124342-06be-41c7-92aa-3c80d3324794

    alter table if exists read_statuses 
       add constraint FKml3k4wr9sj5yxrmj6d0aoib2e 
       foreign key (user_id) 
       references users

    alter table if exists read_statuses 
       add constraint FKml3k4wr9sj5yxrmj6d0aoib2e 
       foreign key (user_id) 
       references users;
26-07-27 18:23:59.947 [Test worker] DEBUG org.hibernate.SQL - 
    alter table if exists user_statuses 
       add constraint FK4lfl3ei2ubchgcxrrpo3pw4mm 
       foreign key (user_id) 
       references users
26-07-27 18:23:59.948 [Test worker] INFO  p6spy - #1785144239948 | took 0ms | statement | connection 2| url jdbc:h2:mem:84124342-06be-41c7-92aa-3c80d3324794

    alter table if exists user_statuses 
       add constraint FK4lfl3ei2ubchgcxrrpo3pw4mm 
       foreign key (user_id) 
       references users

    alter table if exists user_statuses 
       add constraint FK4lfl3ei2ubchgcxrrpo3pw4mm 
       foreign key (user_id) 
       references users;
26-07-27 18:23:59.948 [Test worker] DEBUG org.hibernate.SQL - 
    alter table if exists users 
       add constraint FKtbudycgrip49xdptogmhfqnso 
       foreign key (profile_id) 
       references binary_contents
26-07-27 18:23:59.949 [Test worker] INFO  p6spy - #1785144239949 | took 0ms | statement | connection 2| url jdbc:h2:mem:84124342-06be-41c7-92aa-3c80d3324794

    alter table if exists users 
       add constraint FKtbudycgrip49xdptogmhfqnso 
       foreign key (profile_id) 
       references binary_contents

    alter table if exists users 
       add constraint FKtbudycgrip49xdptogmhfqnso 
       foreign key (profile_id) 
       references binary_contents;
26-07-27 18:23:59.950 [Test worker] INFO  o.s.o.j.LocalContainerEntityManagerFactoryBean - Initialized JPA EntityManagerFactory for persistence unit 'default'
26-07-27 18:24:00.176 [Test worker] INFO  o.s.d.j.r.query.QueryEnhancerFactory - Hibernate is in classpath; If applicable, HQL parser will be used.
26-07-27 18:24:00.553 [Test worker] INFO  c.s.m.d.r.ChannelRepositoryTest - Started ChannelRepositoryTest in 2.271 seconds (process running for 2.854)
26-07-27 18:24:00.875 [Test worker] INFO  p6spy - #1785144240875 | took 0ms | rollback | connection 3| url jdbc:h2:mem:84124342-06be-41c7-92aa-3c80d3324794

;
26-07-27 18:24:00.896 [Test worker] DEBUG org.hibernate.SQL - 
    select
        c1_0.id,
        c1_0.created_at,
        c1_0.description,
        c1_0.name,
        c1_0.type,
        c1_0.updated_at 
    from
        channels c1_0 
    where
        c1_0.id=?
26-07-27 18:24:00.900 [Test worker] TRACE org.hibernate.orm.jdbc.bind - binding parameter (1:UUID) <- [9329d83d-fb4c-4a62-9218-e4cc36dd5365]
26-07-27 18:24:00.910 [Test worker] INFO  p6spy - #1785144240910 | took 2ms | statement | connection 4| url jdbc:h2:mem:84124342-06be-41c7-92aa-3c80d3324794
select c1_0.id,c1_0.created_at,c1_0.description,c1_0.name,c1_0.type,c1_0.updated_at from channels c1_0 where c1_0.id=?
select c1_0.id,c1_0.created_at,c1_0.description,c1_0.name,c1_0.type,c1_0.updated_at from channels c1_0 where c1_0.id='9329d83d-fb4c-4a62-9218-e4cc36dd5365';
26-07-27 18:24:00.928 [Test worker] INFO  p6spy - #1785144240928 | took 0ms | rollback | connection 4| url jdbc:h2:mem:84124342-06be-41c7-92aa-3c80d3324794

;
26-07-27 18:24:00.972 [Test worker] DEBUG org.hibernate.SQL - 
    insert 
    into
        channels
        (created_at, description, name, type, updated_at, id) 
    values
        (?, ?, ?, ?, ?, ?)
26-07-27 18:24:00.973 [Test worker] TRACE org.hibernate.orm.jdbc.bind - binding parameter (1:TIMESTAMP_UTC) <- [2026-07-27T09:24:00.930473Z]
26-07-27 18:24:00.974 [Test worker] TRACE org.hibernate.orm.jdbc.bind - binding parameter (2:VARCHAR) <- [notice channel]
26-07-27 18:24:00.974 [Test worker] TRACE org.hibernate.orm.jdbc.bind - binding parameter (3:VARCHAR) <- [notice]
26-07-27 18:24:00.974 [Test worker] TRACE org.hibernate.orm.jdbc.bind - binding parameter (4:ENUM) <- [PUBLIC]
26-07-27 18:24:00.974 [Test worker] TRACE org.hibernate.orm.jdbc.bind - binding parameter (5:TIMESTAMP_UTC) <- [2026-07-27T09:24:00.930473Z]
26-07-27 18:24:00.974 [Test worker] TRACE org.hibernate.orm.jdbc.bind - binding parameter (6:UUID) <- [4150c163-3434-4c54-a69a-4bb5b6c40b06]
26-07-27 18:24:00.975 [Test worker] INFO  p6spy - #1785144240975 | took 0ms | statement | connection 5| url jdbc:h2:mem:84124342-06be-41c7-92aa-3c80d3324794
insert into channels (created_at,description,name,type,updated_at,id) values (?,?,?,?,?,?)
insert into channels (created_at,description,name,type,updated_at,id) values ('2026-07-27T09:24:00.930473Z','notice channel','notice','PUBLIC','2026-07-27T09:24:00.930473Z','4150c163-3434-4c54-a69a-4bb5b6c40b06');
26-07-27 18:24:00.977 [Test worker] DEBUG org.hibernate.SQL - 
    insert 
    into
        channels
        (created_at, description, name, type, updated_at, id) 
    values
        (?, ?, ?, ?, ?, ?)
26-07-27 18:24:00.977 [Test worker] TRACE org.hibernate.orm.jdbc.bind - binding parameter (1:TIMESTAMP_UTC) <- [2026-07-27T09:24:00.930720Z]
26-07-27 18:24:00.977 [Test worker] TRACE org.hibernate.orm.jdbc.bind - binding parameter (2:VARCHAR) <- [general channel]
26-07-27 18:24:00.977 [Test worker] TRACE org.hibernate.orm.jdbc.bind - binding parameter (3:VARCHAR) <- [general]
26-07-27 18:24:00.977 [Test worker] TRACE org.hibernate.orm.jdbc.bind - binding parameter (4:ENUM) <- [PUBLIC]
26-07-27 18:24:00.977 [Test worker] TRACE org.hibernate.orm.jdbc.bind - binding parameter (5:TIMESTAMP_UTC) <- [2026-07-27T09:24:00.930720Z]
26-07-27 18:24:00.977 [Test worker] TRACE org.hibernate.orm.jdbc.bind - binding parameter (6:UUID) <- [16c11b8b-d40a-44b5-ae6e-25cedbd100f9]
26-07-27 18:24:00.978 [Test worker] INFO  p6spy - #1785144240978 | took 0ms | statement | connection 5| url jdbc:h2:mem:84124342-06be-41c7-92aa-3c80d3324794
insert into channels (created_at,description,name,type,updated_at,id) values (?,?,?,?,?,?)
insert into channels (created_at,description,name,type,updated_at,id) values ('2026-07-27T09:24:00.930720Z','general channel','general','PUBLIC','2026-07-27T09:24:00.930720Z','16c11b8b-d40a-44b5-ae6e-25cedbd100f9');
26-07-27 18:24:00.978 [Test worker] DEBUG org.hibernate.SQL - 
    insert 
    into
        channels
        (created_at, description, name, type, updated_at, id) 
    values
        (?, ?, ?, ?, ?, ?)
26-07-27 18:24:00.978 [Test worker] TRACE org.hibernate.orm.jdbc.bind - binding parameter (1:TIMESTAMP_UTC) <- [2026-07-27T09:24:00.930875Z]
26-07-27 18:24:00.978 [Test worker] TRACE org.hibernate.orm.jdbc.bind - binding parameter (2:VARCHAR) <- [archive channel]
26-07-27 18:24:00.978 [Test worker] TRACE org.hibernate.orm.jdbc.bind - binding parameter (3:VARCHAR) <- [archive]
26-07-27 18:24:00.978 [Test worker] TRACE org.hibernate.orm.jdbc.bind - binding parameter (4:ENUM) <- [PUBLIC]
26-07-27 18:24:00.978 [Test worker] TRACE org.hibernate.orm.jdbc.bind - binding parameter (5:TIMESTAMP_UTC) <- [2026-07-27T09:24:00.930875Z]
26-07-27 18:24:00.978 [Test worker] TRACE org.hibernate.orm.jdbc.bind - binding parameter (6:UUID) <- [04c9de52-55de-444c-9c48-65f03d6c777b]
26-07-27 18:24:00.978 [Test worker] INFO  p6spy - #1785144240978 | took 0ms | statement | connection 5| url jdbc:h2:mem:84124342-06be-41c7-92aa-3c80d3324794
insert into channels (created_at,description,name,type,updated_at,id) values (?,?,?,?,?,?)
insert into channels (created_at,description,name,type,updated_at,id) values ('2026-07-27T09:24:00.930875Z','archive channel','archive','PUBLIC','2026-07-27T09:24:00.930875Z','04c9de52-55de-444c-9c48-65f03d6c777b');
26-07-27 18:24:00.980 [Test worker] DEBUG org.hibernate.SQL - 
    select
        c1_0.id,
        c1_0.created_at,
        c1_0.description,
        c1_0.name,
        c1_0.type,
        c1_0.updated_at 
    from
        channels c1_0 
    order by
        c1_0.name 
    offset
        ? rows 
    fetch
        first ? rows only
26-07-27 18:24:00.981 [Test worker] TRACE org.hibernate.orm.jdbc.bind - binding parameter (1:INTEGER) <- [0]
26-07-27 18:24:00.981 [Test worker] TRACE org.hibernate.orm.jdbc.bind - binding parameter (2:INTEGER) <- [2]
26-07-27 18:24:00.981 [Test worker] INFO  p6spy - #1785144240981 | took 0ms | statement | connection 5| url jdbc:h2:mem:84124342-06be-41c7-92aa-3c80d3324794
select c1_0.id,c1_0.created_at,c1_0.description,c1_0.name,c1_0.type,c1_0.updated_at from channels c1_0 order by c1_0.name offset ? rows fetch first ? rows only
select c1_0.id,c1_0.created_at,c1_0.description,c1_0.name,c1_0.type,c1_0.updated_at from channels c1_0 order by c1_0.name offset 0 rows fetch first 2 rows only;
26-07-27 18:24:00.985 [Test worker] DEBUG org.hibernate.SQL - 
    select
        count(c1_0.id) 
    from
        channels c1_0
26-07-27 18:24:00.986 [Test worker] INFO  p6spy - #1785144240986 | took 0ms | statement | connection 5| url jdbc:h2:mem:84124342-06be-41c7-92aa-3c80d3324794
select count(c1_0.id) from channels c1_0
select count(c1_0.id) from channels c1_0;
26-07-27 18:24:00.992 [Test worker] INFO  p6spy - #1785144240992 | took 0ms | rollback | connection 5| url jdbc:h2:mem:84124342-06be-41c7-92aa-3c80d3324794

;
26-07-27 18:24:00.994 [Test worker] INFO  o.s.t.c.s.AnnotationConfigContextLoaderUtils - Could not detect default configuration classes for test class [com.sprint.mission.discodeit.DiscodeitApplicationTests]: DiscodeitApplicationTests does not declare any static, non-private, non-final, nested classes annotated with @Configuration.
26-07-27 18:24:00.999 [Test worker] INFO  o.s.b.t.c.SpringBootTestContextBootstrapper - Found @SpringBootConfiguration com.sprint.mission.discodeit.DiscodeitApplication for test class com.sprint.mission.discodeit.DiscodeitApplicationTests
26-07-27 18:24:01.022 [Test worker] INFO  c.s.m.d.DiscodeitApplicationTests - Starting DiscodeitApplicationTests using Java 17.0.19 with PID 38550 (started by apple in /Users/apple/Desktop/codeit-13th-develop/13-sprint-mission)
26-07-27 18:24:01.022 [Test worker] DEBUG c.s.m.d.DiscodeitApplicationTests - Running with Spring Boot v3.5.14, Spring v6.2.18
26-07-27 18:24:01.022 [Test worker] INFO  c.s.m.d.DiscodeitApplicationTests - No active profile set, falling back to 1 default profile: "default"
26-07-27 18:24:01.377 [Test worker] INFO  o.s.d.r.c.RepositoryConfigurationDelegate - Bootstrapping Spring Data JPA repositories in DEFAULT mode.
26-07-27 18:24:01.388 [Test worker] INFO  o.s.d.r.c.RepositoryConfigurationDelegate - Finished Spring Data repository scanning in 9 ms. Found 6 JPA repository interfaces.
26-07-27 18:24:01.547 [Test worker] INFO  c.g.g.b.j.d.p6spy.P6SpyConfiguration - P6Spy modulelist is overridden, some p6spy configuration features will not be applied
26-07-27 18:24:01.568 [Test worker] INFO  o.h.jpa.internal.util.LogHelper - HHH000204: Processing PersistenceUnitInfo [name: default]
26-07-27 18:24:01.570 [Test worker] INFO  o.h.c.i.RegionFactoryInitiator - HHH000026: Second-level cache disabled
26-07-27 18:24:01.575 [Test worker] INFO  o.s.o.j.p.SpringPersistenceUnitInfo - No LoadTimeWeaver setup: ignoring JPA class transformer
26-07-27 18:24:01.577 [Test worker] INFO  com.zaxxer.hikari.HikariDataSource - HikariPool-1 - Starting...
26-07-27 18:24:01.586 [Test worker] INFO  com.zaxxer.hikari.pool.HikariPool - HikariPool-1 - Added connection conn7: url=jdbc:h2:mem:discodeit-test user=SA
26-07-27 18:24:01.587 [Test worker] INFO  com.zaxxer.hikari.HikariDataSource - HikariPool-1 - Start completed.
26-07-27 18:24:01.593 [Test worker] INFO  o.hibernate.orm.connections.pooling - HHH10001005: Database info:
	Database JDBC URL [Connecting through datasource 'p6SpyDataSourceDecorator [com.p6spy.engine.spy.P6DataSource] -> dataSource [com.zaxxer.hikari.HikariDataSource]']
	Database driver: undefined/unknown
	Database version: 2.3.232
	Autocommit mode: undefined/unknown
	Isolation level: undefined/unknown
	Minimum pool size: undefined/unknown
	Maximum pool size: undefined/unknown
26-07-27 18:24:01.638 [Test worker] INFO  o.h.e.t.j.p.i.JtaPlatformInitiator - HHH000489: No JTA platform available (set 'hibernate.transaction.jta.platform' to enable JTA platform integration)
26-07-27 18:24:01.638 [Test worker] DEBUG org.hibernate.SQL - 
    drop table if exists binary_contents cascade 
26-07-27 18:24:01.639 [Test worker] INFO  p6spy - #1785144241639 | took 0ms | statement | connection 7| url jdbc:h2:mem:discodeit-test

    drop table if exists binary_contents cascade 

    drop table if exists binary_contents cascade ;
26-07-27 18:24:01.639 [Test worker] DEBUG org.hibernate.SQL - 
    drop table if exists channels cascade 
26-07-27 18:24:01.639 [Test worker] INFO  p6spy - #1785144241639 | took 0ms | statement | connection 7| url jdbc:h2:mem:discodeit-test

    drop table if exists channels cascade 

    drop table if exists channels cascade ;
26-07-27 18:24:01.639 [Test worker] DEBUG org.hibernate.SQL - 
    drop table if exists message_attachments cascade 
26-07-27 18:24:01.639 [Test worker] INFO  p6spy - #1785144241639 | took 0ms | statement | connection 7| url jdbc:h2:mem:discodeit-test

    drop table if exists message_attachments cascade 

    drop table if exists message_attachments cascade ;
26-07-27 18:24:01.639 [Test worker] DEBUG org.hibernate.SQL - 
    drop table if exists messages cascade 
26-07-27 18:24:01.639 [Test worker] INFO  p6spy - #1785144241639 | took 0ms | statement | connection 7| url jdbc:h2:mem:discodeit-test

    drop table if exists messages cascade 

    drop table if exists messages cascade ;
26-07-27 18:24:01.640 [Test worker] DEBUG org.hibernate.SQL - 
    drop table if exists read_statuses cascade 
26-07-27 18:24:01.640 [Test worker] INFO  p6spy - #1785144241640 | took 0ms | statement | connection 7| url jdbc:h2:mem:discodeit-test

    drop table if exists read_statuses cascade 

    drop table if exists read_statuses cascade ;
26-07-27 18:24:01.640 [Test worker] DEBUG org.hibernate.SQL - 
    drop table if exists user_statuses cascade 
26-07-27 18:24:01.640 [Test worker] INFO  p6spy - #1785144241640 | took 0ms | statement | connection 7| url jdbc:h2:mem:discodeit-test

    drop table if exists user_statuses cascade 

    drop table if exists user_statuses cascade ;
26-07-27 18:24:01.640 [Test worker] DEBUG org.hibernate.SQL - 
    drop table if exists users cascade 
26-07-27 18:24:01.640 [Test worker] INFO  p6spy - #1785144241640 | took 0ms | statement | connection 7| url jdbc:h2:mem:discodeit-test

    drop table if exists users cascade 

    drop table if exists users cascade ;
26-07-27 18:24:01.640 [Test worker] DEBUG org.hibernate.SQL - 
    create table binary_contents (
        created_at timestamp(6) with time zone not null,
        size bigint not null,
        id uuid not null,
        content_type varchar(100) not null,
        file_name varchar(255) not null,
        primary key (id)
    )
26-07-27 18:24:01.641 [Test worker] INFO  p6spy - #1785144241641 | took 0ms | statement | connection 8| url jdbc:h2:mem:discodeit-test

    create table binary_contents (
        created_at timestamp(6) with time zone not null,
        size bigint not null,
        id uuid not null,
        content_type varchar(100) not null,
        file_name varchar(255) not null,
        primary key (id)
    )

    create table binary_contents (
        created_at timestamp(6) with time zone not null,
        size bigint not null,
        id uuid not null,
        content_type varchar(100) not null,
        file_name varchar(255) not null,
        primary key (id)
    );
26-07-27 18:24:01.642 [Test worker] DEBUG org.hibernate.SQL - 
    create table channels (
        created_at timestamp(6) with time zone not null,
        updated_at timestamp(6) with time zone,
        id uuid not null,
        name varchar(100),
        description varchar(500),
        type enum ('PRIVATE','PUBLIC') not null,
        primary key (id)
    )
26-07-27 18:24:01.643 [Test worker] INFO  p6spy - #1785144241643 | took 0ms | statement | connection 8| url jdbc:h2:mem:discodeit-test

    create table channels (
        created_at timestamp(6) with time zone not null,
        updated_at timestamp(6) with time zone,
        id uuid not null,
        name varchar(100),
        description varchar(500),
        type enum ('PRIVATE','PUBLIC') not null,
        primary key (id)
    )

    create table channels (
        created_at timestamp(6) with time zone not null,
        updated_at timestamp(6) with time zone,
        id uuid not null,
        name varchar(100),
        description varchar(500),
        type enum ('PRIVATE','PUBLIC') not null,
        primary key (id)
    );
26-07-27 18:24:01.643 [Test worker] DEBUG org.hibernate.SQL - 
    create table message_attachments (
        attachment_id uuid not null unique,
        message_id uuid not null
    )
26-07-27 18:24:01.643 [Test worker] INFO  p6spy - #1785144241643 | took 0ms | statement | connection 8| url jdbc:h2:mem:discodeit-test

    create table message_attachments (
        attachment_id uuid not null unique,
        message_id uuid not null
    )

    create table message_attachments (
        attachment_id uuid not null unique,
        message_id uuid not null
    );
26-07-27 18:24:01.643 [Test worker] DEBUG org.hibernate.SQL - 
    create table messages (
        created_at timestamp(6) with time zone not null,
        updated_at timestamp(6) with time zone,
        author_id uuid,
        channel_id uuid not null,
        id uuid not null,
        content text,
        primary key (id)
    )
26-07-27 18:24:01.644 [Test worker] INFO  p6spy - #1785144241644 | took 0ms | statement | connection 8| url jdbc:h2:mem:discodeit-test

    create table messages (
        created_at timestamp(6) with time zone not null,
        updated_at timestamp(6) with time zone,
        author_id uuid,
        channel_id uuid not null,
        id uuid not null,
        content text,
        primary key (id)
    )

    create table messages (
        created_at timestamp(6) with time zone not null,
        updated_at timestamp(6) with time zone,
        author_id uuid,
        channel_id uuid not null,
        id uuid not null,
        content text,
        primary key (id)
    );
26-07-27 18:24:01.644 [Test worker] DEBUG org.hibernate.SQL - 
    create table read_statuses (
        created_at timestamp(6) with time zone not null,
        last_read_at timestamp(6) with time zone not null,
        updated_at timestamp(6) with time zone,
        channel_id uuid not null,
        id uuid not null,
        user_id uuid not null,
        primary key (id)
    )
26-07-27 18:24:01.644 [Test worker] INFO  p6spy - #1785144241644 | took 0ms | statement | connection 8| url jdbc:h2:mem:discodeit-test

    create table read_statuses (
        created_at timestamp(6) with time zone not null,
        last_read_at timestamp(6) with time zone not null,
        updated_at timestamp(6) with time zone,
        channel_id uuid not null,
        id uuid not null,
        user_id uuid not null,
        primary key (id)
    )

    create table read_statuses (
        created_at timestamp(6) with time zone not null,
        last_read_at timestamp(6) with time zone not null,
        updated_at timestamp(6) with time zone,
        channel_id uuid not null,
        id uuid not null,
        user_id uuid not null,
        primary key (id)
    );
26-07-27 18:24:01.644 [Test worker] DEBUG org.hibernate.SQL - 
    create table user_statuses (
        created_at timestamp(6) with time zone not null,
        last_active_at timestamp(6) with time zone not null,
        updated_at timestamp(6) with time zone,
        id uuid not null,
        user_id uuid not null unique,
        primary key (id)
    )
26-07-27 18:24:01.645 [Test worker] INFO  p6spy - #1785144241645 | took 0ms | statement | connection 8| url jdbc:h2:mem:discodeit-test

    create table user_statuses (
        created_at timestamp(6) with time zone not null,
        last_active_at timestamp(6) with time zone not null,
        updated_at timestamp(6) with time zone,
        id uuid not null,
        user_id uuid not null unique,
        primary key (id)
    )

    create table user_statuses (
        created_at timestamp(6) with time zone not null,
        last_active_at timestamp(6) with time zone not null,
        updated_at timestamp(6) with time zone,
        id uuid not null,
        user_id uuid not null unique,
        primary key (id)
    );
26-07-27 18:24:01.646 [Test worker] DEBUG org.hibernate.SQL - 
    create table users (
        created_at timestamp(6) with time zone not null,
        updated_at timestamp(6) with time zone,
        id uuid not null,
        profile_id uuid unique,
        username varchar(50) not null unique,
        password varchar(60) not null,
        email varchar(100) not null unique,
        primary key (id)
    )
26-07-27 18:24:01.646 [Test worker] INFO  p6spy - #1785144241646 | took 0ms | statement | connection 8| url jdbc:h2:mem:discodeit-test

    create table users (
        created_at timestamp(6) with time zone not null,
        updated_at timestamp(6) with time zone,
        id uuid not null,
        profile_id uuid unique,
        username varchar(50) not null unique,
        password varchar(60) not null,
        email varchar(100) not null unique,
        primary key (id)
    )

    create table users (
        created_at timestamp(6) with time zone not null,
        updated_at timestamp(6) with time zone,
        id uuid not null,
        profile_id uuid unique,
        username varchar(50) not null unique,
        password varchar(60) not null,
        email varchar(100) not null unique,
        primary key (id)
    );
26-07-27 18:24:01.647 [Test worker] DEBUG org.hibernate.SQL - 
    alter table if exists message_attachments 
       add constraint FKsd1m8rb8jcpbcnb7rpdue7ctc 
       foreign key (attachment_id) 
       references binary_contents
26-07-27 18:24:01.648 [Test worker] INFO  p6spy - #1785144241648 | took 0ms | statement | connection 8| url jdbc:h2:mem:discodeit-test

    alter table if exists message_attachments 
       add constraint FKsd1m8rb8jcpbcnb7rpdue7ctc 
       foreign key (attachment_id) 
       references binary_contents

    alter table if exists message_attachments 
       add constraint FKsd1m8rb8jcpbcnb7rpdue7ctc 
       foreign key (attachment_id) 
       references binary_contents;
26-07-27 18:24:01.648 [Test worker] DEBUG org.hibernate.SQL - 
    alter table if exists message_attachments 
       add constraint FKj7twd218e2gqw9cmlhwvo1rth 
       foreign key (message_id) 
       references messages
26-07-27 18:24:01.649 [Test worker] INFO  p6spy - #1785144241649 | took 0ms | statement | connection 8| url jdbc:h2:mem:discodeit-test

    alter table if exists message_attachments 
       add constraint FKj7twd218e2gqw9cmlhwvo1rth 
       foreign key (message_id) 
       references messages

    alter table if exists message_attachments 
       add constraint FKj7twd218e2gqw9cmlhwvo1rth 
       foreign key (message_id) 
       references messages;
26-07-27 18:24:01.649 [Test worker] DEBUG org.hibernate.SQL - 
    alter table if exists messages 
       add constraint FKowtlim26svclkatusptbgi7u1 
       foreign key (author_id) 
       references users
26-07-27 18:24:01.650 [Test worker] INFO  p6spy - #1785144241650 | took 0ms | statement | connection 8| url jdbc:h2:mem:discodeit-test

    alter table if exists messages 
       add constraint FKowtlim26svclkatusptbgi7u1 
       foreign key (author_id) 
       references users

    alter table if exists messages 
       add constraint FKowtlim26svclkatusptbgi7u1 
       foreign key (author_id) 
       references users;
26-07-27 18:24:01.650 [Test worker] DEBUG org.hibernate.SQL - 
    alter table if exists messages 
       add constraint FK3u3ckbhwq9se1cmopk2pq05b2 
       foreign key (channel_id) 
       references channels
26-07-27 18:24:01.650 [Test worker] INFO  p6spy - #1785144241650 | took 0ms | statement | connection 8| url jdbc:h2:mem:discodeit-test

    alter table if exists messages 
       add constraint FK3u3ckbhwq9se1cmopk2pq05b2 
       foreign key (channel_id) 
       references channels

    alter table if exists messages 
       add constraint FK3u3ckbhwq9se1cmopk2pq05b2 
       foreign key (channel_id) 
       references channels;
26-07-27 18:24:01.650 [Test worker] DEBUG org.hibernate.SQL - 
    alter table if exists read_statuses 
       add constraint FKa38ri44ml4gfdpklx4ahqr8gd 
       foreign key (channel_id) 
       references channels
26-07-27 18:24:01.651 [Test worker] INFO  p6spy - #1785144241651 | took 0ms | statement | connection 8| url jdbc:h2:mem:discodeit-test

    alter table if exists read_statuses 
       add constraint FKa38ri44ml4gfdpklx4ahqr8gd 
       foreign key (channel_id) 
       references channels

    alter table if exists read_statuses 
       add constraint FKa38ri44ml4gfdpklx4ahqr8gd 
       foreign key (channel_id) 
       references channels;
26-07-27 18:24:01.651 [Test worker] DEBUG org.hibernate.SQL - 
    alter table if exists read_statuses 
       add constraint FKml3k4wr9sj5yxrmj6d0aoib2e 
       foreign key (user_id) 
       references users
26-07-27 18:24:01.652 [Test worker] INFO  p6spy - #1785144241652 | took 0ms | statement | connection 8| url jdbc:h2:mem:discodeit-test

    alter table if exists read_statuses 
       add constraint FKml3k4wr9sj5yxrmj6d0aoib2e 
       foreign key (user_id) 
       references users

    alter table if exists read_statuses 
       add constraint FKml3k4wr9sj5yxrmj6d0aoib2e 
       foreign key (user_id) 
       references users;
26-07-27 18:24:01.652 [Test worker] DEBUG org.hibernate.SQL - 
    alter table if exists user_statuses 
       add constraint FK4lfl3ei2ubchgcxrrpo3pw4mm 
       foreign key (user_id) 
       references users
26-07-27 18:24:01.652 [Test worker] INFO  p6spy - #1785144241652 | took 0ms | statement | connection 8| url jdbc:h2:mem:discodeit-test

    alter table if exists user_statuses 
       add constraint FK4lfl3ei2ubchgcxrrpo3pw4mm 
       foreign key (user_id) 
       references users

    alter table if exists user_statuses 
       add constraint FK4lfl3ei2ubchgcxrrpo3pw4mm 
       foreign key (user_id) 
       references users;
26-07-27 18:24:01.652 [Test worker] DEBUG org.hibernate.SQL - 
    alter table if exists users 
       add constraint FKtbudycgrip49xdptogmhfqnso 
       foreign key (profile_id) 
       references binary_contents
26-07-27 18:24:01.653 [Test worker] INFO  p6spy - #1785144241653 | took 0ms | statement | connection 8| url jdbc:h2:mem:discodeit-test

    alter table if exists users 
       add constraint FKtbudycgrip49xdptogmhfqnso 
       foreign key (profile_id) 
       references binary_contents

    alter table if exists users 
       add constraint FKtbudycgrip49xdptogmhfqnso 
       foreign key (profile_id) 
       references binary_contents;
26-07-27 18:24:01.653 [Test worker] INFO  o.s.o.j.LocalContainerEntityManagerFactoryBean - Initialized JPA EntityManagerFactory for persistence unit 'default'
26-07-27 18:24:01.853 [Test worker] INFO  o.s.b.a.w.s.WelcomePageHandlerMapping - Adding welcome page: class path resource [static/index.html]
26-07-27 18:24:02.208 [Test worker] INFO  o.s.b.a.e.web.EndpointLinksResolver - Exposing 4 endpoints beneath base path '/actuator'
26-07-27 18:24:02.251 [Test worker] INFO  c.s.m.d.DiscodeitApplicationTests - Started DiscodeitApplicationTests in 1.246 seconds (process running for 4.551)
26-07-27 18:24:02.394 [Test worker] DEBUG c.s.m.d.c.BinaryContentController - Downloading binary content. binaryContentId=0151ce86-c3c0-4bcd-8e40-c53a8b0014bf
26-07-27 18:24:02.397 [Test worker] INFO  c.s.m.d.c.BinaryContentController - Binary content download requested. binaryContentId=0151ce86-c3c0-4bcd-8e40-c53a8b0014bf, fileName=요청서.png, size=3
26-07-27 18:24:02.414 [Test worker] INFO  o.s.t.c.s.AnnotationConfigContextLoaderUtils - Could not detect default configuration classes for test class [com.sprint.mission.discodeit.controller.ChannelControllerTest]: ChannelControllerTest does not declare any static, non-private, non-final, nested classes annotated with @Configuration.
26-07-27 18:24:02.451 [Test worker] INFO  o.s.b.t.c.SpringBootTestContextBootstrapper - Found @SpringBootConfiguration com.sprint.mission.discodeit.DiscodeitApplication for test class com.sprint.mission.discodeit.controller.ChannelControllerTest
26-07-27 18:24:02.490 [Test worker] INFO  c.s.m.d.c.ChannelControllerTest - Starting ChannelControllerTest using Java 17.0.19 with PID 38550 (started by apple in /Users/apple/Desktop/codeit-13th-develop/13-sprint-mission)
26-07-27 18:24:02.490 [Test worker] DEBUG c.s.m.d.c.ChannelControllerTest - Running with Spring Boot v3.5.14, Spring v6.2.18
26-07-27 18:24:02.490 [Test worker] INFO  c.s.m.d.c.ChannelControllerTest - No active profile set, falling back to 1 default profile: "default"
26-07-27 18:24:02.748 [Test worker] INFO  o.s.b.a.w.s.WelcomePageHandlerMapping - Adding welcome page: class path resource [static/index.html]
26-07-27 18:24:02.823 [Test worker] INFO  o.s.b.t.m.w.SpringBootMockServletContext - Initializing Spring TestDispatcherServlet ''
26-07-27 18:24:02.824 [Test worker] INFO  o.s.t.w.s.TestDispatcherServlet - Initializing Servlet ''
26-07-27 18:24:02.826 [Test worker] INFO  o.s.t.w.s.TestDispatcherServlet - Completed initialization in 1 ms
26-07-27 18:24:02.839 [Test worker] INFO  c.s.m.d.c.ChannelControllerTest - Started ChannelControllerTest in 0.385 seconds (process running for 5.14)
26-07-27 18:24:03.054 [Test worker] INFO  o.s.t.c.s.AnnotationConfigContextLoaderUtils - Could not detect default configuration classes for test class [com.sprint.mission.discodeit.controller.MessageControllerTest]: MessageControllerTest does not declare any static, non-private, non-final, nested classes annotated with @Configuration.
26-07-27 18:24:03.064 [Test worker] INFO  o.s.b.t.c.SpringBootTestContextBootstrapper - Found @SpringBootConfiguration com.sprint.mission.discodeit.DiscodeitApplication for test class com.sprint.mission.discodeit.controller.MessageControllerTest
26-07-27 18:24:03.096 [Test worker] INFO  c.s.m.d.c.MessageControllerTest - Starting MessageControllerTest using Java 17.0.19 with PID 38550 (started by apple in /Users/apple/Desktop/codeit-13th-develop/13-sprint-mission)
26-07-27 18:24:03.096 [Test worker] DEBUG c.s.m.d.c.MessageControllerTest - Running with Spring Boot v3.5.14, Spring v6.2.18
26-07-27 18:24:03.097 [Test worker] INFO  c.s.m.d.c.MessageControllerTest - No active profile set, falling back to 1 default profile: "default"
26-07-27 18:24:03.323 [Test worker] INFO  o.s.b.a.w.s.WelcomePageHandlerMapping - Adding welcome page: class path resource [static/index.html]
26-07-27 18:24:03.369 [Test worker] INFO  o.s.b.t.m.w.SpringBootMockServletContext - Initializing Spring TestDispatcherServlet ''
26-07-27 18:24:03.369 [Test worker] INFO  o.s.t.w.s.TestDispatcherServlet - Initializing Servlet ''
26-07-27 18:24:03.370 [Test worker] INFO  o.s.t.w.s.TestDispatcherServlet - Completed initialization in 1 ms
26-07-27 18:24:03.377 [Test worker] INFO  c.s.m.d.c.MessageControllerTest - Started MessageControllerTest in 0.31 seconds (process running for 5.678)
26-07-27 18:24:03.480 [Test worker] INFO  o.s.t.c.s.AnnotationConfigContextLoaderUtils - Could not detect default configuration classes for test class [com.sprint.mission.discodeit.controller.UserControllerTest]: UserControllerTest does not declare any static, non-private, non-final, nested classes annotated with @Configuration.
26-07-27 18:24:03.521 [Test worker] INFO  o.s.b.t.c.SpringBootTestContextBootstrapper - Found @SpringBootConfiguration com.sprint.mission.discodeit.DiscodeitApplication for test class com.sprint.mission.discodeit.controller.UserControllerTest
26-07-27 18:24:03.618 [Test worker] INFO  c.s.m.d.c.UserControllerTest - Starting UserControllerTest using Java 17.0.19 with PID 38550 (started by apple in /Users/apple/Desktop/codeit-13th-develop/13-sprint-mission)
26-07-27 18:24:03.619 [Test worker] DEBUG c.s.m.d.c.UserControllerTest - Running with Spring Boot v3.5.14, Spring v6.2.18
26-07-27 18:24:03.619 [Test worker] INFO  c.s.m.d.c.UserControllerTest - No active profile set, falling back to 1 default profile: "default"
26-07-27 18:24:03.947 [Test worker] INFO  o.s.b.a.w.s.WelcomePageHandlerMapping - Adding welcome page: class path resource [static/index.html]
26-07-27 18:24:04.001 [Test worker] INFO  o.s.b.t.m.w.SpringBootMockServletContext - Initializing Spring TestDispatcherServlet ''
26-07-27 18:24:04.002 [Test worker] INFO  o.s.t.w.s.TestDispatcherServlet - Initializing Servlet ''
26-07-27 18:24:04.003 [Test worker] INFO  o.s.t.w.s.TestDispatcherServlet - Completed initialization in 0 ms
26-07-27 18:24:04.011 [Test worker] INFO  c.s.m.d.c.UserControllerTest - Started UserControllerTest in 0.484 seconds (process running for 6.312)
26-07-27 18:24:04.065 [Test worker] INFO  o.s.t.c.s.AnnotationConfigContextLoaderUtils - Could not detect default configuration classes for test class [com.sprint.mission.discodeit.integration.ChannelApiIntegrationTest]: ChannelApiIntegrationTest does not declare any static, non-private, non-final, nested classes annotated with @Configuration.
26-07-27 18:24:04.076 [Test worker] INFO  o.s.b.t.c.SpringBootTestContextBootstrapper - Found @SpringBootConfiguration com.sprint.mission.discodeit.DiscodeitApplication for test class com.sprint.mission.discodeit.integration.ChannelApiIntegrationTest
26-07-27 18:24:04.101 [Test worker] INFO  c.s.m.d.i.ChannelApiIntegrationTest - Starting ChannelApiIntegrationTest using Java 17.0.19 with PID 38550 (started by apple in /Users/apple/Desktop/codeit-13th-develop/13-sprint-mission)
26-07-27 18:24:04.101 [Test worker] DEBUG c.s.m.d.i.ChannelApiIntegrationTest - Running with Spring Boot v3.5.14, Spring v6.2.18
26-07-27 18:24:04.101 [Test worker] INFO  c.s.m.d.i.ChannelApiIntegrationTest - The following 1 profile is active: "test"
26-07-27 18:24:04.494 [Test worker] INFO  o.s.d.r.c.RepositoryConfigurationDelegate - Bootstrapping Spring Data JPA repositories in DEFAULT mode.
26-07-27 18:24:04.516 [Test worker] INFO  o.s.d.r.c.RepositoryConfigurationDelegate - Finished Spring Data repository scanning in 20 ms. Found 6 JPA repository interfaces.
26-07-27 18:24:04.673 [Test worker] INFO  c.g.g.b.j.d.p6spy.P6SpyConfiguration - P6Spy modulelist is overridden, some p6spy configuration features will not be applied
26-07-27 18:24:04.697 [Test worker] INFO  o.h.jpa.internal.util.LogHelper - HHH000204: Processing PersistenceUnitInfo [name: default]
26-07-27 18:24:04.700 [Test worker] INFO  o.h.c.i.RegionFactoryInitiator - HHH000026: Second-level cache disabled
26-07-27 18:24:04.711 [Test worker] INFO  o.s.o.j.p.SpringPersistenceUnitInfo - No LoadTimeWeaver setup: ignoring JPA class transformer
26-07-27 18:24:04.712 [Test worker] INFO  com.zaxxer.hikari.HikariDataSource - HikariPool-2 - Starting...
26-07-27 18:24:04.713 [Test worker] INFO  com.zaxxer.hikari.pool.HikariPool - HikariPool-2 - Added connection conn17: url=jdbc:h2:mem:discodeit-test user=SA
26-07-27 18:24:04.714 [Test worker] INFO  com.zaxxer.hikari.HikariDataSource - HikariPool-2 - Start completed.
26-07-27 18:24:04.714 [Test worker] INFO  o.hibernate.orm.connections.pooling - HHH10001005: Database info:
	Database JDBC URL [Connecting through datasource 'p6SpyDataSourceDecorator [com.p6spy.engine.spy.P6DataSource] -> dataSource [com.zaxxer.hikari.HikariDataSource]']
	Database driver: undefined/unknown
	Database version: 2.3.232
	Autocommit mode: undefined/unknown
	Isolation level: undefined/unknown
	Minimum pool size: undefined/unknown
	Maximum pool size: undefined/unknown
26-07-27 18:24:04.780 [Test worker] INFO  o.h.e.t.j.p.i.JtaPlatformInitiator - HHH000489: No JTA platform available (set 'hibernate.transaction.jta.platform' to enable JTA platform integration)
26-07-27 18:24:04.780 [Test worker] DEBUG org.hibernate.SQL - 
    drop table if exists binary_contents cascade 
26-07-27 18:24:04.781 [Test worker] INFO  p6spy - #1785144244781 | took 0ms | statement | connection 10| url jdbc:h2:mem:discodeit-test

    drop table if exists binary_contents cascade 

    drop table if exists binary_contents cascade ;
26-07-27 18:24:04.781 [Test worker] DEBUG org.hibernate.SQL - 
    drop table if exists channels cascade 
26-07-27 18:24:04.782 [Test worker] INFO  p6spy - #1785144244782 | took 0ms | statement | connection 10| url jdbc:h2:mem:discodeit-test

    drop table if exists channels cascade 

    drop table if exists channels cascade ;
26-07-27 18:24:04.782 [Test worker] DEBUG org.hibernate.SQL - 
    drop table if exists message_attachments cascade 
26-07-27 18:24:04.783 [Test worker] INFO  p6spy - #1785144244783 | took 0ms | statement | connection 10| url jdbc:h2:mem:discodeit-test

    drop table if exists message_attachments cascade 

    drop table if exists message_attachments cascade ;
26-07-27 18:24:04.783 [Test worker] DEBUG org.hibernate.SQL - 
    drop table if exists messages cascade 
26-07-27 18:24:04.783 [Test worker] INFO  p6spy - #1785144244783 | took 0ms | statement | connection 10| url jdbc:h2:mem:discodeit-test

    drop table if exists messages cascade 

    drop table if exists messages cascade ;
26-07-27 18:24:04.783 [Test worker] DEBUG org.hibernate.SQL - 
    drop table if exists read_statuses cascade 
26-07-27 18:24:04.783 [Test worker] INFO  p6spy - #1785144244783 | took 0ms | statement | connection 10| url jdbc:h2:mem:discodeit-test

    drop table if exists read_statuses cascade 

    drop table if exists read_statuses cascade ;
26-07-27 18:24:04.784 [Test worker] DEBUG org.hibernate.SQL - 
    drop table if exists user_statuses cascade 
26-07-27 18:24:04.784 [Test worker] INFO  p6spy - #1785144244784 | took 0ms | statement | connection 10| url jdbc:h2:mem:discodeit-test

    drop table if exists user_statuses cascade 

    drop table if exists user_statuses cascade ;
26-07-27 18:24:04.784 [Test worker] DEBUG org.hibernate.SQL - 
    drop table if exists users cascade 
26-07-27 18:24:04.785 [Test worker] INFO  p6spy - #1785144244785 | took 0ms | statement | connection 10| url jdbc:h2:mem:discodeit-test

    drop table if exists users cascade 

    drop table if exists users cascade ;
26-07-27 18:24:04.785 [Test worker] DEBUG org.hibernate.SQL - 
    create table binary_contents (
        created_at timestamp(6) with time zone not null,
        size bigint not null,
        id uuid not null,
        content_type varchar(100) not null,
        file_name varchar(255) not null,
        primary key (id)
    )
26-07-27 18:24:04.786 [Test worker] INFO  p6spy - #1785144244786 | took 0ms | statement | connection 11| url jdbc:h2:mem:discodeit-test

    create table binary_contents (
        created_at timestamp(6) with time zone not null,
        size bigint not null,
        id uuid not null,
        content_type varchar(100) not null,
        file_name varchar(255) not null,
        primary key (id)
    )

    create table binary_contents (
        created_at timestamp(6) with time zone not null,
        size bigint not null,
        id uuid not null,
        content_type varchar(100) not null,
        file_name varchar(255) not null,
        primary key (id)
    );
26-07-27 18:24:04.786 [Test worker] DEBUG org.hibernate.SQL - 
    create table channels (
        created_at timestamp(6) with time zone not null,
        updated_at timestamp(6) with time zone,
        id uuid not null,
        name varchar(100),
        description varchar(500),
        type enum ('PRIVATE','PUBLIC') not null,
        primary key (id)
    )
26-07-27 18:24:04.787 [Test worker] INFO  p6spy - #1785144244787 | took 0ms | statement | connection 11| url jdbc:h2:mem:discodeit-test

    create table channels (
        created_at timestamp(6) with time zone not null,
        updated_at timestamp(6) with time zone,
        id uuid not null,
        name varchar(100),
        description varchar(500),
        type enum ('PRIVATE','PUBLIC') not null,
        primary key (id)
    )

    create table channels (
        created_at timestamp(6) with time zone not null,
        updated_at timestamp(6) with time zone,
        id uuid not null,
        name varchar(100),
        description varchar(500),
        type enum ('PRIVATE','PUBLIC') not null,
        primary key (id)
    );
26-07-27 18:24:04.787 [Test worker] DEBUG org.hibernate.SQL - 
    create table message_attachments (
        attachment_id uuid not null unique,
        message_id uuid not null
    )
26-07-27 18:24:04.788 [Test worker] INFO  p6spy - #1785144244788 | took 0ms | statement | connection 11| url jdbc:h2:mem:discodeit-test

    create table message_attachments (
        attachment_id uuid not null unique,
        message_id uuid not null
    )

    create table message_attachments (
        attachment_id uuid not null unique,
        message_id uuid not null
    );
26-07-27 18:24:04.788 [Test worker] DEBUG org.hibernate.SQL - 
    create table messages (
        created_at timestamp(6) with time zone not null,
        updated_at timestamp(6) with time zone,
        author_id uuid,
        channel_id uuid not null,
        id uuid not null,
        content text,
        primary key (id)
    )
26-07-27 18:24:04.789 [Test worker] INFO  p6spy - #1785144244789 | took 0ms | statement | connection 11| url jdbc:h2:mem:discodeit-test

    create table messages (
        created_at timestamp(6) with time zone not null,
        updated_at timestamp(6) with time zone,
        author_id uuid,
        channel_id uuid not null,
        id uuid not null,
        content text,
        primary key (id)
    )

    create table messages (
        created_at timestamp(6) with time zone not null,
        updated_at timestamp(6) with time zone,
        author_id uuid,
        channel_id uuid not null,
        id uuid not null,
        content text,
        primary key (id)
    );
26-07-27 18:24:04.789 [Test worker] DEBUG org.hibernate.SQL - 
    create table read_statuses (
        created_at timestamp(6) with time zone not null,
        last_read_at timestamp(6) with time zone not null,
        updated_at timestamp(6) with time zone,
        channel_id uuid not null,
        id uuid not null,
        user_id uuid not null,
        primary key (id)
    )
26-07-27 18:24:04.789 [Test worker] INFO  p6spy - #1785144244789 | took 0ms | statement | connection 11| url jdbc:h2:mem:discodeit-test

    create table read_statuses (
        created_at timestamp(6) with time zone not null,
        last_read_at timestamp(6) with time zone not null,
        updated_at timestamp(6) with time zone,
        channel_id uuid not null,
        id uuid not null,
        user_id uuid not null,
        primary key (id)
    )

    create table read_statuses (
        created_at timestamp(6) with time zone not null,
        last_read_at timestamp(6) with time zone not null,
        updated_at timestamp(6) with time zone,
        channel_id uuid not null,
        id uuid not null,
        user_id uuid not null,
        primary key (id)
    );
26-07-27 18:24:04.789 [Test worker] DEBUG org.hibernate.SQL - 
    create table user_statuses (
        created_at timestamp(6) with time zone not null,
        last_active_at timestamp(6) with time zone not null,
        updated_at timestamp(6) with time zone,
        id uuid not null,
        user_id uuid not null unique,
        primary key (id)
    )
26-07-27 18:24:04.790 [Test worker] INFO  p6spy - #1785144244790 | took 0ms | statement | connection 11| url jdbc:h2:mem:discodeit-test

    create table user_statuses (
        created_at timestamp(6) with time zone not null,
        last_active_at timestamp(6) with time zone not null,
        updated_at timestamp(6) with time zone,
        id uuid not null,
        user_id uuid not null unique,
        primary key (id)
    )

    create table user_statuses (
        created_at timestamp(6) with time zone not null,
        last_active_at timestamp(6) with time zone not null,
        updated_at timestamp(6) with time zone,
        id uuid not null,
        user_id uuid not null unique,
        primary key (id)
    );
26-07-27 18:24:04.791 [Test worker] DEBUG org.hibernate.SQL - 
    create table users (
        created_at timestamp(6) with time zone not null,
        updated_at timestamp(6) with time zone,
        id uuid not null,
        profile_id uuid unique,
        username varchar(50) not null unique,
        password varchar(60) not null,
        email varchar(100) not null unique,
        primary key (id)
    )
26-07-27 18:24:04.793 [Test worker] INFO  p6spy - #1785144244793 | took 1ms | statement | connection 11| url jdbc:h2:mem:discodeit-test

    create table users (
        created_at timestamp(6) with time zone not null,
        updated_at timestamp(6) with time zone,
        id uuid not null,
        profile_id uuid unique,
        username varchar(50) not null unique,
        password varchar(60) not null,
        email varchar(100) not null unique,
        primary key (id)
    )

    create table users (
        created_at timestamp(6) with time zone not null,
        updated_at timestamp(6) with time zone,
        id uuid not null,
        profile_id uuid unique,
        username varchar(50) not null unique,
        password varchar(60) not null,
        email varchar(100) not null unique,
        primary key (id)
    );
26-07-27 18:24:04.793 [Test worker] DEBUG org.hibernate.SQL - 
    alter table if exists message_attachments 
       add constraint FKsd1m8rb8jcpbcnb7rpdue7ctc 
       foreign key (attachment_id) 
       references binary_contents
26-07-27 18:24:04.794 [Test worker] INFO  p6spy - #1785144244794 | took 0ms | statement | connection 11| url jdbc:h2:mem:discodeit-test

    alter table if exists message_attachments 
       add constraint FKsd1m8rb8jcpbcnb7rpdue7ctc 
       foreign key (attachment_id) 
       references binary_contents

    alter table if exists message_attachments 
       add constraint FKsd1m8rb8jcpbcnb7rpdue7ctc 
       foreign key (attachment_id) 
       references binary_contents;
26-07-27 18:24:04.794 [Test worker] DEBUG org.hibernate.SQL - 
    alter table if exists message_attachments 
       add constraint FKj7twd218e2gqw9cmlhwvo1rth 
       foreign key (message_id) 
       references messages
26-07-27 18:24:04.795 [Test worker] INFO  p6spy - #1785144244795 | took 0ms | statement | connection 11| url jdbc:h2:mem:discodeit-test

    alter table if exists message_attachments 
       add constraint FKj7twd218e2gqw9cmlhwvo1rth 
       foreign key (message_id) 
       references messages

    alter table if exists message_attachments 
       add constraint FKj7twd218e2gqw9cmlhwvo1rth 
       foreign key (message_id) 
       references messages;
26-07-27 18:24:04.795 [Test worker] DEBUG org.hibernate.SQL - 
    alter table if exists messages 
       add constraint FKowtlim26svclkatusptbgi7u1 
       foreign key (author_id) 
       references users
26-07-27 18:24:04.797 [Test worker] INFO  p6spy - #1785144244797 | took 1ms | statement | connection 11| url jdbc:h2:mem:discodeit-test

    alter table if exists messages 
       add constraint FKowtlim26svclkatusptbgi7u1 
       foreign key (author_id) 
       references users

    alter table if exists messages 
       add constraint FKowtlim26svclkatusptbgi7u1 
       foreign key (author_id) 
       references users;
26-07-27 18:24:04.797 [Test worker] DEBUG org.hibernate.SQL - 
    alter table if exists messages 
       add constraint FK3u3ckbhwq9se1cmopk2pq05b2 
       foreign key (channel_id) 
       references channels
26-07-27 18:24:04.798 [Test worker] INFO  p6spy - #1785144244798 | took 0ms | statement | connection 11| url jdbc:h2:mem:discodeit-test

    alter table if exists messages 
       add constraint FK3u3ckbhwq9se1cmopk2pq05b2 
       foreign key (channel_id) 
       references channels

    alter table if exists messages 
       add constraint FK3u3ckbhwq9se1cmopk2pq05b2 
       foreign key (channel_id) 
       references channels;
26-07-27 18:24:04.798 [Test worker] DEBUG org.hibernate.SQL - 
    alter table if exists read_statuses 
       add constraint FKa38ri44ml4gfdpklx4ahqr8gd 
       foreign key (channel_id) 
       references channels
26-07-27 18:24:04.799 [Test worker] INFO  p6spy - #1785144244799 | took 0ms | statement | connection 11| url jdbc:h2:mem:discodeit-test

    alter table if exists read_statuses 
       add constraint FKa38ri44ml4gfdpklx4ahqr8gd 
       foreign key (channel_id) 
       references channels

    alter table if exists read_statuses 
       add constraint FKa38ri44ml4gfdpklx4ahqr8gd 
       foreign key (channel_id) 
       references channels;
26-07-27 18:24:04.799 [Test worker] DEBUG org.hibernate.SQL - 
    alter table if exists read_statuses 
       add constraint FKml3k4wr9sj5yxrmj6d0aoib2e 
       foreign key (user_id) 
       references users
26-07-27 18:24:04.800 [Test worker] INFO  p6spy - #1785144244800 | took 0ms | statement | connection 11| url jdbc:h2:mem:discodeit-test

    alter table if exists read_statuses 
       add constraint FKml3k4wr9sj5yxrmj6d0aoib2e 
       foreign key (user_id) 
       references users

    alter table if exists read_statuses 
       add constraint FKml3k4wr9sj5yxrmj6d0aoib2e 
       foreign key (user_id) 
       references users;
26-07-27 18:24:04.800 [Test worker] DEBUG org.hibernate.SQL - 
    alter table if exists user_statuses 
       add constraint FK4lfl3ei2ubchgcxrrpo3pw4mm 
       foreign key (user_id) 
       references users
26-07-27 18:24:04.801 [Test worker] INFO  p6spy - #1785144244801 | took 0ms | statement | connection 11| url jdbc:h2:mem:discodeit-test

    alter table if exists user_statuses 
       add constraint FK4lfl3ei2ubchgcxrrpo3pw4mm 
       foreign key (user_id) 
       references users

    alter table if exists user_statuses 
       add constraint FK4lfl3ei2ubchgcxrrpo3pw4mm 
       foreign key (user_id) 
       references users;
26-07-27 18:24:04.801 [Test worker] DEBUG org.hibernate.SQL - 
    alter table if exists users 
       add constraint FKtbudycgrip49xdptogmhfqnso 
       foreign key (profile_id) 
       references binary_contents
26-07-27 18:24:04.802 [Test worker] INFO  p6spy - #1785144244801 | took 0ms | statement | connection 11| url jdbc:h2:mem:discodeit-test

    alter table if exists users 
       add constraint FKtbudycgrip49xdptogmhfqnso 
       foreign key (profile_id) 
       references binary_contents

    alter table if exists users 
       add constraint FKtbudycgrip49xdptogmhfqnso 
       foreign key (profile_id) 
       references binary_contents;
26-07-27 18:24:04.803 [Test worker] INFO  o.s.o.j.LocalContainerEntityManagerFactoryBean - Initialized JPA EntityManagerFactory for persistence unit 'default'
26-07-27 18:24:05.010 [Test worker] INFO  o.s.b.a.w.s.WelcomePageHandlerMapping - Adding welcome page: class path resource [static/index.html]
26-07-27 18:24:05.306 [Test worker] INFO  o.s.b.t.m.w.SpringBootMockServletContext - Initializing Spring TestDispatcherServlet ''
26-07-27 18:24:05.308 [Test worker] INFO  o.s.t.w.s.TestDispatcherServlet - Initializing Servlet ''
26-07-27 18:24:05.312 [Test worker] INFO  o.s.b.a.e.web.EndpointLinksResolver - Exposing 4 endpoints beneath base path '/actuator'
26-07-27 18:24:05.321 [Test worker] INFO  o.s.t.w.s.TestDispatcherServlet - Completed initialization in 13 ms
26-07-27 18:24:05.371 [Test worker] INFO  c.s.m.d.i.ChannelApiIntegrationTest - Started ChannelApiIntegrationTest in 1.292 seconds (process running for 7.672)
26-07-27 18:24:05.395 [Test worker] DEBUG c.s.m.d.s.basic.BasicUserService - Creating user. username=buzz, email=buzz@codeit.com, hasProfileImage=false
26-07-27 18:24:05.404 [Test worker] DEBUG org.hibernate.SQL - 
    select
        u1_0.id 
    from
        users u1_0 
    where
        u1_0.username=? 
        or u1_0.email=? 
    fetch
        first ? rows only
26-07-27 18:24:05.406 [Test worker] TRACE org.hibernate.orm.jdbc.bind - binding parameter (1:VARCHAR) <- [buzz]
26-07-27 18:24:05.406 [Test worker] TRACE org.hibernate.orm.jdbc.bind - binding parameter (2:VARCHAR) <- [buzz@codeit.com]
26-07-27 18:24:05.406 [Test worker] TRACE org.hibernate.orm.jdbc.bind - binding parameter (3:INTEGER) <- [1]
26-07-27 18:24:05.409 [Test worker] INFO  p6spy - #1785144245409 | took 2ms | statement | connection 12| url jdbc:h2:mem:discodeit-test
select u1_0.id from users u1_0 where u1_0.username=? or u1_0.email=? fetch first ? rows only
select u1_0.id from users u1_0 where u1_0.username='buzz' or u1_0.email='buzz@codeit.com' fetch first 1 rows only;
26-07-27 18:24:05.419 [Test worker] DEBUG org.hibernate.SQL - 
    insert 
    into
        users
        (created_at, email, password, profile_id, updated_at, username, id) 
    values
        (?, ?, ?, ?, ?, ?, ?)
26-07-27 18:24:05.419 [Test worker] TRACE org.hibernate.orm.jdbc.bind - binding parameter (1:TIMESTAMP_UTC) <- [2026-07-27T09:24:05.415689Z]
26-07-27 18:24:05.419 [Test worker] TRACE org.hibernate.orm.jdbc.bind - binding parameter (2:VARCHAR) <- [buzz@codeit.com]
26-07-27 18:24:05.419 [Test worker] TRACE org.hibernate.orm.jdbc.bind - binding parameter (3:VARCHAR) <- [password1]
26-07-27 18:24:05.419 [Test worker] TRACE org.hibernate.orm.jdbc.bind - binding parameter (4:UUID) <- [null]
26-07-27 18:24:05.419 [Test worker] TRACE org.hibernate.orm.jdbc.bind - binding parameter (5:TIMESTAMP_UTC) <- [2026-07-27T09:24:05.415689Z]
26-07-27 18:24:05.419 [Test worker] TRACE org.hibernate.orm.jdbc.bind - binding parameter (6:VARCHAR) <- [buzz]
26-07-27 18:24:05.419 [Test worker] TRACE org.hibernate.orm.jdbc.bind - binding parameter (7:UUID) <- [4a5f7e12-a058-45fa-bb72-e450c440894b]
26-07-27 18:24:05.420 [Test worker] INFO  p6spy - #1785144245420 | took 0ms | statement | connection 12| url jdbc:h2:mem:discodeit-test
insert into users (created_at,email,password,profile_id,updated_at,username,id) values (?,?,?,?,?,?,?)
insert into users (created_at,email,password,profile_id,updated_at,username,id) values ('2026-07-27T09:24:05.415689Z','buzz@codeit.com','password1',NULL,'2026-07-27T09:24:05.415689Z','buzz','4a5f7e12-a058-45fa-bb72-e450c440894b');
26-07-27 18:24:05.423 [Test worker] INFO  c.s.m.d.s.basic.BasicUserService - User created. userId=4a5f7e12-a058-45fa-bb72-e450c440894b, username=buzz
26-07-27 18:24:05.441 [Test worker] DEBUG c.s.m.d.s.basic.BasicChannelService - Creating private channel. participantCount=1
26-07-27 18:24:05.444 [Test worker] INFO  c.s.m.d.s.basic.BasicChannelService - Private channel created. channelId=3548193a-4e8e-44ae-9c54-c8a934aacf26, participantCount=1
26-07-27 18:24:05.447 [Test worker] DEBUG org.hibernate.SQL - 
    insert 
    into
        user_statuses
        (created_at, last_active_at, updated_at, user_id, id) 
    values
        (?, ?, ?, ?, ?)
26-07-27 18:24:05.448 [Test worker] TRACE org.hibernate.orm.jdbc.bind - binding parameter (1:TIMESTAMP_UTC) <- [2026-07-27T09:24:05.421422Z]
26-07-27 18:24:05.448 [Test worker] TRACE org.hibernate.orm.jdbc.bind - binding parameter (2:TIMESTAMP_UTC) <- [2026-07-27T09:24:05.420512Z]
26-07-27 18:24:05.448 [Test worker] TRACE org.hibernate.orm.jdbc.bind - binding parameter (3:TIMESTAMP_UTC) <- [2026-07-27T09:24:05.421422Z]
26-07-27 18:24:05.448 [Test worker] TRACE org.hibernate.orm.jdbc.bind - binding parameter (4:UUID) <- [4a5f7e12-a058-45fa-bb72-e450c440894b]
26-07-27 18:24:05.448 [Test worker] TRACE org.hibernate.orm.jdbc.bind - binding parameter (5:UUID) <- [89a27432-2722-4ef0-8ce3-e8f499dfc193]
26-07-27 18:24:05.448 [Test worker] INFO  p6spy - #1785144245448 | took 0ms | statement | connection 12| url jdbc:h2:mem:discodeit-test
insert into user_statuses (created_at,last_active_at,updated_at,user_id,id) values (?,?,?,?,?)
insert into user_statuses (created_at,last_active_at,updated_at,user_id,id) values ('2026-07-27T09:24:05.421422Z','2026-07-27T09:24:05.420512Z','2026-07-27T09:24:05.421422Z','4a5f7e12-a058-45fa-bb72-e450c440894b','89a27432-2722-4ef0-8ce3-e8f499dfc193');
26-07-27 18:24:05.448 [Test worker] DEBUG org.hibernate.SQL - 
    insert 
    into
        channels
        (created_at, description, name, type, updated_at, id) 
    values
        (?, ?, ?, ?, ?, ?)
26-07-27 18:24:05.449 [Test worker] TRACE org.hibernate.orm.jdbc.bind - binding parameter (1:TIMESTAMP_UTC) <- [2026-07-27T09:24:05.442011Z]
26-07-27 18:24:05.449 [Test worker] TRACE org.hibernate.orm.jdbc.bind - binding parameter (2:VARCHAR) <- [null]
26-07-27 18:24:05.449 [Test worker] TRACE org.hibernate.orm.jdbc.bind - binding parameter (3:VARCHAR) <- [null]
26-07-27 18:24:05.449 [Test worker] TRACE org.hibernate.orm.jdbc.bind - binding parameter (4:ENUM) <- [PRIVATE]
26-07-27 18:24:05.449 [Test worker] TRACE org.hibernate.orm.jdbc.bind - binding parameter (5:TIMESTAMP_UTC) <- [2026-07-27T09:24:05.442011Z]
26-07-27 18:24:05.449 [Test worker] TRACE org.hibernate.orm.jdbc.bind - binding parameter (6:UUID) <- [3548193a-4e8e-44ae-9c54-c8a934aacf26]
26-07-27 18:24:05.449 [Test worker] INFO  p6spy - #1785144245449 | took 0ms | statement | connection 12| url jdbc:h2:mem:discodeit-test
insert into channels (created_at,description,name,type,updated_at,id) values (?,?,?,?,?,?)
insert into channels (created_at,description,name,type,updated_at,id) values ('2026-07-27T09:24:05.442011Z',NULL,NULL,'PRIVATE','2026-07-27T09:24:05.442011Z','3548193a-4e8e-44ae-9c54-c8a934aacf26');
26-07-27 18:24:05.450 [Test worker] DEBUG org.hibernate.SQL - 
    insert 
    into
        read_statuses
        (channel_id, created_at, last_read_at, updated_at, user_id, id) 
    values
        (?, ?, ?, ?, ?, ?)
26-07-27 18:24:05.450 [Test worker] TRACE org.hibernate.orm.jdbc.bind - binding parameter (1:UUID) <- [3548193a-4e8e-44ae-9c54-c8a934aacf26]
26-07-27 18:24:05.450 [Test worker] TRACE org.hibernate.orm.jdbc.bind - binding parameter (2:TIMESTAMP_UTC) <- [2026-07-27T09:24:05.443481Z]
26-07-27 18:24:05.450 [Test worker] TRACE org.hibernate.orm.jdbc.bind - binding parameter (3:TIMESTAMP_UTC) <- [2026-07-27T09:24:05.442698Z]
26-07-27 18:24:05.450 [Test worker] TRACE org.hibernate.orm.jdbc.bind - binding parameter (4:TIMESTAMP_UTC) <- [2026-07-27T09:24:05.443481Z]
26-07-27 18:24:05.450 [Test worker] TRACE org.hibernate.orm.jdbc.bind - binding parameter (5:UUID) <- [4a5f7e12-a058-45fa-bb72-e450c440894b]
26-07-27 18:24:05.450 [Test worker] TRACE org.hibernate.orm.jdbc.bind - binding parameter (6:UUID) <- [6d6d107c-4e1d-4b23-8a25-9b27e6084a7a]
26-07-27 18:24:05.450 [Test worker] INFO  p6spy - #1785144245450 | took 0ms | statement | connection 12| url jdbc:h2:mem:discodeit-test
insert into read_statuses (channel_id,created_at,last_read_at,updated_at,user_id,id) values (?,?,?,?,?,?)
insert into read_statuses (channel_id,created_at,last_read_at,updated_at,user_id,id) values ('3548193a-4e8e-44ae-9c54-c8a934aacf26','2026-07-27T09:24:05.443481Z','2026-07-27T09:24:05.442698Z','2026-07-27T09:24:05.443481Z','4a5f7e12-a058-45fa-bb72-e450c440894b','6d6d107c-4e1d-4b23-8a25-9b27e6084a7a');
26-07-27 18:24:05.450 [Test worker] DEBUG org.hibernate.SQL - 
    select
        m1_0.id,
        m1_0.author_id,
        m1_0.channel_id,
        m1_0.content,
        m1_0.created_at,
        m1_0.updated_at 
    from
        messages m1_0 
    left join
        channels c1_0 
            on c1_0.id=m1_0.channel_id 
    where
        c1_0.id=?
26-07-27 18:24:05.451 [Test worker] TRACE org.hibernate.orm.jdbc.bind - binding parameter (1:UUID) <- [3548193a-4e8e-44ae-9c54-c8a934aacf26]
26-07-27 18:24:05.452 [Test worker] INFO  p6spy - #1785144245452 | took 0ms | statement | connection 12| url jdbc:h2:mem:discodeit-test
select m1_0.id,m1_0.author_id,m1_0.channel_id,m1_0.content,m1_0.created_at,m1_0.updated_at from messages m1_0 left join channels c1_0 on c1_0.id=m1_0.channel_id where c1_0.id=?
select m1_0.id,m1_0.author_id,m1_0.channel_id,m1_0.content,m1_0.created_at,m1_0.updated_at from messages m1_0 left join channels c1_0 on c1_0.id=m1_0.channel_id where c1_0.id='3548193a-4e8e-44ae-9c54-c8a934aacf26';
26-07-27 18:24:05.460 [Test worker] DEBUG org.hibernate.SQL - 
    select
        rs1_0.id,
        rs1_0.channel_id,
        rs1_0.created_at,
        rs1_0.last_read_at,
        rs1_0.updated_at,
        rs1_0.user_id 
    from
        read_statuses rs1_0 
    left join
        channels c1_0 
            on c1_0.id=rs1_0.channel_id 
    where
        c1_0.id=?
26-07-27 18:24:05.461 [Test worker] TRACE org.hibernate.orm.jdbc.bind - binding parameter (1:UUID) <- [3548193a-4e8e-44ae-9c54-c8a934aacf26]
26-07-27 18:24:05.461 [Test worker] INFO  p6spy - #1785144245461 | took 0ms | statement | connection 12| url jdbc:h2:mem:discodeit-test
select rs1_0.id,rs1_0.channel_id,rs1_0.created_at,rs1_0.last_read_at,rs1_0.updated_at,rs1_0.user_id from read_statuses rs1_0 left join channels c1_0 on c1_0.id=rs1_0.channel_id where c1_0.id=?
select rs1_0.id,rs1_0.channel_id,rs1_0.created_at,rs1_0.last_read_at,rs1_0.updated_at,rs1_0.user_id from read_statuses rs1_0 left join channels c1_0 on c1_0.id=rs1_0.channel_id where c1_0.id='3548193a-4e8e-44ae-9c54-c8a934aacf26';
26-07-27 18:24:05.469 [Test worker] INFO  p6spy - #1785144245469 | took 0ms | rollback | connection 12| url jdbc:h2:mem:discodeit-test

;
26-07-27 18:24:05.479 [Test worker] DEBUG c.s.m.d.s.basic.BasicChannelService - Creating public channel. name=notice
26-07-27 18:24:05.480 [Test worker] INFO  c.s.m.d.s.basic.BasicChannelService - Public channel created. channelId=c6d3a194-4d6c-4979-9f33-b7dde314f1df, name=notice
26-07-27 18:24:05.482 [Test worker] DEBUG org.hibernate.SQL - 
    insert 
    into
        channels
        (created_at, description, name, type, updated_at, id) 
    values
        (?, ?, ?, ?, ?, ?)
26-07-27 18:24:05.483 [Test worker] TRACE org.hibernate.orm.jdbc.bind - binding parameter (1:TIMESTAMP_UTC) <- [2026-07-27T09:24:05.480092Z]
26-07-27 18:24:05.483 [Test worker] TRACE org.hibernate.orm.jdbc.bind - binding parameter (2:VARCHAR) <- [notice channel]
26-07-27 18:24:05.483 [Test worker] TRACE org.hibernate.orm.jdbc.bind - binding parameter (3:VARCHAR) <- [notice]
26-07-27 18:24:05.483 [Test worker] TRACE org.hibernate.orm.jdbc.bind - binding parameter (4:ENUM) <- [PUBLIC]
26-07-27 18:24:05.483 [Test worker] TRACE org.hibernate.orm.jdbc.bind - binding parameter (5:TIMESTAMP_UTC) <- [2026-07-27T09:24:05.480092Z]
26-07-27 18:24:05.483 [Test worker] TRACE org.hibernate.orm.jdbc.bind - binding parameter (6:UUID) <- [c6d3a194-4d6c-4979-9f33-b7dde314f1df]
26-07-27 18:24:05.484 [Test worker] INFO  p6spy - #1785144245484 | took 0ms | statement | connection 13| url jdbc:h2:mem:discodeit-test
insert into channels (created_at,description,name,type,updated_at,id) values (?,?,?,?,?,?)
insert into channels (created_at,description,name,type,updated_at,id) values ('2026-07-27T09:24:05.480092Z','notice channel','notice','PUBLIC','2026-07-27T09:24:05.480092Z','c6d3a194-4d6c-4979-9f33-b7dde314f1df');
26-07-27 18:24:05.485 [Test worker] DEBUG org.hibernate.SQL - 
    select
        m1_0.id,
        m1_0.author_id,
        m1_0.channel_id,
        m1_0.content,
        m1_0.created_at,
        m1_0.updated_at 
    from
        messages m1_0 
    left join
        channels c1_0 
            on c1_0.id=m1_0.channel_id 
    where
        c1_0.id=?
26-07-27 18:24:05.485 [Test worker] TRACE org.hibernate.orm.jdbc.bind - binding parameter (1:UUID) <- [c6d3a194-4d6c-4979-9f33-b7dde314f1df]
26-07-27 18:24:05.486 [Test worker] INFO  p6spy - #1785144245486 | took 0ms | statement | connection 13| url jdbc:h2:mem:discodeit-test
select m1_0.id,m1_0.author_id,m1_0.channel_id,m1_0.content,m1_0.created_at,m1_0.updated_at from messages m1_0 left join channels c1_0 on c1_0.id=m1_0.channel_id where c1_0.id=?
select m1_0.id,m1_0.author_id,m1_0.channel_id,m1_0.content,m1_0.created_at,m1_0.updated_at from messages m1_0 left join channels c1_0 on c1_0.id=m1_0.channel_id where c1_0.id='c6d3a194-4d6c-4979-9f33-b7dde314f1df';
26-07-27 18:24:05.493 [Test worker] DEBUG c.s.m.d.s.basic.BasicChannelService - Updating channel. channelId=c6d3a194-4d6c-4979-9f33-b7dde314f1df
26-07-27 18:24:05.494 [Test worker] INFO  c.s.m.d.s.basic.BasicChannelService - Channel updated. channelId=c6d3a194-4d6c-4979-9f33-b7dde314f1df
26-07-27 18:24:05.499 [Test worker] DEBUG org.hibernate.SQL - 
    update
        channels 
    set
        description=?,
        name=?,
        type=?,
        updated_at=? 
    where
        id=?
26-07-27 18:24:05.501 [Test worker] TRACE org.hibernate.orm.jdbc.bind - binding parameter (1:VARCHAR) <- [updated channel]
26-07-27 18:24:05.501 [Test worker] TRACE org.hibernate.orm.jdbc.bind - binding parameter (2:VARCHAR) <- [new-notice]
26-07-27 18:24:05.501 [Test worker] TRACE org.hibernate.orm.jdbc.bind - binding parameter (3:ENUM) <- [PUBLIC]
26-07-27 18:24:05.501 [Test worker] TRACE org.hibernate.orm.jdbc.bind - binding parameter (4:TIMESTAMP_UTC) <- [2026-07-27T09:24:05.495744Z]
26-07-27 18:24:05.501 [Test worker] TRACE org.hibernate.orm.jdbc.bind - binding parameter (5:UUID) <- [c6d3a194-4d6c-4979-9f33-b7dde314f1df]
26-07-27 18:24:05.502 [Test worker] INFO  p6spy - #1785144245502 | took 0ms | statement | connection 13| url jdbc:h2:mem:discodeit-test
update channels set description=?,name=?,type=?,updated_at=? where id=?
update channels set description='updated channel',name='new-notice',type='PUBLIC',updated_at='2026-07-27T09:24:05.495744Z' where id='c6d3a194-4d6c-4979-9f33-b7dde314f1df';
26-07-27 18:24:05.503 [Test worker] DEBUG org.hibernate.SQL - 
    select
        m1_0.id,
        m1_0.author_id,
        m1_0.channel_id,
        m1_0.content,
        m1_0.created_at,
        m1_0.updated_at 
    from
        messages m1_0 
    left join
        channels c1_0 
            on c1_0.id=m1_0.channel_id 
    where
        c1_0.id=?
26-07-27 18:24:05.504 [Test worker] TRACE org.hibernate.orm.jdbc.bind - binding parameter (1:UUID) <- [c6d3a194-4d6c-4979-9f33-b7dde314f1df]
26-07-27 18:24:05.504 [Test worker] INFO  p6spy - #1785144245504 | took 0ms | statement | connection 13| url jdbc:h2:mem:discodeit-test
select m1_0.id,m1_0.author_id,m1_0.channel_id,m1_0.content,m1_0.created_at,m1_0.updated_at from messages m1_0 left join channels c1_0 on c1_0.id=m1_0.channel_id where c1_0.id=?
select m1_0.id,m1_0.author_id,m1_0.channel_id,m1_0.content,m1_0.created_at,m1_0.updated_at from messages m1_0 left join channels c1_0 on c1_0.id=m1_0.channel_id where c1_0.id='c6d3a194-4d6c-4979-9f33-b7dde314f1df';
26-07-27 18:24:05.509 [Test worker] DEBUG c.s.m.d.s.basic.BasicChannelService - Deleting channel. channelId=c6d3a194-4d6c-4979-9f33-b7dde314f1df
26-07-27 18:24:05.511 [Test worker] DEBUG org.hibernate.SQL - 
    select
        m1_0.id,
        m1_0.author_id,
        m1_0.channel_id,
        m1_0.content,
        m1_0.created_at,
        m1_0.updated_at 
    from
        messages m1_0 
    left join
        channels c1_0 
            on c1_0.id=m1_0.channel_id 
    where
        c1_0.id=?
26-07-27 18:24:05.512 [Test worker] TRACE org.hibernate.orm.jdbc.bind - binding parameter (1:UUID) <- [c6d3a194-4d6c-4979-9f33-b7dde314f1df]
26-07-27 18:24:05.512 [Test worker] INFO  p6spy - #1785144245512 | took 0ms | statement | connection 13| url jdbc:h2:mem:discodeit-test
select m1_0.id,m1_0.author_id,m1_0.channel_id,m1_0.content,m1_0.created_at,m1_0.updated_at from messages m1_0 left join channels c1_0 on c1_0.id=m1_0.channel_id where c1_0.id=?
select m1_0.id,m1_0.author_id,m1_0.channel_id,m1_0.content,m1_0.created_at,m1_0.updated_at from messages m1_0 left join channels c1_0 on c1_0.id=m1_0.channel_id where c1_0.id='c6d3a194-4d6c-4979-9f33-b7dde314f1df';
26-07-27 18:24:05.514 [Test worker] DEBUG org.hibernate.SQL - 
    select
        rs1_0.id,
        rs1_0.channel_id,
        rs1_0.created_at,
        rs1_0.last_read_at,
        rs1_0.updated_at,
        rs1_0.user_id 
    from
        read_statuses rs1_0 
    left join
        channels c1_0 
            on c1_0.id=rs1_0.channel_id 
    where
        c1_0.id=?
26-07-27 18:24:05.514 [Test worker] TRACE org.hibernate.orm.jdbc.bind - binding parameter (1:UUID) <- [c6d3a194-4d6c-4979-9f33-b7dde314f1df]
26-07-27 18:24:05.515 [Test worker] INFO  p6spy - #1785144245514 | took 0ms | statement | connection 13| url jdbc:h2:mem:discodeit-test
select rs1_0.id,rs1_0.channel_id,rs1_0.created_at,rs1_0.last_read_at,rs1_0.updated_at,rs1_0.user_id from read_statuses rs1_0 left join channels c1_0 on c1_0.id=rs1_0.channel_id where c1_0.id=?
select rs1_0.id,rs1_0.channel_id,rs1_0.created_at,rs1_0.last_read_at,rs1_0.updated_at,rs1_0.user_id from read_statuses rs1_0 left join channels c1_0 on c1_0.id=rs1_0.channel_id where c1_0.id='c6d3a194-4d6c-4979-9f33-b7dde314f1df';
26-07-27 18:24:05.517 [Test worker] INFO  c.s.m.d.s.basic.BasicChannelService - Channel deleted. channelId=c6d3a194-4d6c-4979-9f33-b7dde314f1df
26-07-27 18:24:05.521 [Test worker] INFO  p6spy - #1785144245521 | took 0ms | rollback | connection 13| url jdbc:h2:mem:discodeit-test

;
26-07-27 18:24:05.527 [Test worker] DEBUG c.s.m.d.s.basic.BasicUserService - Creating user. username=woody, email=woody@codeit.com, hasProfileImage=false
26-07-27 18:24:05.528 [Test worker] DEBUG org.hibernate.SQL - 
    select
        u1_0.id 
    from
        users u1_0 
    where
        u1_0.username=? 
        or u1_0.email=? 
    fetch
        first ? rows only
26-07-27 18:24:05.528 [Test worker] TRACE org.hibernate.orm.jdbc.bind - binding parameter (1:VARCHAR) <- [woody]
26-07-27 18:24:05.528 [Test worker] TRACE org.hibernate.orm.jdbc.bind - binding parameter (2:VARCHAR) <- [woody@codeit.com]
26-07-27 18:24:05.528 [Test worker] TRACE org.hibernate.orm.jdbc.bind - binding parameter (3:INTEGER) <- [1]
26-07-27 18:24:05.529 [Test worker] INFO  p6spy - #1785144245529 | took 0ms | statement | connection 14| url jdbc:h2:mem:discodeit-test
select u1_0.id from users u1_0 where u1_0.username=? or u1_0.email=? fetch first ? rows only
select u1_0.id from users u1_0 where u1_0.username='woody' or u1_0.email='woody@codeit.com' fetch first 1 rows only;
26-07-27 18:24:05.530 [Test worker] DEBUG org.hibernate.SQL - 
    insert 
    into
        users
        (created_at, email, password, profile_id, updated_at, username, id) 
    values
        (?, ?, ?, ?, ?, ?, ?)
26-07-27 18:24:05.530 [Test worker] TRACE org.hibernate.orm.jdbc.bind - binding parameter (1:TIMESTAMP_UTC) <- [2026-07-27T09:24:05.529644Z]
26-07-27 18:24:05.530 [Test worker] TRACE org.hibernate.orm.jdbc.bind - binding parameter (2:VARCHAR) <- [woody@codeit.com]
26-07-27 18:24:05.530 [Test worker] TRACE org.hibernate.orm.jdbc.bind - binding parameter (3:VARCHAR) <- [password1]
26-07-27 18:24:05.530 [Test worker] TRACE org.hibernate.orm.jdbc.bind - binding parameter (4:UUID) <- [null]
26-07-27 18:24:05.530 [Test worker] TRACE org.hibernate.orm.jdbc.bind - binding parameter (5:TIMESTAMP_UTC) <- [2026-07-27T09:24:05.529644Z]
26-07-27 18:24:05.530 [Test worker] TRACE org.hibernate.orm.jdbc.bind - binding parameter (6:VARCHAR) <- [woody]
26-07-27 18:24:05.530 [Test worker] TRACE org.hibernate.orm.jdbc.bind - binding parameter (7:UUID) <- [21de97cb-7346-4b95-bedc-552bc3f02b0d]
26-07-27 18:24:05.530 [Test worker] INFO  p6spy - #1785144245530 | took 0ms | statement | connection 14| url jdbc:h2:mem:discodeit-test
insert into users (created_at,email,password,profile_id,updated_at,username,id) values (?,?,?,?,?,?,?)
insert into users (created_at,email,password,profile_id,updated_at,username,id) values ('2026-07-27T09:24:05.529644Z','woody@codeit.com','password1',NULL,'2026-07-27T09:24:05.529644Z','woody','21de97cb-7346-4b95-bedc-552bc3f02b0d');
26-07-27 18:24:05.531 [Test worker] INFO  c.s.m.d.s.basic.BasicUserService - User created. userId=21de97cb-7346-4b95-bedc-552bc3f02b0d, username=woody
26-07-27 18:24:05.532 [Test worker] DEBUG c.s.m.d.s.basic.BasicChannelService - Creating public channel. name=general
26-07-27 18:24:05.533 [Test worker] INFO  c.s.m.d.s.basic.BasicChannelService - Public channel created. channelId=80132ce0-d2e0-4fcd-91c1-888a765dbcc2, name=general
26-07-27 18:24:05.534 [Test worker] DEBUG org.hibernate.SQL - 
    insert 
    into
        user_statuses
        (created_at, last_active_at, updated_at, user_id, id) 
    values
        (?, ?, ?, ?, ?)
26-07-27 18:24:05.534 [Test worker] TRACE org.hibernate.orm.jdbc.bind - binding parameter (1:TIMESTAMP_UTC) <- [2026-07-27T09:24:05.531042Z]
26-07-27 18:24:05.534 [Test worker] TRACE org.hibernate.orm.jdbc.bind - binding parameter (2:TIMESTAMP_UTC) <- [2026-07-27T09:24:05.530887Z]
26-07-27 18:24:05.534 [Test worker] TRACE org.hibernate.orm.jdbc.bind - binding parameter (3:TIMESTAMP_UTC) <- [2026-07-27T09:24:05.531042Z]
26-07-27 18:24:05.534 [Test worker] TRACE org.hibernate.orm.jdbc.bind - binding parameter (4:UUID) <- [21de97cb-7346-4b95-bedc-552bc3f02b0d]
26-07-27 18:24:05.534 [Test worker] TRACE org.hibernate.orm.jdbc.bind - binding parameter (5:UUID) <- [37f344a7-b5ea-44db-9dea-02084cd4a93e]
26-07-27 18:24:05.535 [Test worker] INFO  p6spy - #1785144245535 | took 0ms | statement | connection 14| url jdbc:h2:mem:discodeit-test
insert into user_statuses (created_at,last_active_at,updated_at,user_id,id) values (?,?,?,?,?)
insert into user_statuses (created_at,last_active_at,updated_at,user_id,id) values ('2026-07-27T09:24:05.531042Z','2026-07-27T09:24:05.530887Z','2026-07-27T09:24:05.531042Z','21de97cb-7346-4b95-bedc-552bc3f02b0d','37f344a7-b5ea-44db-9dea-02084cd4a93e');
26-07-27 18:24:05.535 [Test worker] DEBUG org.hibernate.SQL - 
    insert 
    into
        channels
        (created_at, description, name, type, updated_at, id) 
    values
        (?, ?, ?, ?, ?, ?)
26-07-27 18:24:05.535 [Test worker] TRACE org.hibernate.orm.jdbc.bind - binding parameter (1:TIMESTAMP_UTC) <- [2026-07-27T09:24:05.533157Z]
26-07-27 18:24:05.535 [Test worker] TRACE org.hibernate.orm.jdbc.bind - binding parameter (2:VARCHAR) <- [general channel]
26-07-27 18:24:05.535 [Test worker] TRACE org.hibernate.orm.jdbc.bind - binding parameter (3:VARCHAR) <- [general]
26-07-27 18:24:05.535 [Test worker] TRACE org.hibernate.orm.jdbc.bind - binding parameter (4:ENUM) <- [PUBLIC]
26-07-27 18:24:05.535 [Test worker] TRACE org.hibernate.orm.jdbc.bind - binding parameter (5:TIMESTAMP_UTC) <- [2026-07-27T09:24:05.533157Z]
26-07-27 18:24:05.535 [Test worker] TRACE org.hibernate.orm.jdbc.bind - binding parameter (6:UUID) <- [80132ce0-d2e0-4fcd-91c1-888a765dbcc2]
26-07-27 18:24:05.536 [Test worker] INFO  p6spy - #1785144245536 | took 0ms | statement | connection 14| url jdbc:h2:mem:discodeit-test
insert into channels (created_at,description,name,type,updated_at,id) values (?,?,?,?,?,?)
insert into channels (created_at,description,name,type,updated_at,id) values ('2026-07-27T09:24:05.533157Z','general channel','general','PUBLIC','2026-07-27T09:24:05.533157Z','80132ce0-d2e0-4fcd-91c1-888a765dbcc2');
26-07-27 18:24:05.536 [Test worker] DEBUG org.hibernate.SQL - 
    select
        m1_0.id,
        m1_0.author_id,
        m1_0.channel_id,
        m1_0.content,
        m1_0.created_at,
        m1_0.updated_at 
    from
        messages m1_0 
    left join
        channels c1_0 
            on c1_0.id=m1_0.channel_id 
    where
        c1_0.id=?
26-07-27 18:24:05.536 [Test worker] TRACE org.hibernate.orm.jdbc.bind - binding parameter (1:UUID) <- [80132ce0-d2e0-4fcd-91c1-888a765dbcc2]
26-07-27 18:24:05.536 [Test worker] INFO  p6spy - #1785144245536 | took 0ms | statement | connection 14| url jdbc:h2:mem:discodeit-test
select m1_0.id,m1_0.author_id,m1_0.channel_id,m1_0.content,m1_0.created_at,m1_0.updated_at from messages m1_0 left join channels c1_0 on c1_0.id=m1_0.channel_id where c1_0.id=?
select m1_0.id,m1_0.author_id,m1_0.channel_id,m1_0.content,m1_0.created_at,m1_0.updated_at from messages m1_0 left join channels c1_0 on c1_0.id=m1_0.channel_id where c1_0.id='80132ce0-d2e0-4fcd-91c1-888a765dbcc2';
26-07-27 18:24:05.543 [Test worker] DEBUG org.hibernate.SQL - 
    select
        rs1_0.id,
        rs1_0.channel_id,
        rs1_0.created_at,
        rs1_0.last_read_at,
        rs1_0.updated_at,
        rs1_0.user_id 
    from
        read_statuses rs1_0 
    left join
        users u1_0 
            on u1_0.id=rs1_0.user_id 
    where
        u1_0.id=?
26-07-27 18:24:05.543 [Test worker] TRACE org.hibernate.orm.jdbc.bind - binding parameter (1:UUID) <- [21de97cb-7346-4b95-bedc-552bc3f02b0d]
26-07-27 18:24:05.543 [Test worker] INFO  p6spy - #1785144245543 | took 0ms | statement | connection 14| url jdbc:h2:mem:discodeit-test
select rs1_0.id,rs1_0.channel_id,rs1_0.created_at,rs1_0.last_read_at,rs1_0.updated_at,rs1_0.user_id from read_statuses rs1_0 left join users u1_0 on u1_0.id=rs1_0.user_id where u1_0.id=?
select rs1_0.id,rs1_0.channel_id,rs1_0.created_at,rs1_0.last_read_at,rs1_0.updated_at,rs1_0.user_id from read_statuses rs1_0 left join users u1_0 on u1_0.id=rs1_0.user_id where u1_0.id='21de97cb-7346-4b95-bedc-552bc3f02b0d';
26-07-27 18:24:05.545 [Test worker] DEBUG org.hibernate.SQL - 
    select
        c1_0.id,
        c1_0.created_at,
        c1_0.description,
        c1_0.name,
        c1_0.type,
        c1_0.updated_at 
    from
        channels c1_0
26-07-27 18:24:05.545 [Test worker] INFO  p6spy - #1785144245545 | took 0ms | statement | connection 14| url jdbc:h2:mem:discodeit-test
select c1_0.id,c1_0.created_at,c1_0.description,c1_0.name,c1_0.type,c1_0.updated_at from channels c1_0
select c1_0.id,c1_0.created_at,c1_0.description,c1_0.name,c1_0.type,c1_0.updated_at from channels c1_0;
26-07-27 18:24:05.557 [Test worker] DEBUG org.hibernate.SQL - 
    select
        m1_0.channel_id,
        max(m1_0.created_at) 
    from
        messages m1_0 
    where
        m1_0.channel_id in (?) 
    group by
        m1_0.channel_id
26-07-27 18:24:05.558 [Test worker] TRACE org.hibernate.orm.jdbc.bind - binding parameter (1:UUID) <- [80132ce0-d2e0-4fcd-91c1-888a765dbcc2]
26-07-27 18:24:05.560 [Test worker] INFO  p6spy - #1785144245560 | took 1ms | statement | connection 14| url jdbc:h2:mem:discodeit-test
select m1_0.channel_id,max(m1_0.created_at) from messages m1_0 where m1_0.channel_id in (?) group by m1_0.channel_id
select m1_0.channel_id,max(m1_0.created_at) from messages m1_0 where m1_0.channel_id in ('80132ce0-d2e0-4fcd-91c1-888a765dbcc2') group by m1_0.channel_id;
26-07-27 18:24:05.566 [Test worker] INFO  p6spy - #1785144245566 | took 0ms | rollback | connection 14| url jdbc:h2:mem:discodeit-test

;
26-07-27 18:24:05.575 [Test worker] INFO  o.s.t.c.s.AnnotationConfigContextLoaderUtils - Could not detect default configuration classes for test class [com.sprint.mission.discodeit.integration.MessageApiIntegrationTest]: MessageApiIntegrationTest does not declare any static, non-private, non-final, nested classes annotated with @Configuration.
26-07-27 18:24:05.579 [Test worker] INFO  o.s.b.t.c.SpringBootTestContextBootstrapper - Found @SpringBootConfiguration com.sprint.mission.discodeit.DiscodeitApplication for test class com.sprint.mission.discodeit.integration.MessageApiIntegrationTest
26-07-27 18:24:05.585 [Test worker] DEBUG c.s.m.d.s.basic.BasicUserService - Creating user. username=woody, email=woody@codeit.com, hasProfileImage=false
26-07-27 18:24:05.586 [Test worker] DEBUG org.hibernate.SQL - 
    select
        u1_0.id 
    from
        users u1_0 
    where
        u1_0.username=? 
        or u1_0.email=? 
    fetch
        first ? rows only
26-07-27 18:24:05.586 [Test worker] TRACE org.hibernate.orm.jdbc.bind - binding parameter (1:VARCHAR) <- [woody]
26-07-27 18:24:05.586 [Test worker] TRACE org.hibernate.orm.jdbc.bind - binding parameter (2:VARCHAR) <- [woody@codeit.com]
26-07-27 18:24:05.586 [Test worker] TRACE org.hibernate.orm.jdbc.bind - binding parameter (3:INTEGER) <- [1]
26-07-27 18:24:05.586 [Test worker] INFO  p6spy - #1785144245586 | took 0ms | statement | connection 15| url jdbc:h2:mem:discodeit-test
select u1_0.id from users u1_0 where u1_0.username=? or u1_0.email=? fetch first ? rows only
select u1_0.id from users u1_0 where u1_0.username='woody' or u1_0.email='woody@codeit.com' fetch first 1 rows only;
26-07-27 18:24:05.587 [Test worker] DEBUG org.hibernate.SQL - 
    insert 
    into
        users
        (created_at, email, password, profile_id, updated_at, username, id) 
    values
        (?, ?, ?, ?, ?, ?, ?)
26-07-27 18:24:05.588 [Test worker] TRACE org.hibernate.orm.jdbc.bind - binding parameter (1:TIMESTAMP_UTC) <- [2026-07-27T09:24:05.587361Z]
26-07-27 18:24:05.588 [Test worker] TRACE org.hibernate.orm.jdbc.bind - binding parameter (2:VARCHAR) <- [woody@codeit.com]
26-07-27 18:24:05.588 [Test worker] TRACE org.hibernate.orm.jdbc.bind - binding parameter (3:VARCHAR) <- [password1]
26-07-27 18:24:05.588 [Test worker] TRACE org.hibernate.orm.jdbc.bind - binding parameter (4:UUID) <- [null]
26-07-27 18:24:05.588 [Test worker] TRACE org.hibernate.orm.jdbc.bind - binding parameter (5:TIMESTAMP_UTC) <- [2026-07-27T09:24:05.587361Z]
26-07-27 18:24:05.588 [Test worker] TRACE org.hibernate.orm.jdbc.bind - binding parameter (6:VARCHAR) <- [woody]
26-07-27 18:24:05.588 [Test worker] TRACE org.hibernate.orm.jdbc.bind - binding parameter (7:UUID) <- [b1086fc6-8ae2-4694-9013-56e78461a3cf]
26-07-27 18:24:05.588 [Test worker] INFO  p6spy - #1785144245588 | took 0ms | statement | connection 15| url jdbc:h2:mem:discodeit-test
insert into users (created_at,email,password,profile_id,updated_at,username,id) values (?,?,?,?,?,?,?)
insert into users (created_at,email,password,profile_id,updated_at,username,id) values ('2026-07-27T09:24:05.587361Z','woody@codeit.com','password1',NULL,'2026-07-27T09:24:05.587361Z','woody','b1086fc6-8ae2-4694-9013-56e78461a3cf');
26-07-27 18:24:05.589 [Test worker] INFO  c.s.m.d.s.basic.BasicUserService - User created. userId=b1086fc6-8ae2-4694-9013-56e78461a3cf, username=woody
26-07-27 18:24:05.594 [Test worker] DEBUG c.s.m.d.s.basic.BasicChannelService - Creating public channel. name=general
26-07-27 18:24:05.595 [Test worker] INFO  c.s.m.d.s.basic.BasicChannelService - Public channel created. channelId=0875f989-0be1-4fd2-90d7-f71c5bb706d3, name=general
26-07-27 18:24:05.596 [Test worker] DEBUG org.hibernate.SQL - 
    insert 
    into
        user_statuses
        (created_at, last_active_at, updated_at, user_id, id) 
    values
        (?, ?, ?, ?, ?)
26-07-27 18:24:05.597 [Test worker] TRACE org.hibernate.orm.jdbc.bind - binding parameter (1:TIMESTAMP_UTC) <- [2026-07-27T09:24:05.589342Z]
26-07-27 18:24:05.597 [Test worker] TRACE org.hibernate.orm.jdbc.bind - binding parameter (2:TIMESTAMP_UTC) <- [2026-07-27T09:24:05.589106Z]
26-07-27 18:24:05.597 [Test worker] TRACE org.hibernate.orm.jdbc.bind - binding parameter (3:TIMESTAMP_UTC) <- [2026-07-27T09:24:05.589342Z]
26-07-27 18:24:05.597 [Test worker] TRACE org.hibernate.orm.jdbc.bind - binding parameter (4:UUID) <- [b1086fc6-8ae2-4694-9013-56e78461a3cf]
26-07-27 18:24:05.597 [Test worker] TRACE org.hibernate.orm.jdbc.bind - binding parameter (5:UUID) <- [ab8686ad-3303-405b-902d-c14f80dc682a]
26-07-27 18:24:05.597 [Test worker] INFO  p6spy - #1785144245597 | took 0ms | statement | connection 15| url jdbc:h2:mem:discodeit-test
insert into user_statuses (created_at,last_active_at,updated_at,user_id,id) values (?,?,?,?,?)
insert into user_statuses (created_at,last_active_at,updated_at,user_id,id) values ('2026-07-27T09:24:05.589342Z','2026-07-27T09:24:05.589106Z','2026-07-27T09:24:05.589342Z','b1086fc6-8ae2-4694-9013-56e78461a3cf','ab8686ad-3303-405b-902d-c14f80dc682a');
26-07-27 18:24:05.597 [Test worker] DEBUG org.hibernate.SQL - 
    insert 
    into
        channels
        (created_at, description, name, type, updated_at, id) 
    values
        (?, ?, ?, ?, ?, ?)
26-07-27 18:24:05.597 [Test worker] TRACE org.hibernate.orm.jdbc.bind - binding parameter (1:TIMESTAMP_UTC) <- [2026-07-27T09:24:05.594951Z]
26-07-27 18:24:05.597 [Test worker] TRACE org.hibernate.orm.jdbc.bind - binding parameter (2:VARCHAR) <- [general channel]
26-07-27 18:24:05.597 [Test worker] TRACE org.hibernate.orm.jdbc.bind - binding parameter (3:VARCHAR) <- [general]
26-07-27 18:24:05.598 [Test worker] TRACE org.hibernate.orm.jdbc.bind - binding parameter (4:ENUM) <- [PUBLIC]
26-07-27 18:24:05.598 [Test worker] TRACE org.hibernate.orm.jdbc.bind - binding parameter (5:TIMESTAMP_UTC) <- [2026-07-27T09:24:05.594951Z]
26-07-27 18:24:05.598 [Test worker] TRACE org.hibernate.orm.jdbc.bind - binding parameter (6:UUID) <- [0875f989-0be1-4fd2-90d7-f71c5bb706d3]
26-07-27 18:24:05.598 [Test worker] INFO  p6spy - #1785144245598 | took 0ms | statement | connection 15| url jdbc:h2:mem:discodeit-test
insert into channels (created_at,description,name,type,updated_at,id) values (?,?,?,?,?,?)
insert into channels (created_at,description,name,type,updated_at,id) values ('2026-07-27T09:24:05.594951Z','general channel','general','PUBLIC','2026-07-27T09:24:05.594951Z','0875f989-0be1-4fd2-90d7-f71c5bb706d3');
26-07-27 18:24:05.598 [Test worker] DEBUG org.hibernate.SQL - 
    select
        m1_0.id,
        m1_0.author_id,
        m1_0.channel_id,
        m1_0.content,
        m1_0.created_at,
        m1_0.updated_at 
    from
        messages m1_0 
    left join
        channels c1_0 
            on c1_0.id=m1_0.channel_id 
    where
        c1_0.id=?
26-07-27 18:24:05.598 [Test worker] TRACE org.hibernate.orm.jdbc.bind - binding parameter (1:UUID) <- [0875f989-0be1-4fd2-90d7-f71c5bb706d3]
26-07-27 18:24:05.598 [Test worker] INFO  p6spy - #1785144245598 | took 0ms | statement | connection 15| url jdbc:h2:mem:discodeit-test
select m1_0.id,m1_0.author_id,m1_0.channel_id,m1_0.content,m1_0.created_at,m1_0.updated_at from messages m1_0 left join channels c1_0 on c1_0.id=m1_0.channel_id where c1_0.id=?
select m1_0.id,m1_0.author_id,m1_0.channel_id,m1_0.content,m1_0.created_at,m1_0.updated_at from messages m1_0 left join channels c1_0 on c1_0.id=m1_0.channel_id where c1_0.id='0875f989-0be1-4fd2-90d7-f71c5bb706d3';
26-07-27 18:24:05.604 [Test worker] DEBUG c.s.m.d.s.basic.BasicMessageService - Creating message. channelId=0875f989-0be1-4fd2-90d7-f71c5bb706d3, authorId=b1086fc6-8ae2-4694-9013-56e78461a3cf, attachmentCount=0
26-07-27 18:24:05.630 [Test worker] DEBUG org.hibernate.SQL - 
    insert 
    into
        messages
        (author_id, channel_id, content, created_at, updated_at, id) 
    values
        (?, ?, ?, ?, ?, ?)
26-07-27 18:24:05.631 [Test worker] TRACE org.hibernate.orm.jdbc.bind - binding parameter (1:UUID) <- [b1086fc6-8ae2-4694-9013-56e78461a3cf]
26-07-27 18:24:05.631 [Test worker] TRACE org.hibernate.orm.jdbc.bind - binding parameter (2:UUID) <- [0875f989-0be1-4fd2-90d7-f71c5bb706d3]
26-07-27 18:24:05.631 [Test worker] TRACE org.hibernate.orm.jdbc.bind - binding parameter (3:VARCHAR) <- [hello]
26-07-27 18:24:05.631 [Test worker] TRACE org.hibernate.orm.jdbc.bind - binding parameter (4:TIMESTAMP_UTC) <- [2026-07-27T09:24:05.609122Z]
26-07-27 18:24:05.631 [Test worker] TRACE org.hibernate.orm.jdbc.bind - binding parameter (5:TIMESTAMP_UTC) <- [2026-07-27T09:24:05.609122Z]
26-07-27 18:24:05.631 [Test worker] TRACE org.hibernate.orm.jdbc.bind - binding parameter (6:UUID) <- [42da7ff0-88ae-4f05-a8aa-671ac38c6dc2]
26-07-27 18:24:05.631 [Test worker] INFO  p6spy - #1785144245631 | took 0ms | statement | connection 15| url jdbc:h2:mem:discodeit-test
insert into messages (author_id,channel_id,content,created_at,updated_at,id) values (?,?,?,?,?,?)
insert into messages (author_id,channel_id,content,created_at,updated_at,id) values ('b1086fc6-8ae2-4694-9013-56e78461a3cf','0875f989-0be1-4fd2-90d7-f71c5bb706d3','hello','2026-07-27T09:24:05.609122Z','2026-07-27T09:24:05.609122Z','42da7ff0-88ae-4f05-a8aa-671ac38c6dc2');
26-07-27 18:24:05.642 [Test worker] INFO  c.s.m.d.s.basic.BasicMessageService - Message created. messageId=42da7ff0-88ae-4f05-a8aa-671ac38c6dc2, channelId=0875f989-0be1-4fd2-90d7-f71c5bb706d3, authorId=b1086fc6-8ae2-4694-9013-56e78461a3cf, attachmentCount=0
26-07-27 18:24:05.660 [Test worker] DEBUG org.hibernate.SQL - 
    select
        m1_0.id,
        a1_0.id,
        a1_0.created_at,
        a1_0.email,
        a1_0.password,
        p1_0.id,
        p1_0.content_type,
        p1_0.created_at,
        p1_0.file_name,
        p1_0.size,
        a1_0.updated_at,
        a1_0.username,
        m1_0.channel_id,
        m1_0.content,
        m1_0.created_at,
        m1_0.updated_at 
    from
        messages m1_0 
    left join
        users a1_0 
            on a1_0.id=m1_0.author_id 
    left join
        binary_contents p1_0 
            on p1_0.id=a1_0.profile_id 
    where
        m1_0.channel_id=? 
        and (
            ? is null 
            or m1_0.created_at<?
        ) 
    order by
        m1_0.created_at desc 
    fetch
        first ? rows only
26-07-27 18:24:05.662 [Test worker] TRACE org.hibernate.orm.jdbc.bind - binding parameter (1:UUID) <- [0875f989-0be1-4fd2-90d7-f71c5bb706d3]
26-07-27 18:24:05.662 [Test worker] TRACE org.hibernate.orm.jdbc.bind - binding parameter (2:TIMESTAMP_UTC) <- [null]
26-07-27 18:24:05.662 [Test worker] TRACE org.hibernate.orm.jdbc.bind - binding parameter (3:TIMESTAMP_UTC) <- [null]
26-07-27 18:24:05.662 [Test worker] TRACE org.hibernate.orm.jdbc.bind - binding parameter (4:INTEGER) <- [11]
26-07-27 18:24:05.662 [Test worker] INFO  p6spy - #1785144245662 | took 0ms | statement | connection 15| url jdbc:h2:mem:discodeit-test
select m1_0.id,a1_0.id,a1_0.created_at,a1_0.email,a1_0.password,p1_0.id,p1_0.content_type,p1_0.created_at,p1_0.file_name,p1_0.size,a1_0.updated_at,a1_0.username,m1_0.channel_id,m1_0.content,m1_0.created_at,m1_0.updated_at from messages m1_0 left join users a1_0 on a1_0.id=m1_0.author_id left join binary_contents p1_0 on p1_0.id=a1_0.profile_id where m1_0.channel_id=? and (? is null or m1_0.created_at<?) order by m1_0.created_at desc fetch first ? rows only
select m1_0.id,a1_0.id,a1_0.created_at,a1_0.email,a1_0.password,p1_0.id,p1_0.content_type,p1_0.created_at,p1_0.file_name,p1_0.size,a1_0.updated_at,a1_0.username,m1_0.channel_id,m1_0.content,m1_0.created_at,m1_0.updated_at from messages m1_0 left join users a1_0 on a1_0.id=m1_0.author_id left join binary_contents p1_0 on p1_0.id=a1_0.profile_id where m1_0.channel_id='0875f989-0be1-4fd2-90d7-f71c5bb706d3' and (NULL is null or m1_0.created_at<NULL) order by m1_0.created_at desc fetch first 11 rows only;
26-07-27 18:24:05.670 [Test worker] INFO  p6spy - #1785144245669 | took 0ms | rollback | connection 15| url jdbc:h2:mem:discodeit-test

;
26-07-27 18:24:05.678 [Test worker] DEBUG c.s.m.d.s.basic.BasicUserService - Creating user. username=rex, email=rex@codeit.com, hasProfileImage=false
26-07-27 18:24:05.679 [Test worker] DEBUG org.hibernate.SQL - 
    select
        u1_0.id 
    from
        users u1_0 
    where
        u1_0.username=? 
        or u1_0.email=? 
    fetch
        first ? rows only
26-07-27 18:24:05.679 [Test worker] TRACE org.hibernate.orm.jdbc.bind - binding parameter (1:VARCHAR) <- [rex]
26-07-27 18:24:05.679 [Test worker] TRACE org.hibernate.orm.jdbc.bind - binding parameter (2:VARCHAR) <- [rex@codeit.com]
26-07-27 18:24:05.679 [Test worker] TRACE org.hibernate.orm.jdbc.bind - binding parameter (3:INTEGER) <- [1]
26-07-27 18:24:05.679 [Test worker] INFO  p6spy - #1785144245679 | took 0ms | statement | connection 16| url jdbc:h2:mem:discodeit-test
select u1_0.id from users u1_0 where u1_0.username=? or u1_0.email=? fetch first ? rows only
select u1_0.id from users u1_0 where u1_0.username='rex' or u1_0.email='rex@codeit.com' fetch first 1 rows only;
26-07-27 18:24:05.680 [Test worker] DEBUG org.hibernate.SQL - 
    insert 
    into
        users
        (created_at, email, password, profile_id, updated_at, username, id) 
    values
        (?, ?, ?, ?, ?, ?, ?)
26-07-27 18:24:05.680 [Test worker] TRACE org.hibernate.orm.jdbc.bind - binding parameter (1:TIMESTAMP_UTC) <- [2026-07-27T09:24:05.680142Z]
26-07-27 18:24:05.680 [Test worker] TRACE org.hibernate.orm.jdbc.bind - binding parameter (2:VARCHAR) <- [rex@codeit.com]
26-07-27 18:24:05.680 [Test worker] TRACE org.hibernate.orm.jdbc.bind - binding parameter (3:VARCHAR) <- [password1]
26-07-27 18:24:05.680 [Test worker] TRACE org.hibernate.orm.jdbc.bind - binding parameter (4:UUID) <- [null]
26-07-27 18:24:05.680 [Test worker] TRACE org.hibernate.orm.jdbc.bind - binding parameter (5:TIMESTAMP_UTC) <- [2026-07-27T09:24:05.680142Z]
26-07-27 18:24:05.680 [Test worker] TRACE org.hibernate.orm.jdbc.bind - binding parameter (6:VARCHAR) <- [rex]
26-07-27 18:24:05.680 [Test worker] TRACE org.hibernate.orm.jdbc.bind - binding parameter (7:UUID) <- [3594bf96-590e-4d26-92d4-defa8436224d]
26-07-27 18:24:05.681 [Test worker] INFO  p6spy - #1785144245681 | took 0ms | statement | connection 16| url jdbc:h2:mem:discodeit-test
insert into users (created_at,email,password,profile_id,updated_at,username,id) values (?,?,?,?,?,?,?)
insert into users (created_at,email,password,profile_id,updated_at,username,id) values ('2026-07-27T09:24:05.680142Z','rex@codeit.com','password1',NULL,'2026-07-27T09:24:05.680142Z','rex','3594bf96-590e-4d26-92d4-defa8436224d');
26-07-27 18:24:05.681 [Test worker] INFO  c.s.m.d.s.basic.BasicUserService - User created. userId=3594bf96-590e-4d26-92d4-defa8436224d, username=rex
26-07-27 18:24:05.686 [Test worker] DEBUG c.s.m.d.s.basic.BasicMessageService - Creating message. channelId=acf75665-8332-4c9e-80e7-281a1d25ba4c, authorId=3594bf96-590e-4d26-92d4-defa8436224d, attachmentCount=0
26-07-27 18:24:05.686 [Test worker] DEBUG org.hibernate.SQL - 
    select
        c1_0.id,
        c1_0.created_at,
        c1_0.description,
        c1_0.name,
        c1_0.type,
        c1_0.updated_at 
    from
        channels c1_0 
    where
        c1_0.id=?
26-07-27 18:24:05.686 [Test worker] TRACE org.hibernate.orm.jdbc.bind - binding parameter (1:UUID) <- [acf75665-8332-4c9e-80e7-281a1d25ba4c]
26-07-27 18:24:05.687 [Test worker] INFO  p6spy - #1785144245687 | took 0ms | statement | connection 16| url jdbc:h2:mem:discodeit-test
select c1_0.id,c1_0.created_at,c1_0.description,c1_0.name,c1_0.type,c1_0.updated_at from channels c1_0 where c1_0.id=?
select c1_0.id,c1_0.created_at,c1_0.description,c1_0.name,c1_0.type,c1_0.updated_at from channels c1_0 where c1_0.id='acf75665-8332-4c9e-80e7-281a1d25ba4c';
26-07-27 18:24:05.695 [Test worker] INFO  p6spy - #1785144245695 | took 0ms | rollback | connection 16| url jdbc:h2:mem:discodeit-test

;
26-07-27 18:24:05.699 [Test worker] DEBUG c.s.m.d.s.basic.BasicUserService - Creating user. username=buzz, email=buzz@codeit.com, hasProfileImage=false
26-07-27 18:24:05.700 [Test worker] DEBUG org.hibernate.SQL - 
    select
        u1_0.id 
    from
        users u1_0 
    where
        u1_0.username=? 
        or u1_0.email=? 
    fetch
        first ? rows only
26-07-27 18:24:05.700 [Test worker] TRACE org.hibernate.orm.jdbc.bind - binding parameter (1:VARCHAR) <- [buzz]
26-07-27 18:24:05.701 [Test worker] TRACE org.hibernate.orm.jdbc.bind - binding parameter (2:VARCHAR) <- [buzz@codeit.com]
26-07-27 18:24:05.701 [Test worker] TRACE org.hibernate.orm.jdbc.bind - binding parameter (3:INTEGER) <- [1]
26-07-27 18:24:05.701 [Test worker] INFO  p6spy - #1785144245701 | took 0ms | statement | connection 17| url jdbc:h2:mem:discodeit-test
select u1_0.id from users u1_0 where u1_0.username=? or u1_0.email=? fetch first ? rows only
select u1_0.id from users u1_0 where u1_0.username='buzz' or u1_0.email='buzz@codeit.com' fetch first 1 rows only;
26-07-27 18:24:05.702 [Test worker] DEBUG org.hibernate.SQL - 
    insert 
    into
        users
        (created_at, email, password, profile_id, updated_at, username, id) 
    values
        (?, ?, ?, ?, ?, ?, ?)
26-07-27 18:24:05.702 [Test worker] TRACE org.hibernate.orm.jdbc.bind - binding parameter (1:TIMESTAMP_UTC) <- [2026-07-27T09:24:05.701608Z]
26-07-27 18:24:05.702 [Test worker] TRACE org.hibernate.orm.jdbc.bind - binding parameter (2:VARCHAR) <- [buzz@codeit.com]
26-07-27 18:24:05.702 [Test worker] TRACE org.hibernate.orm.jdbc.bind - binding parameter (3:VARCHAR) <- [password1]
26-07-27 18:24:05.702 [Test worker] TRACE org.hibernate.orm.jdbc.bind - binding parameter (4:UUID) <- [null]
26-07-27 18:24:05.702 [Test worker] TRACE org.hibernate.orm.jdbc.bind - binding parameter (5:TIMESTAMP_UTC) <- [2026-07-27T09:24:05.701608Z]
26-07-27 18:24:05.702 [Test worker] TRACE org.hibernate.orm.jdbc.bind - binding parameter (6:VARCHAR) <- [buzz]
26-07-27 18:24:05.702 [Test worker] TRACE org.hibernate.orm.jdbc.bind - binding parameter (7:UUID) <- [c1ca45fa-18a8-4309-96ce-bc10083dd70a]
26-07-27 18:24:05.702 [Test worker] INFO  p6spy - #1785144245702 | took 0ms | statement | connection 17| url jdbc:h2:mem:discodeit-test
insert into users (created_at,email,password,profile_id,updated_at,username,id) values (?,?,?,?,?,?,?)
insert into users (created_at,email,password,profile_id,updated_at,username,id) values ('2026-07-27T09:24:05.701608Z','buzz@codeit.com','password1',NULL,'2026-07-27T09:24:05.701608Z','buzz','c1ca45fa-18a8-4309-96ce-bc10083dd70a');
26-07-27 18:24:05.703 [Test worker] INFO  c.s.m.d.s.basic.BasicUserService - User created. userId=c1ca45fa-18a8-4309-96ce-bc10083dd70a, username=buzz
26-07-27 18:24:05.706 [Test worker] DEBUG c.s.m.d.s.basic.BasicChannelService - Creating public channel. name=notice
26-07-27 18:24:05.707 [Test worker] INFO  c.s.m.d.s.basic.BasicChannelService - Public channel created. channelId=86d3c3e3-d51c-4c22-bc6f-2e369c7d5c68, name=notice
26-07-27 18:24:05.710 [Test worker] DEBUG org.hibernate.SQL - 
    insert 
    into
        user_statuses
        (created_at, last_active_at, updated_at, user_id, id) 
    values
        (?, ?, ?, ?, ?)
26-07-27 18:24:05.711 [Test worker] TRACE org.hibernate.orm.jdbc.bind - binding parameter (1:TIMESTAMP_UTC) <- [2026-07-27T09:24:05.703665Z]
26-07-27 18:24:05.711 [Test worker] TRACE org.hibernate.orm.jdbc.bind - binding parameter (2:TIMESTAMP_UTC) <- [2026-07-27T09:24:05.703256Z]
26-07-27 18:24:05.711 [Test worker] TRACE org.hibernate.orm.jdbc.bind - binding parameter (3:TIMESTAMP_UTC) <- [2026-07-27T09:24:05.703665Z]
26-07-27 18:24:05.711 [Test worker] TRACE org.hibernate.orm.jdbc.bind - binding parameter (4:UUID) <- [c1ca45fa-18a8-4309-96ce-bc10083dd70a]
26-07-27 18:24:05.711 [Test worker] TRACE org.hibernate.orm.jdbc.bind - binding parameter (5:UUID) <- [6734fc1a-9df8-42ed-b5ab-346a1083031e]
26-07-27 18:24:05.711 [Test worker] INFO  p6spy - #1785144245711 | took 0ms | statement | connection 17| url jdbc:h2:mem:discodeit-test
insert into user_statuses (created_at,last_active_at,updated_at,user_id,id) values (?,?,?,?,?)
insert into user_statuses (created_at,last_active_at,updated_at,user_id,id) values ('2026-07-27T09:24:05.703665Z','2026-07-27T09:24:05.703256Z','2026-07-27T09:24:05.703665Z','c1ca45fa-18a8-4309-96ce-bc10083dd70a','6734fc1a-9df8-42ed-b5ab-346a1083031e');
26-07-27 18:24:05.711 [Test worker] DEBUG org.hibernate.SQL - 
    insert 
    into
        channels
        (created_at, description, name, type, updated_at, id) 
    values
        (?, ?, ?, ?, ?, ?)
26-07-27 18:24:05.711 [Test worker] TRACE org.hibernate.orm.jdbc.bind - binding parameter (1:TIMESTAMP_UTC) <- [2026-07-27T09:24:05.706749Z]
26-07-27 18:24:05.711 [Test worker] TRACE org.hibernate.orm.jdbc.bind - binding parameter (2:VARCHAR) <- [notice channel]
26-07-27 18:24:05.712 [Test worker] TRACE org.hibernate.orm.jdbc.bind - binding parameter (3:VARCHAR) <- [notice]
26-07-27 18:24:05.712 [Test worker] TRACE org.hibernate.orm.jdbc.bind - binding parameter (4:ENUM) <- [PUBLIC]
26-07-27 18:24:05.712 [Test worker] TRACE org.hibernate.orm.jdbc.bind - binding parameter (5:TIMESTAMP_UTC) <- [2026-07-27T09:24:05.706749Z]
26-07-27 18:24:05.712 [Test worker] TRACE org.hibernate.orm.jdbc.bind - binding parameter (6:UUID) <- [86d3c3e3-d51c-4c22-bc6f-2e369c7d5c68]
26-07-27 18:24:05.712 [Test worker] INFO  p6spy - #1785144245712 | took 0ms | statement | connection 17| url jdbc:h2:mem:discodeit-test
insert into channels (created_at,description,name,type,updated_at,id) values (?,?,?,?,?,?)
insert into channels (created_at,description,name,type,updated_at,id) values ('2026-07-27T09:24:05.706749Z','notice channel','notice','PUBLIC','2026-07-27T09:24:05.706749Z','86d3c3e3-d51c-4c22-bc6f-2e369c7d5c68');
26-07-27 18:24:05.712 [Test worker] DEBUG org.hibernate.SQL - 
    select
        m1_0.id,
        m1_0.author_id,
        m1_0.channel_id,
        m1_0.content,
        m1_0.created_at,
        m1_0.updated_at 
    from
        messages m1_0 
    left join
        channels c1_0 
            on c1_0.id=m1_0.channel_id 
    where
        c1_0.id=?
26-07-27 18:24:05.713 [Test worker] TRACE org.hibernate.orm.jdbc.bind - binding parameter (1:UUID) <- [86d3c3e3-d51c-4c22-bc6f-2e369c7d5c68]
26-07-27 18:24:05.713 [Test worker] INFO  p6spy - #1785144245713 | took 0ms | statement | connection 17| url jdbc:h2:mem:discodeit-test
select m1_0.id,m1_0.author_id,m1_0.channel_id,m1_0.content,m1_0.created_at,m1_0.updated_at from messages m1_0 left join channels c1_0 on c1_0.id=m1_0.channel_id where c1_0.id=?
select m1_0.id,m1_0.author_id,m1_0.channel_id,m1_0.content,m1_0.created_at,m1_0.updated_at from messages m1_0 left join channels c1_0 on c1_0.id=m1_0.channel_id where c1_0.id='86d3c3e3-d51c-4c22-bc6f-2e369c7d5c68';
26-07-27 18:24:05.715 [Test worker] DEBUG c.s.m.d.s.basic.BasicMessageService - Creating message. channelId=86d3c3e3-d51c-4c22-bc6f-2e369c7d5c68, authorId=c1ca45fa-18a8-4309-96ce-bc10083dd70a, attachmentCount=0
26-07-27 18:24:05.716 [Test worker] DEBUG org.hibernate.SQL - 
    insert 
    into
        messages
        (author_id, channel_id, content, created_at, updated_at, id) 
    values
        (?, ?, ?, ?, ?, ?)
26-07-27 18:24:05.716 [Test worker] TRACE org.hibernate.orm.jdbc.bind - binding parameter (1:UUID) <- [c1ca45fa-18a8-4309-96ce-bc10083dd70a]
26-07-27 18:24:05.716 [Test worker] TRACE org.hibernate.orm.jdbc.bind - binding parameter (2:UUID) <- [86d3c3e3-d51c-4c22-bc6f-2e369c7d5c68]
26-07-27 18:24:05.716 [Test worker] TRACE org.hibernate.orm.jdbc.bind - binding parameter (3:VARCHAR) <- [before]
26-07-27 18:24:05.716 [Test worker] TRACE org.hibernate.orm.jdbc.bind - binding parameter (4:TIMESTAMP_UTC) <- [2026-07-27T09:24:05.715803Z]
26-07-27 18:24:05.716 [Test worker] TRACE org.hibernate.orm.jdbc.bind - binding parameter (5:TIMESTAMP_UTC) <- [2026-07-27T09:24:05.715803Z]
26-07-27 18:24:05.716 [Test worker] TRACE org.hibernate.orm.jdbc.bind - binding parameter (6:UUID) <- [59a2a9b7-ab8a-491d-a674-96a36c5c293d]
26-07-27 18:24:05.717 [Test worker] INFO  p6spy - #1785144245717 | took 0ms | statement | connection 17| url jdbc:h2:mem:discodeit-test
insert into messages (author_id,channel_id,content,created_at,updated_at,id) values (?,?,?,?,?,?)
insert into messages (author_id,channel_id,content,created_at,updated_at,id) values ('c1ca45fa-18a8-4309-96ce-bc10083dd70a','86d3c3e3-d51c-4c22-bc6f-2e369c7d5c68','before','2026-07-27T09:24:05.715803Z','2026-07-27T09:24:05.715803Z','59a2a9b7-ab8a-491d-a674-96a36c5c293d');
26-07-27 18:24:05.717 [Test worker] INFO  c.s.m.d.s.basic.BasicMessageService - Message created. messageId=59a2a9b7-ab8a-491d-a674-96a36c5c293d, channelId=86d3c3e3-d51c-4c22-bc6f-2e369c7d5c68, authorId=c1ca45fa-18a8-4309-96ce-bc10083dd70a, attachmentCount=0
26-07-27 18:24:05.720 [Test worker] DEBUG c.s.m.d.s.basic.BasicMessageService - Updating message. messageId=59a2a9b7-ab8a-491d-a674-96a36c5c293d
26-07-27 18:24:05.721 [Test worker] INFO  c.s.m.d.s.basic.BasicMessageService - Message updated. messageId=59a2a9b7-ab8a-491d-a674-96a36c5c293d
26-07-27 18:24:05.723 [Test worker] DEBUG c.s.m.d.s.basic.BasicMessageService - Deleting message. messageId=59a2a9b7-ab8a-491d-a674-96a36c5c293d
26-07-27 18:24:05.726 [Test worker] INFO  c.s.m.d.s.basic.BasicMessageService - Message deleted. messageId=59a2a9b7-ab8a-491d-a674-96a36c5c293d
26-07-27 18:24:05.730 [Test worker] INFO  p6spy - #1785144245730 | took 0ms | rollback | connection 17| url jdbc:h2:mem:discodeit-test

;
26-07-27 18:24:05.732 [Test worker] INFO  o.s.t.c.s.AnnotationConfigContextLoaderUtils - Could not detect default configuration classes for test class [com.sprint.mission.discodeit.integration.UserApiIntegrationTest]: UserApiIntegrationTest does not declare any static, non-private, non-final, nested classes annotated with @Configuration.
26-07-27 18:24:05.733 [Test worker] INFO  o.s.b.t.c.SpringBootTestContextBootstrapper - Found @SpringBootConfiguration com.sprint.mission.discodeit.DiscodeitApplication for test class com.sprint.mission.discodeit.integration.UserApiIntegrationTest
26-07-27 18:24:05.738 [Test worker] DEBUG c.s.m.d.s.basic.BasicUserService - Creating user. username=buzz, email=buzz@codeit.com, hasProfileImage=false
26-07-27 18:24:05.740 [Test worker] DEBUG org.hibernate.SQL - 
    select
        u1_0.id 
    from
        users u1_0 
    where
        u1_0.username=? 
        or u1_0.email=? 
    fetch
        first ? rows only
26-07-27 18:24:05.741 [Test worker] TRACE org.hibernate.orm.jdbc.bind - binding parameter (1:VARCHAR) <- [buzz]
26-07-27 18:24:05.741 [Test worker] TRACE org.hibernate.orm.jdbc.bind - binding parameter (2:VARCHAR) <- [buzz@codeit.com]
26-07-27 18:24:05.741 [Test worker] TRACE org.hibernate.orm.jdbc.bind - binding parameter (3:INTEGER) <- [1]
26-07-27 18:24:05.741 [Test worker] INFO  p6spy - #1785144245741 | took 0ms | statement | connection 18| url jdbc:h2:mem:discodeit-test
select u1_0.id from users u1_0 where u1_0.username=? or u1_0.email=? fetch first ? rows only
select u1_0.id from users u1_0 where u1_0.username='buzz' or u1_0.email='buzz@codeit.com' fetch first 1 rows only;
26-07-27 18:24:05.742 [Test worker] DEBUG org.hibernate.SQL - 
    insert 
    into
        users
        (created_at, email, password, profile_id, updated_at, username, id) 
    values
        (?, ?, ?, ?, ?, ?, ?)
26-07-27 18:24:05.742 [Test worker] TRACE org.hibernate.orm.jdbc.bind - binding parameter (1:TIMESTAMP_UTC) <- [2026-07-27T09:24:05.742057Z]
26-07-27 18:24:05.742 [Test worker] TRACE org.hibernate.orm.jdbc.bind - binding parameter (2:VARCHAR) <- [buzz@codeit.com]
26-07-27 18:24:05.742 [Test worker] TRACE org.hibernate.orm.jdbc.bind - binding parameter (3:VARCHAR) <- [password1]
26-07-27 18:24:05.742 [Test worker] TRACE org.hibernate.orm.jdbc.bind - binding parameter (4:UUID) <- [null]
26-07-27 18:24:05.742 [Test worker] TRACE org.hibernate.orm.jdbc.bind - binding parameter (5:TIMESTAMP_UTC) <- [2026-07-27T09:24:05.742057Z]
26-07-27 18:24:05.743 [Test worker] TRACE org.hibernate.orm.jdbc.bind - binding parameter (6:VARCHAR) <- [buzz]
26-07-27 18:24:05.743 [Test worker] TRACE org.hibernate.orm.jdbc.bind - binding parameter (7:UUID) <- [9046291f-7263-40d7-ad65-379ccde8da2a]
26-07-27 18:24:05.743 [Test worker] INFO  p6spy - #1785144245743 | took 0ms | statement | connection 18| url jdbc:h2:mem:discodeit-test
insert into users (created_at,email,password,profile_id,updated_at,username,id) values (?,?,?,?,?,?,?)
insert into users (created_at,email,password,profile_id,updated_at,username,id) values ('2026-07-27T09:24:05.742057Z','buzz@codeit.com','password1',NULL,'2026-07-27T09:24:05.742057Z','buzz','9046291f-7263-40d7-ad65-379ccde8da2a');
26-07-27 18:24:05.743 [Test worker] INFO  c.s.m.d.s.basic.BasicUserService - User created. userId=9046291f-7263-40d7-ad65-379ccde8da2a, username=buzz
26-07-27 18:24:05.748 [Test worker] DEBUG c.s.m.d.s.basic.BasicUserService - Updating user. userId=9046291f-7263-40d7-ad65-379ccde8da2a, hasProfileImage=false
26-07-27 18:24:05.750 [Test worker] DEBUG org.hibernate.SQL - 
    select
        u1_0.id 
    from
        users u1_0 
    where
        u1_0.username=? 
        and u1_0.id<>? 
    fetch
        first ? rows only
26-07-27 18:24:05.751 [Test worker] TRACE org.hibernate.orm.jdbc.bind - binding parameter (1:VARCHAR) <- [newBuzz]
26-07-27 18:24:05.751 [Test worker] TRACE org.hibernate.orm.jdbc.bind - binding parameter (2:UUID) <- [9046291f-7263-40d7-ad65-379ccde8da2a]
26-07-27 18:24:05.751 [Test worker] TRACE org.hibernate.orm.jdbc.bind - binding parameter (3:INTEGER) <- [1]
26-07-27 18:24:05.751 [Test worker] INFO  p6spy - #1785144245751 | took 0ms | statement | connection 18| url jdbc:h2:mem:discodeit-test
select u1_0.id from users u1_0 where u1_0.username=? and u1_0.id<>? fetch first ? rows only
select u1_0.id from users u1_0 where u1_0.username='newBuzz' and u1_0.id<>'9046291f-7263-40d7-ad65-379ccde8da2a' fetch first 1 rows only;
26-07-27 18:24:05.753 [Test worker] DEBUG org.hibernate.SQL - 
    select
        u1_0.id 
    from
        users u1_0 
    where
        u1_0.email=? 
        and u1_0.id<>? 
    fetch
        first ? rows only
26-07-27 18:24:05.753 [Test worker] TRACE org.hibernate.orm.jdbc.bind - binding parameter (1:VARCHAR) <- [new-buzz@codeit.com]
26-07-27 18:24:05.753 [Test worker] TRACE org.hibernate.orm.jdbc.bind - binding parameter (2:UUID) <- [9046291f-7263-40d7-ad65-379ccde8da2a]
26-07-27 18:24:05.753 [Test worker] TRACE org.hibernate.orm.jdbc.bind - binding parameter (3:INTEGER) <- [1]
26-07-27 18:24:05.753 [Test worker] INFO  p6spy - #1785144245753 | took 0ms | statement | connection 18| url jdbc:h2:mem:discodeit-test
select u1_0.id from users u1_0 where u1_0.email=? and u1_0.id<>? fetch first ? rows only
select u1_0.id from users u1_0 where u1_0.email='new-buzz@codeit.com' and u1_0.id<>'9046291f-7263-40d7-ad65-379ccde8da2a' fetch first 1 rows only;
26-07-27 18:24:05.758 [Test worker] DEBUG org.hibernate.SQL - 
    insert 
    into
        user_statuses
        (created_at, last_active_at, updated_at, user_id, id) 
    values
        (?, ?, ?, ?, ?)
26-07-27 18:24:05.759 [Test worker] TRACE org.hibernate.orm.jdbc.bind - binding parameter (1:TIMESTAMP_UTC) <- [2026-07-27T09:24:05.743599Z]
26-07-27 18:24:05.759 [Test worker] TRACE org.hibernate.orm.jdbc.bind - binding parameter (2:TIMESTAMP_UTC) <- [2026-07-27T09:24:05.743441Z]
26-07-27 18:24:05.759 [Test worker] TRACE org.hibernate.orm.jdbc.bind - binding parameter (3:TIMESTAMP_UTC) <- [2026-07-27T09:24:05.743599Z]
26-07-27 18:24:05.759 [Test worker] TRACE org.hibernate.orm.jdbc.bind - binding parameter (4:UUID) <- [9046291f-7263-40d7-ad65-379ccde8da2a]
26-07-27 18:24:05.759 [Test worker] TRACE org.hibernate.orm.jdbc.bind - binding parameter (5:UUID) <- [58d1ce43-53fd-4deb-9a76-8757a6250f8f]
26-07-27 18:24:05.759 [Test worker] INFO  p6spy - #1785144245759 | took 0ms | statement | connection 18| url jdbc:h2:mem:discodeit-test
insert into user_statuses (created_at,last_active_at,updated_at,user_id,id) values (?,?,?,?,?)
insert into user_statuses (created_at,last_active_at,updated_at,user_id,id) values ('2026-07-27T09:24:05.743599Z','2026-07-27T09:24:05.743441Z','2026-07-27T09:24:05.743599Z','9046291f-7263-40d7-ad65-379ccde8da2a','58d1ce43-53fd-4deb-9a76-8757a6250f8f');
26-07-27 18:24:05.759 [Test worker] DEBUG org.hibernate.SQL - 
    update
        users 
    set
        email=?,
        password=?,
        profile_id=?,
        updated_at=?,
        username=? 
    where
        id=?
26-07-27 18:24:05.760 [Test worker] TRACE org.hibernate.orm.jdbc.bind - binding parameter (1:VARCHAR) <- [new-buzz@codeit.com]
26-07-27 18:24:05.760 [Test worker] TRACE org.hibernate.orm.jdbc.bind - binding parameter (2:VARCHAR) <- [new-password]
26-07-27 18:24:05.760 [Test worker] TRACE org.hibernate.orm.jdbc.bind - binding parameter (3:UUID) <- [null]
26-07-27 18:24:05.760 [Test worker] TRACE org.hibernate.orm.jdbc.bind - binding parameter (4:TIMESTAMP_UTC) <- [2026-07-27T09:24:05.757891Z]
26-07-27 18:24:05.760 [Test worker] TRACE org.hibernate.orm.jdbc.bind - binding parameter (5:VARCHAR) <- [newBuzz]
26-07-27 18:24:05.760 [Test worker] TRACE org.hibernate.orm.jdbc.bind - binding parameter (6:UUID) <- [9046291f-7263-40d7-ad65-379ccde8da2a]
26-07-27 18:24:05.760 [Test worker] INFO  p6spy - #1785144245760 | took 0ms | statement | connection 18| url jdbc:h2:mem:discodeit-test
update users set email=?,password=?,profile_id=?,updated_at=?,username=? where id=?
update users set email='new-buzz@codeit.com',password='new-password',profile_id=NULL,updated_at='2026-07-27T09:24:05.757891Z',username='newBuzz' where id='9046291f-7263-40d7-ad65-379ccde8da2a';
26-07-27 18:24:05.760 [Test worker] DEBUG org.hibernate.SQL - 
    select
        us1_0.id,
        us1_0.created_at,
        us1_0.last_active_at,
        us1_0.updated_at,
        us1_0.user_id 
    from
        user_statuses us1_0 
    left join
        users u1_0 
            on u1_0.id=us1_0.user_id 
    where
        u1_0.id=?
26-07-27 18:24:05.760 [Test worker] TRACE org.hibernate.orm.jdbc.bind - binding parameter (1:UUID) <- [9046291f-7263-40d7-ad65-379ccde8da2a]
26-07-27 18:24:05.761 [Test worker] INFO  p6spy - #1785144245761 | took 0ms | statement | connection 18| url jdbc:h2:mem:discodeit-test
select us1_0.id,us1_0.created_at,us1_0.last_active_at,us1_0.updated_at,us1_0.user_id from user_statuses us1_0 left join users u1_0 on u1_0.id=us1_0.user_id where u1_0.id=?
select us1_0.id,us1_0.created_at,us1_0.last_active_at,us1_0.updated_at,us1_0.user_id from user_statuses us1_0 left join users u1_0 on u1_0.id=us1_0.user_id where u1_0.id='9046291f-7263-40d7-ad65-379ccde8da2a';
26-07-27 18:24:05.762 [Test worker] INFO  c.s.m.d.s.basic.BasicUserService - User updated. userId=9046291f-7263-40d7-ad65-379ccde8da2a
26-07-27 18:24:05.764 [Test worker] DEBUG c.s.m.d.s.basic.BasicUserService - Deleting user. userId=9046291f-7263-40d7-ad65-379ccde8da2a
26-07-27 18:24:05.764 [Test worker] DEBUG org.hibernate.SQL - 
    select
        c1_0.id,
        c1_0.created_at,
        c1_0.description,
        c1_0.name,
        c1_0.type,
        c1_0.updated_at 
    from
        channels c1_0
26-07-27 18:24:05.765 [Test worker] INFO  p6spy - #1785144245765 | took 0ms | statement | connection 18| url jdbc:h2:mem:discodeit-test
select c1_0.id,c1_0.created_at,c1_0.description,c1_0.name,c1_0.type,c1_0.updated_at from channels c1_0
select c1_0.id,c1_0.created_at,c1_0.description,c1_0.name,c1_0.type,c1_0.updated_at from channels c1_0;
26-07-27 18:24:05.766 [Test worker] DEBUG org.hibernate.SQL - 
    select
        m1_0.id,
        m1_0.author_id,
        m1_0.channel_id,
        m1_0.content,
        m1_0.created_at,
        m1_0.updated_at 
    from
        messages m1_0
26-07-27 18:24:05.766 [Test worker] INFO  p6spy - #1785144245766 | took 0ms | statement | connection 18| url jdbc:h2:mem:discodeit-test
select m1_0.id,m1_0.author_id,m1_0.channel_id,m1_0.content,m1_0.created_at,m1_0.updated_at from messages m1_0
select m1_0.id,m1_0.author_id,m1_0.channel_id,m1_0.content,m1_0.created_at,m1_0.updated_at from messages m1_0;
26-07-27 18:24:05.768 [Test worker] DEBUG org.hibernate.SQL - 
    select
        rs1_0.id,
        rs1_0.channel_id,
        rs1_0.created_at,
        rs1_0.last_read_at,
        rs1_0.updated_at,
        rs1_0.user_id 
    from
        read_statuses rs1_0 
    left join
        users u1_0 
            on u1_0.id=rs1_0.user_id 
    where
        u1_0.id=?
26-07-27 18:24:05.768 [Test worker] TRACE org.hibernate.orm.jdbc.bind - binding parameter (1:UUID) <- [9046291f-7263-40d7-ad65-379ccde8da2a]
26-07-27 18:24:05.768 [Test worker] INFO  p6spy - #1785144245768 | took 0ms | statement | connection 18| url jdbc:h2:mem:discodeit-test
select rs1_0.id,rs1_0.channel_id,rs1_0.created_at,rs1_0.last_read_at,rs1_0.updated_at,rs1_0.user_id from read_statuses rs1_0 left join users u1_0 on u1_0.id=rs1_0.user_id where u1_0.id=?
select rs1_0.id,rs1_0.channel_id,rs1_0.created_at,rs1_0.last_read_at,rs1_0.updated_at,rs1_0.user_id from read_statuses rs1_0 left join users u1_0 on u1_0.id=rs1_0.user_id where u1_0.id='9046291f-7263-40d7-ad65-379ccde8da2a';
26-07-27 18:24:05.770 [Test worker] DEBUG org.hibernate.SQL - 
    select
        us1_0.id,
        us1_0.created_at,
        us1_0.last_active_at,
        us1_0.updated_at,
        us1_0.user_id 
    from
        user_statuses us1_0 
    left join
        users u1_0 
            on u1_0.id=us1_0.user_id 
    where
        u1_0.id=?
26-07-27 18:24:05.770 [Test worker] TRACE org.hibernate.orm.jdbc.bind - binding parameter (1:UUID) <- [9046291f-7263-40d7-ad65-379ccde8da2a]
26-07-27 18:24:05.770 [Test worker] INFO  p6spy - #1785144245770 | took 0ms | statement | connection 18| url jdbc:h2:mem:discodeit-test
select us1_0.id,us1_0.created_at,us1_0.last_active_at,us1_0.updated_at,us1_0.user_id from user_statuses us1_0 left join users u1_0 on u1_0.id=us1_0.user_id where u1_0.id=?
select us1_0.id,us1_0.created_at,us1_0.last_active_at,us1_0.updated_at,us1_0.user_id from user_statuses us1_0 left join users u1_0 on u1_0.id=us1_0.user_id where u1_0.id='9046291f-7263-40d7-ad65-379ccde8da2a';
26-07-27 18:24:05.771 [Test worker] INFO  c.s.m.d.s.basic.BasicUserService - User deleted. userId=9046291f-7263-40d7-ad65-379ccde8da2a
26-07-27 18:24:05.776 [Test worker] INFO  p6spy - #1785144245776 | took 0ms | rollback | connection 18| url jdbc:h2:mem:discodeit-test

;
26-07-27 18:24:05.784 [Test worker] INFO  p6spy - #1785144245784 | took 0ms | rollback | connection 19| url jdbc:h2:mem:discodeit-test

;
26-07-27 18:24:05.788 [Test worker] DEBUG c.s.m.d.s.basic.BasicUserService - Creating user. username=woody, email=woody@codeit.com, hasProfileImage=false
26-07-27 18:24:05.788 [Test worker] DEBUG org.hibernate.SQL - 
    select
        u1_0.id 
    from
        users u1_0 
    where
        u1_0.username=? 
        or u1_0.email=? 
    fetch
        first ? rows only
26-07-27 18:24:05.789 [Test worker] TRACE org.hibernate.orm.jdbc.bind - binding parameter (1:VARCHAR) <- [woody]
26-07-27 18:24:05.789 [Test worker] TRACE org.hibernate.orm.jdbc.bind - binding parameter (2:VARCHAR) <- [woody@codeit.com]
26-07-27 18:24:05.789 [Test worker] TRACE org.hibernate.orm.jdbc.bind - binding parameter (3:INTEGER) <- [1]
26-07-27 18:24:05.789 [Test worker] INFO  p6spy - #1785144245789 | took 0ms | statement | connection 20| url jdbc:h2:mem:discodeit-test
select u1_0.id from users u1_0 where u1_0.username=? or u1_0.email=? fetch first ? rows only
select u1_0.id from users u1_0 where u1_0.username='woody' or u1_0.email='woody@codeit.com' fetch first 1 rows only;
26-07-27 18:24:05.790 [Test worker] DEBUG org.hibernate.SQL - 
    insert 
    into
        users
        (created_at, email, password, profile_id, updated_at, username, id) 
    values
        (?, ?, ?, ?, ?, ?, ?)
26-07-27 18:24:05.790 [Test worker] TRACE org.hibernate.orm.jdbc.bind - binding parameter (1:TIMESTAMP_UTC) <- [2026-07-27T09:24:05.789758Z]
26-07-27 18:24:05.790 [Test worker] TRACE org.hibernate.orm.jdbc.bind - binding parameter (2:VARCHAR) <- [woody@codeit.com]
26-07-27 18:24:05.790 [Test worker] TRACE org.hibernate.orm.jdbc.bind - binding parameter (3:VARCHAR) <- [password1]
26-07-27 18:24:05.790 [Test worker] TRACE org.hibernate.orm.jdbc.bind - binding parameter (4:UUID) <- [null]
26-07-27 18:24:05.790 [Test worker] TRACE org.hibernate.orm.jdbc.bind - binding parameter (5:TIMESTAMP_UTC) <- [2026-07-27T09:24:05.789758Z]
26-07-27 18:24:05.790 [Test worker] TRACE org.hibernate.orm.jdbc.bind - binding parameter (6:VARCHAR) <- [woody]
26-07-27 18:24:05.790 [Test worker] TRACE org.hibernate.orm.jdbc.bind - binding parameter (7:UUID) <- [d6230f0c-c78e-4a87-844e-8404cffaf843]
26-07-27 18:24:05.790 [Test worker] INFO  p6spy - #1785144245790 | took 0ms | statement | connection 20| url jdbc:h2:mem:discodeit-test
insert into users (created_at,email,password,profile_id,updated_at,username,id) values (?,?,?,?,?,?,?)
insert into users (created_at,email,password,profile_id,updated_at,username,id) values ('2026-07-27T09:24:05.789758Z','woody@codeit.com','password1',NULL,'2026-07-27T09:24:05.789758Z','woody','d6230f0c-c78e-4a87-844e-8404cffaf843');
26-07-27 18:24:05.791 [Test worker] INFO  c.s.m.d.s.basic.BasicUserService - User created. userId=d6230f0c-c78e-4a87-844e-8404cffaf843, username=woody
26-07-27 18:24:05.794 [Test worker] DEBUG org.hibernate.SQL - 
    select
        u1_0.id,
        u1_0.created_at,
        u1_0.email,
        u1_0.password,
        u1_0.profile_id,
        u1_0.updated_at,
        u1_0.username 
    from
        users u1_0
26-07-27 18:24:05.794 [Test worker] INFO  p6spy - #1785144245794 | took 0ms | statement | connection 20| url jdbc:h2:mem:discodeit-test
select u1_0.id,u1_0.created_at,u1_0.email,u1_0.password,u1_0.profile_id,u1_0.updated_at,u1_0.username from users u1_0
select u1_0.id,u1_0.created_at,u1_0.email,u1_0.password,u1_0.profile_id,u1_0.updated_at,u1_0.username from users u1_0;
26-07-27 18:24:05.796 [Test worker] DEBUG org.hibernate.SQL - 
    insert 
    into
        user_statuses
        (created_at, last_active_at, updated_at, user_id, id) 
    values
        (?, ?, ?, ?, ?)
26-07-27 18:24:05.796 [Test worker] TRACE org.hibernate.orm.jdbc.bind - binding parameter (1:TIMESTAMP_UTC) <- [2026-07-27T09:24:05.791239Z]
26-07-27 18:24:05.797 [Test worker] TRACE org.hibernate.orm.jdbc.bind - binding parameter (2:TIMESTAMP_UTC) <- [2026-07-27T09:24:05.791027Z]
26-07-27 18:24:05.797 [Test worker] TRACE org.hibernate.orm.jdbc.bind - binding parameter (3:TIMESTAMP_UTC) <- [2026-07-27T09:24:05.791239Z]
26-07-27 18:24:05.797 [Test worker] TRACE org.hibernate.orm.jdbc.bind - binding parameter (4:UUID) <- [d6230f0c-c78e-4a87-844e-8404cffaf843]
26-07-27 18:24:05.797 [Test worker] TRACE org.hibernate.orm.jdbc.bind - binding parameter (5:UUID) <- [318d53fb-4343-4ca5-8fff-86d9b5cce74e]
26-07-27 18:24:05.797 [Test worker] INFO  p6spy - #1785144245797 | took 0ms | statement | connection 20| url jdbc:h2:mem:discodeit-test
insert into user_statuses (created_at,last_active_at,updated_at,user_id,id) values (?,?,?,?,?)
insert into user_statuses (created_at,last_active_at,updated_at,user_id,id) values ('2026-07-27T09:24:05.791239Z','2026-07-27T09:24:05.791027Z','2026-07-27T09:24:05.791239Z','d6230f0c-c78e-4a87-844e-8404cffaf843','318d53fb-4343-4ca5-8fff-86d9b5cce74e');
26-07-27 18:24:05.797 [Test worker] DEBUG org.hibernate.SQL - 
    select
        us1_0.id,
        us1_0.created_at,
        us1_0.last_active_at,
        us1_0.updated_at,
        us1_0.user_id 
    from
        user_statuses us1_0 
    left join
        users u1_0 
            on u1_0.id=us1_0.user_id 
    where
        u1_0.id=?
26-07-27 18:24:05.797 [Test worker] TRACE org.hibernate.orm.jdbc.bind - binding parameter (1:UUID) <- [d6230f0c-c78e-4a87-844e-8404cffaf843]
26-07-27 18:24:05.797 [Test worker] INFO  p6spy - #1785144245797 | took 0ms | statement | connection 20| url jdbc:h2:mem:discodeit-test
select us1_0.id,us1_0.created_at,us1_0.last_active_at,us1_0.updated_at,us1_0.user_id from user_statuses us1_0 left join users u1_0 on u1_0.id=us1_0.user_id where u1_0.id=?
select us1_0.id,us1_0.created_at,us1_0.last_active_at,us1_0.updated_at,us1_0.user_id from user_statuses us1_0 left join users u1_0 on u1_0.id=us1_0.user_id where u1_0.id='d6230f0c-c78e-4a87-844e-8404cffaf843';
26-07-27 18:24:05.801 [Test worker] INFO  p6spy - #1785144245801 | took 0ms | rollback | connection 20| url jdbc:h2:mem:discodeit-test

;
26-07-27 18:24:05.805 [Test worker] INFO  o.s.t.c.s.AnnotationConfigContextLoaderUtils - Could not detect default configuration classes for test class [com.sprint.mission.discodeit.repository.MessageRepositoryTest]: MessageRepositoryTest does not declare any static, non-private, non-final, nested classes annotated with @Configuration.
26-07-27 18:24:05.807 [Test worker] INFO  o.s.b.t.c.SpringBootTestContextBootstrapper - Found @SpringBootConfiguration com.sprint.mission.discodeit.DiscodeitApplication for test class com.sprint.mission.discodeit.repository.MessageRepositoryTest
26-07-27 18:24:05.815 [Test worker] DEBUG org.hibernate.SQL - 
    select
        m1_0.channel_id,
        max(m1_0.created_at) 
    from
        messages m1_0 
    where
        m1_0.channel_id in (?) 
    group by
        m1_0.channel_id
26-07-27 18:24:05.816 [Test worker] TRACE org.hibernate.orm.jdbc.bind - binding parameter (1:UUID) <- [fc573e39-a63f-4b3e-8962-6305ab16ea2e]
26-07-27 18:24:05.816 [Test worker] INFO  p6spy - #1785144245816 | took 0ms | statement | connection 21| url jdbc:h2:mem:84124342-06be-41c7-92aa-3c80d3324794
select m1_0.channel_id,max(m1_0.created_at) from messages m1_0 where m1_0.channel_id in (?) group by m1_0.channel_id
select m1_0.channel_id,max(m1_0.created_at) from messages m1_0 where m1_0.channel_id in ('fc573e39-a63f-4b3e-8962-6305ab16ea2e') group by m1_0.channel_id;
26-07-27 18:24:05.822 [Test worker] INFO  p6spy - #1785144245822 | took 0ms | rollback | connection 21| url jdbc:h2:mem:84124342-06be-41c7-92aa-3c80d3324794

;
26-07-27 18:24:05.831 [Test worker] DEBUG org.hibernate.SQL - 
    insert 
    into
        users
        (created_at, email, password, profile_id, updated_at, username, id) 
    values
        (?, ?, ?, ?, ?, ?, ?)
26-07-27 18:24:05.832 [Test worker] TRACE org.hibernate.orm.jdbc.bind - binding parameter (1:TIMESTAMP_UTC) <- [2026-07-27T09:24:05.828616Z]
26-07-27 18:24:05.832 [Test worker] TRACE org.hibernate.orm.jdbc.bind - binding parameter (2:VARCHAR) <- [woody@codeit.com]
26-07-27 18:24:05.832 [Test worker] TRACE org.hibernate.orm.jdbc.bind - binding parameter (3:VARCHAR) <- [password1]
26-07-27 18:24:05.832 [Test worker] TRACE org.hibernate.orm.jdbc.bind - binding parameter (4:UUID) <- [null]
26-07-27 18:24:05.832 [Test worker] TRACE org.hibernate.orm.jdbc.bind - binding parameter (5:TIMESTAMP_UTC) <- [2026-07-27T09:24:05.828616Z]
26-07-27 18:24:05.832 [Test worker] TRACE org.hibernate.orm.jdbc.bind - binding parameter (6:VARCHAR) <- [woody]
26-07-27 18:24:05.832 [Test worker] TRACE org.hibernate.orm.jdbc.bind - binding parameter (7:UUID) <- [9c746946-f300-44af-8d78-ea46d52a6bfd]
26-07-27 18:24:05.832 [Test worker] INFO  p6spy - #1785144245832 | took 0ms | statement | connection 22| url jdbc:h2:mem:84124342-06be-41c7-92aa-3c80d3324794
insert into users (created_at,email,password,profile_id,updated_at,username,id) values (?,?,?,?,?,?,?)
insert into users (created_at,email,password,profile_id,updated_at,username,id) values ('2026-07-27T09:24:05.828616Z','woody@codeit.com','password1',NULL,'2026-07-27T09:24:05.828616Z','woody','9c746946-f300-44af-8d78-ea46d52a6bfd');
26-07-27 18:24:05.833 [Test worker] DEBUG org.hibernate.SQL - 
    insert 
    into
        channels
        (created_at, description, name, type, updated_at, id) 
    values
        (?, ?, ?, ?, ?, ?)
26-07-27 18:24:05.833 [Test worker] TRACE org.hibernate.orm.jdbc.bind - binding parameter (1:TIMESTAMP_UTC) <- [2026-07-27T09:24:05.829120Z]
26-07-27 18:24:05.833 [Test worker] TRACE org.hibernate.orm.jdbc.bind - binding parameter (2:VARCHAR) <- [general channel]
26-07-27 18:24:05.833 [Test worker] TRACE org.hibernate.orm.jdbc.bind - binding parameter (3:VARCHAR) <- [general]
26-07-27 18:24:05.833 [Test worker] TRACE org.hibernate.orm.jdbc.bind - binding parameter (4:ENUM) <- [PUBLIC]
26-07-27 18:24:05.833 [Test worker] TRACE org.hibernate.orm.jdbc.bind - binding parameter (5:TIMESTAMP_UTC) <- [2026-07-27T09:24:05.829120Z]
26-07-27 18:24:05.833 [Test worker] TRACE org.hibernate.orm.jdbc.bind - binding parameter (6:UUID) <- [fa98c50a-8044-42c4-aaea-10a719f1fac5]
26-07-27 18:24:05.833 [Test worker] INFO  p6spy - #1785144245833 | took 0ms | statement | connection 22| url jdbc:h2:mem:84124342-06be-41c7-92aa-3c80d3324794
insert into channels (created_at,description,name,type,updated_at,id) values (?,?,?,?,?,?)
insert into channels (created_at,description,name,type,updated_at,id) values ('2026-07-27T09:24:05.829120Z','general channel','general','PUBLIC','2026-07-27T09:24:05.829120Z','fa98c50a-8044-42c4-aaea-10a719f1fac5');
26-07-27 18:24:05.833 [Test worker] DEBUG org.hibernate.SQL - 
    insert 
    into
        messages
        (author_id, channel_id, content, created_at, updated_at, id) 
    values
        (?, ?, ?, ?, ?, ?)
26-07-27 18:24:05.834 [Test worker] TRACE org.hibernate.orm.jdbc.bind - binding parameter (1:UUID) <- [9c746946-f300-44af-8d78-ea46d52a6bfd]
26-07-27 18:24:05.834 [Test worker] TRACE org.hibernate.orm.jdbc.bind - binding parameter (2:UUID) <- [fa98c50a-8044-42c4-aaea-10a719f1fac5]
26-07-27 18:24:05.834 [Test worker] TRACE org.hibernate.orm.jdbc.bind - binding parameter (3:VARCHAR) <- [first]
26-07-27 18:24:05.834 [Test worker] TRACE org.hibernate.orm.jdbc.bind - binding parameter (4:TIMESTAMP_UTC) <- [2026-07-27T09:24:05.830700Z]
26-07-27 18:24:05.834 [Test worker] TRACE org.hibernate.orm.jdbc.bind - binding parameter (5:TIMESTAMP_UTC) <- [2026-07-27T09:24:05.830700Z]
26-07-27 18:24:05.834 [Test worker] TRACE org.hibernate.orm.jdbc.bind - binding parameter (6:UUID) <- [e22a5c51-e0be-4fa3-80b8-ea3405095645]
26-07-27 18:24:05.834 [Test worker] INFO  p6spy - #1785144245834 | took 0ms | statement | connection 22| url jdbc:h2:mem:84124342-06be-41c7-92aa-3c80d3324794
insert into messages (author_id,channel_id,content,created_at,updated_at,id) values (?,?,?,?,?,?)
insert into messages (author_id,channel_id,content,created_at,updated_at,id) values ('9c746946-f300-44af-8d78-ea46d52a6bfd','fa98c50a-8044-42c4-aaea-10a719f1fac5','first','2026-07-27T09:24:05.830700Z','2026-07-27T09:24:05.830700Z','e22a5c51-e0be-4fa3-80b8-ea3405095645');
26-07-27 18:24:05.834 [Test worker] DEBUG org.hibernate.SQL - 
    insert 
    into
        messages
        (author_id, channel_id, content, created_at, updated_at, id) 
    values
        (?, ?, ?, ?, ?, ?)
26-07-27 18:24:05.834 [Test worker] TRACE org.hibernate.orm.jdbc.bind - binding parameter (1:UUID) <- [9c746946-f300-44af-8d78-ea46d52a6bfd]
26-07-27 18:24:05.834 [Test worker] TRACE org.hibernate.orm.jdbc.bind - binding parameter (2:UUID) <- [fa98c50a-8044-42c4-aaea-10a719f1fac5]
26-07-27 18:24:05.834 [Test worker] TRACE org.hibernate.orm.jdbc.bind - binding parameter (3:VARCHAR) <- [second]
26-07-27 18:24:05.834 [Test worker] TRACE org.hibernate.orm.jdbc.bind - binding parameter (4:TIMESTAMP_UTC) <- [2026-07-27T09:24:05.830922Z]
26-07-27 18:24:05.834 [Test worker] TRACE org.hibernate.orm.jdbc.bind - binding parameter (5:TIMESTAMP_UTC) <- [2026-07-27T09:24:05.830922Z]
26-07-27 18:24:05.834 [Test worker] TRACE org.hibernate.orm.jdbc.bind - binding parameter (6:UUID) <- [2e6e422a-1882-4693-add3-3a8870b0742a]
26-07-27 18:24:05.834 [Test worker] INFO  p6spy - #1785144245834 | took 0ms | statement | connection 22| url jdbc:h2:mem:84124342-06be-41c7-92aa-3c80d3324794
insert into messages (author_id,channel_id,content,created_at,updated_at,id) values (?,?,?,?,?,?)
insert into messages (author_id,channel_id,content,created_at,updated_at,id) values ('9c746946-f300-44af-8d78-ea46d52a6bfd','fa98c50a-8044-42c4-aaea-10a719f1fac5','second','2026-07-27T09:24:05.830922Z','2026-07-27T09:24:05.830922Z','2e6e422a-1882-4693-add3-3a8870b0742a');
26-07-27 18:24:05.835 [Test worker] DEBUG org.hibernate.SQL - 
    insert 
    into
        messages
        (author_id, channel_id, content, created_at, updated_at, id) 
    values
        (?, ?, ?, ?, ?, ?)
26-07-27 18:24:05.835 [Test worker] TRACE org.hibernate.orm.jdbc.bind - binding parameter (1:UUID) <- [9c746946-f300-44af-8d78-ea46d52a6bfd]
26-07-27 18:24:05.835 [Test worker] TRACE org.hibernate.orm.jdbc.bind - binding parameter (2:UUID) <- [fa98c50a-8044-42c4-aaea-10a719f1fac5]
26-07-27 18:24:05.835 [Test worker] TRACE org.hibernate.orm.jdbc.bind - binding parameter (3:VARCHAR) <- [third]
26-07-27 18:24:05.835 [Test worker] TRACE org.hibernate.orm.jdbc.bind - binding parameter (4:TIMESTAMP_UTC) <- [2026-07-27T09:24:05.831055Z]
26-07-27 18:24:05.835 [Test worker] TRACE org.hibernate.orm.jdbc.bind - binding parameter (5:TIMESTAMP_UTC) <- [2026-07-27T09:24:05.831055Z]
26-07-27 18:24:05.835 [Test worker] TRACE org.hibernate.orm.jdbc.bind - binding parameter (6:UUID) <- [ae226f5c-2931-4fb9-92f0-b20c253c73b2]
26-07-27 18:24:05.835 [Test worker] INFO  p6spy - #1785144245835 | took 0ms | statement | connection 22| url jdbc:h2:mem:84124342-06be-41c7-92aa-3c80d3324794
insert into messages (author_id,channel_id,content,created_at,updated_at,id) values (?,?,?,?,?,?)
insert into messages (author_id,channel_id,content,created_at,updated_at,id) values ('9c746946-f300-44af-8d78-ea46d52a6bfd','fa98c50a-8044-42c4-aaea-10a719f1fac5','third','2026-07-27T09:24:05.831055Z','2026-07-27T09:24:05.831055Z','ae226f5c-2931-4fb9-92f0-b20c253c73b2');
26-07-27 18:24:05.839 [Test worker] DEBUG org.hibernate.SQL - 
    select
        m1_0.id,
        a1_0.id,
        a1_0.created_at,
        a1_0.email,
        a1_0.password,
        p1_0.id,
        p1_0.content_type,
        p1_0.created_at,
        p1_0.file_name,
        p1_0.size,
        a1_0.updated_at,
        a1_0.username,
        m1_0.channel_id,
        m1_0.content,
        m1_0.created_at,
        m1_0.updated_at 
    from
        messages m1_0 
    left join
        users a1_0 
            on a1_0.id=m1_0.author_id 
    left join
        binary_contents p1_0 
            on p1_0.id=a1_0.profile_id 
    where
        m1_0.channel_id=? 
        and (
            ? is null 
            or m1_0.created_at<?
        ) 
    order by
        m1_0.created_at desc 
    fetch
        first ? rows only
26-07-27 18:24:05.841 [Test worker] TRACE org.hibernate.orm.jdbc.bind - binding parameter (1:UUID) <- [fa98c50a-8044-42c4-aaea-10a719f1fac5]
26-07-27 18:24:05.841 [Test worker] TRACE org.hibernate.orm.jdbc.bind - binding parameter (2:TIMESTAMP_UTC) <- [2026-07-27T09:24:05.830922Z]
26-07-27 18:24:05.841 [Test worker] TRACE org.hibernate.orm.jdbc.bind - binding parameter (3:TIMESTAMP_UTC) <- [2026-07-27T09:24:05.830922Z]
26-07-27 18:24:05.841 [Test worker] TRACE org.hibernate.orm.jdbc.bind - binding parameter (4:INTEGER) <- [10]
26-07-27 18:24:05.841 [Test worker] INFO  p6spy - #1785144245841 | took 0ms | statement | connection 22| url jdbc:h2:mem:84124342-06be-41c7-92aa-3c80d3324794
select m1_0.id,a1_0.id,a1_0.created_at,a1_0.email,a1_0.password,p1_0.id,p1_0.content_type,p1_0.created_at,p1_0.file_name,p1_0.size,a1_0.updated_at,a1_0.username,m1_0.channel_id,m1_0.content,m1_0.created_at,m1_0.updated_at from messages m1_0 left join users a1_0 on a1_0.id=m1_0.author_id left join binary_contents p1_0 on p1_0.id=a1_0.profile_id where m1_0.channel_id=? and (? is null or m1_0.created_at<?) order by m1_0.created_at desc fetch first ? rows only
select m1_0.id,a1_0.id,a1_0.created_at,a1_0.email,a1_0.password,p1_0.id,p1_0.content_type,p1_0.created_at,p1_0.file_name,p1_0.size,a1_0.updated_at,a1_0.username,m1_0.channel_id,m1_0.content,m1_0.created_at,m1_0.updated_at from messages m1_0 left join users a1_0 on a1_0.id=m1_0.author_id left join binary_contents p1_0 on p1_0.id=a1_0.profile_id where m1_0.channel_id='fa98c50a-8044-42c4-aaea-10a719f1fac5' and ('2026-07-27T09:24:05.830922Z' is null or m1_0.created_at<'2026-07-27T09:24:05.830922Z') order by m1_0.created_at desc fetch first 10 rows only;
26-07-27 18:24:05.845 [Test worker] INFO  p6spy - #1785144245845 | took 0ms | rollback | connection 22| url jdbc:h2:mem:84124342-06be-41c7-92aa-3c80d3324794

;
26-07-27 18:24:05.850 [Test worker] DEBUG org.hibernate.SQL - 
    insert 
    into
        users
        (created_at, email, password, profile_id, updated_at, username, id) 
    values
        (?, ?, ?, ?, ?, ?, ?)
26-07-27 18:24:05.850 [Test worker] TRACE org.hibernate.orm.jdbc.bind - binding parameter (1:TIMESTAMP_UTC) <- [2026-07-27T09:24:05.849184Z]
26-07-27 18:24:05.850 [Test worker] TRACE org.hibernate.orm.jdbc.bind - binding parameter (2:VARCHAR) <- [woody@codeit.com]
26-07-27 18:24:05.850 [Test worker] TRACE org.hibernate.orm.jdbc.bind - binding parameter (3:VARCHAR) <- [password1]
26-07-27 18:24:05.850 [Test worker] TRACE org.hibernate.orm.jdbc.bind - binding parameter (4:UUID) <- [null]
26-07-27 18:24:05.850 [Test worker] TRACE org.hibernate.orm.jdbc.bind - binding parameter (5:TIMESTAMP_UTC) <- [2026-07-27T09:24:05.849184Z]
26-07-27 18:24:05.850 [Test worker] TRACE org.hibernate.orm.jdbc.bind - binding parameter (6:VARCHAR) <- [woody]
26-07-27 18:24:05.850 [Test worker] TRACE org.hibernate.orm.jdbc.bind - binding parameter (7:UUID) <- [3c3d060d-6bb0-4b4a-9d20-7b01f8197415]
26-07-27 18:24:05.851 [Test worker] INFO  p6spy - #1785144245851 | took 0ms | statement | connection 23| url jdbc:h2:mem:84124342-06be-41c7-92aa-3c80d3324794
insert into users (created_at,email,password,profile_id,updated_at,username,id) values (?,?,?,?,?,?,?)
insert into users (created_at,email,password,profile_id,updated_at,username,id) values ('2026-07-27T09:24:05.849184Z','woody@codeit.com','password1',NULL,'2026-07-27T09:24:05.849184Z','woody','3c3d060d-6bb0-4b4a-9d20-7b01f8197415');
26-07-27 18:24:05.851 [Test worker] DEBUG org.hibernate.SQL - 
    insert 
    into
        channels
        (created_at, description, name, type, updated_at, id) 
    values
        (?, ?, ?, ?, ?, ?)
26-07-27 18:24:05.851 [Test worker] TRACE org.hibernate.orm.jdbc.bind - binding parameter (1:TIMESTAMP_UTC) <- [2026-07-27T09:24:05.849406Z]
26-07-27 18:24:05.852 [Test worker] TRACE org.hibernate.orm.jdbc.bind - binding parameter (2:VARCHAR) <- [general channel]
26-07-27 18:24:05.852 [Test worker] TRACE org.hibernate.orm.jdbc.bind - binding parameter (3:VARCHAR) <- [general]
26-07-27 18:24:05.852 [Test worker] TRACE org.hibernate.orm.jdbc.bind - binding parameter (4:ENUM) <- [PUBLIC]
26-07-27 18:24:05.852 [Test worker] TRACE org.hibernate.orm.jdbc.bind - binding parameter (5:TIMESTAMP_UTC) <- [2026-07-27T09:24:05.849406Z]
26-07-27 18:24:05.852 [Test worker] TRACE org.hibernate.orm.jdbc.bind - binding parameter (6:UUID) <- [965e8faa-e896-4d5b-b1fd-c403383ac66c]
26-07-27 18:24:05.852 [Test worker] INFO  p6spy - #1785144245852 | took 0ms | statement | connection 23| url jdbc:h2:mem:84124342-06be-41c7-92aa-3c80d3324794
insert into channels (created_at,description,name,type,updated_at,id) values (?,?,?,?,?,?)
insert into channels (created_at,description,name,type,updated_at,id) values ('2026-07-27T09:24:05.849406Z','general channel','general','PUBLIC','2026-07-27T09:24:05.849406Z','965e8faa-e896-4d5b-b1fd-c403383ac66c');
26-07-27 18:24:05.852 [Test worker] DEBUG org.hibernate.SQL - 
    insert 
    into
        messages
        (author_id, channel_id, content, created_at, updated_at, id) 
    values
        (?, ?, ?, ?, ?, ?)
26-07-27 18:24:05.852 [Test worker] TRACE org.hibernate.orm.jdbc.bind - binding parameter (1:UUID) <- [3c3d060d-6bb0-4b4a-9d20-7b01f8197415]
26-07-27 18:24:05.852 [Test worker] TRACE org.hibernate.orm.jdbc.bind - binding parameter (2:UUID) <- [965e8faa-e896-4d5b-b1fd-c403383ac66c]
26-07-27 18:24:05.852 [Test worker] TRACE org.hibernate.orm.jdbc.bind - binding parameter (3:VARCHAR) <- [first]
26-07-27 18:24:05.852 [Test worker] TRACE org.hibernate.orm.jdbc.bind - binding parameter (4:TIMESTAMP_UTC) <- [2026-07-27T09:24:05.849666Z]
26-07-27 18:24:05.852 [Test worker] TRACE org.hibernate.orm.jdbc.bind - binding parameter (5:TIMESTAMP_UTC) <- [2026-07-27T09:24:05.849666Z]
26-07-27 18:24:05.852 [Test worker] TRACE org.hibernate.orm.jdbc.bind - binding parameter (6:UUID) <- [b41ff697-4df3-44c9-ba9d-4a06925c5663]
26-07-27 18:24:05.853 [Test worker] INFO  p6spy - #1785144245852 | took 0ms | statement | connection 23| url jdbc:h2:mem:84124342-06be-41c7-92aa-3c80d3324794
insert into messages (author_id,channel_id,content,created_at,updated_at,id) values (?,?,?,?,?,?)
insert into messages (author_id,channel_id,content,created_at,updated_at,id) values ('3c3d060d-6bb0-4b4a-9d20-7b01f8197415','965e8faa-e896-4d5b-b1fd-c403383ac66c','first','2026-07-27T09:24:05.849666Z','2026-07-27T09:24:05.849666Z','b41ff697-4df3-44c9-ba9d-4a06925c5663');
26-07-27 18:24:05.853 [Test worker] DEBUG org.hibernate.SQL - 
    insert 
    into
        messages
        (author_id, channel_id, content, created_at, updated_at, id) 
    values
        (?, ?, ?, ?, ?, ?)
26-07-27 18:24:05.853 [Test worker] TRACE org.hibernate.orm.jdbc.bind - binding parameter (1:UUID) <- [3c3d060d-6bb0-4b4a-9d20-7b01f8197415]
26-07-27 18:24:05.853 [Test worker] TRACE org.hibernate.orm.jdbc.bind - binding parameter (2:UUID) <- [965e8faa-e896-4d5b-b1fd-c403383ac66c]
26-07-27 18:24:05.853 [Test worker] TRACE org.hibernate.orm.jdbc.bind - binding parameter (3:VARCHAR) <- [second]
26-07-27 18:24:05.853 [Test worker] TRACE org.hibernate.orm.jdbc.bind - binding parameter (4:TIMESTAMP_UTC) <- [2026-07-27T09:24:05.849812Z]
26-07-27 18:24:05.853 [Test worker] TRACE org.hibernate.orm.jdbc.bind - binding parameter (5:TIMESTAMP_UTC) <- [2026-07-27T09:24:05.849812Z]
26-07-27 18:24:05.853 [Test worker] TRACE org.hibernate.orm.jdbc.bind - binding parameter (6:UUID) <- [bcb92154-63f1-48cb-88bf-b1b3b023f5fd]
26-07-27 18:24:05.853 [Test worker] INFO  p6spy - #1785144245853 | took 0ms | statement | connection 23| url jdbc:h2:mem:84124342-06be-41c7-92aa-3c80d3324794
insert into messages (author_id,channel_id,content,created_at,updated_at,id) values (?,?,?,?,?,?)
insert into messages (author_id,channel_id,content,created_at,updated_at,id) values ('3c3d060d-6bb0-4b4a-9d20-7b01f8197415','965e8faa-e896-4d5b-b1fd-c403383ac66c','second','2026-07-27T09:24:05.849812Z','2026-07-27T09:24:05.849812Z','bcb92154-63f1-48cb-88bf-b1b3b023f5fd');
26-07-27 18:24:05.853 [Test worker] DEBUG org.hibernate.SQL - 
    insert 
    into
        messages
        (author_id, channel_id, content, created_at, updated_at, id) 
    values
        (?, ?, ?, ?, ?, ?)
26-07-27 18:24:05.853 [Test worker] TRACE org.hibernate.orm.jdbc.bind - binding parameter (1:UUID) <- [3c3d060d-6bb0-4b4a-9d20-7b01f8197415]
26-07-27 18:24:05.853 [Test worker] TRACE org.hibernate.orm.jdbc.bind - binding parameter (2:UUID) <- [965e8faa-e896-4d5b-b1fd-c403383ac66c]
26-07-27 18:24:05.853 [Test worker] TRACE org.hibernate.orm.jdbc.bind - binding parameter (3:VARCHAR) <- [third]
26-07-27 18:24:05.854 [Test worker] TRACE org.hibernate.orm.jdbc.bind - binding parameter (4:TIMESTAMP_UTC) <- [2026-07-27T09:24:05.849918Z]
26-07-27 18:24:05.854 [Test worker] TRACE org.hibernate.orm.jdbc.bind - binding parameter (5:TIMESTAMP_UTC) <- [2026-07-27T09:24:05.849918Z]
26-07-27 18:24:05.854 [Test worker] TRACE org.hibernate.orm.jdbc.bind - binding parameter (6:UUID) <- [3dec3620-ddfc-4795-89a8-a110bb2b10b5]
26-07-27 18:24:05.854 [Test worker] INFO  p6spy - #1785144245854 | took 0ms | statement | connection 23| url jdbc:h2:mem:84124342-06be-41c7-92aa-3c80d3324794
insert into messages (author_id,channel_id,content,created_at,updated_at,id) values (?,?,?,?,?,?)
insert into messages (author_id,channel_id,content,created_at,updated_at,id) values ('3c3d060d-6bb0-4b4a-9d20-7b01f8197415','965e8faa-e896-4d5b-b1fd-c403383ac66c','third','2026-07-27T09:24:05.849918Z','2026-07-27T09:24:05.849918Z','3dec3620-ddfc-4795-89a8-a110bb2b10b5');
26-07-27 18:24:05.855 [Test worker] DEBUG org.hibernate.SQL - 
    select
        m1_0.id,
        a1_0.id,
        a1_0.created_at,
        a1_0.email,
        a1_0.password,
        p1_0.id,
        p1_0.content_type,
        p1_0.created_at,
        p1_0.file_name,
        p1_0.size,
        a1_0.updated_at,
        a1_0.username,
        m1_0.channel_id,
        m1_0.content,
        m1_0.created_at,
        m1_0.updated_at 
    from
        messages m1_0 
    left join
        users a1_0 
            on a1_0.id=m1_0.author_id 
    left join
        binary_contents p1_0 
            on p1_0.id=a1_0.profile_id 
    where
        m1_0.channel_id=? 
        and (
            ? is null 
            or m1_0.created_at<?
        ) 
    order by
        m1_0.created_at desc 
    fetch
        first ? rows only
26-07-27 18:24:05.856 [Test worker] TRACE org.hibernate.orm.jdbc.bind - binding parameter (1:UUID) <- [965e8faa-e896-4d5b-b1fd-c403383ac66c]
26-07-27 18:24:05.856 [Test worker] TRACE org.hibernate.orm.jdbc.bind - binding parameter (2:TIMESTAMP_UTC) <- [null]
26-07-27 18:24:05.856 [Test worker] TRACE org.hibernate.orm.jdbc.bind - binding parameter (3:TIMESTAMP_UTC) <- [null]
26-07-27 18:24:05.856 [Test worker] TRACE org.hibernate.orm.jdbc.bind - binding parameter (4:INTEGER) <- [10]
26-07-27 18:24:05.856 [Test worker] INFO  p6spy - #1785144245856 | took 0ms | statement | connection 23| url jdbc:h2:mem:84124342-06be-41c7-92aa-3c80d3324794
select m1_0.id,a1_0.id,a1_0.created_at,a1_0.email,a1_0.password,p1_0.id,p1_0.content_type,p1_0.created_at,p1_0.file_name,p1_0.size,a1_0.updated_at,a1_0.username,m1_0.channel_id,m1_0.content,m1_0.created_at,m1_0.updated_at from messages m1_0 left join users a1_0 on a1_0.id=m1_0.author_id left join binary_contents p1_0 on p1_0.id=a1_0.profile_id where m1_0.channel_id=? and (? is null or m1_0.created_at<?) order by m1_0.created_at desc fetch first ? rows only
select m1_0.id,a1_0.id,a1_0.created_at,a1_0.email,a1_0.password,p1_0.id,p1_0.content_type,p1_0.created_at,p1_0.file_name,p1_0.size,a1_0.updated_at,a1_0.username,m1_0.channel_id,m1_0.content,m1_0.created_at,m1_0.updated_at from messages m1_0 left join users a1_0 on a1_0.id=m1_0.author_id left join binary_contents p1_0 on p1_0.id=a1_0.profile_id where m1_0.channel_id='965e8faa-e896-4d5b-b1fd-c403383ac66c' and (NULL is null or m1_0.created_at<NULL) order by m1_0.created_at desc fetch first 10 rows only;
26-07-27 18:24:05.860 [Test worker] INFO  p6spy - #1785144245860 | took 0ms | rollback | connection 23| url jdbc:h2:mem:84124342-06be-41c7-92aa-3c80d3324794

;
26-07-27 18:24:05.867 [Test worker] DEBUG org.hibernate.SQL - 
    insert 
    into
        users
        (created_at, email, password, profile_id, updated_at, username, id) 
    values
        (?, ?, ?, ?, ?, ?, ?)
26-07-27 18:24:05.867 [Test worker] TRACE org.hibernate.orm.jdbc.bind - binding parameter (1:TIMESTAMP_UTC) <- [2026-07-27T09:24:05.865923Z]
26-07-27 18:24:05.867 [Test worker] TRACE org.hibernate.orm.jdbc.bind - binding parameter (2:VARCHAR) <- [woody@codeit.com]
26-07-27 18:24:05.867 [Test worker] TRACE org.hibernate.orm.jdbc.bind - binding parameter (3:VARCHAR) <- [password1]
26-07-27 18:24:05.867 [Test worker] TRACE org.hibernate.orm.jdbc.bind - binding parameter (4:UUID) <- [null]
26-07-27 18:24:05.867 [Test worker] TRACE org.hibernate.orm.jdbc.bind - binding parameter (5:TIMESTAMP_UTC) <- [2026-07-27T09:24:05.865923Z]
26-07-27 18:24:05.867 [Test worker] TRACE org.hibernate.orm.jdbc.bind - binding parameter (6:VARCHAR) <- [woody]
26-07-27 18:24:05.867 [Test worker] TRACE org.hibernate.orm.jdbc.bind - binding parameter (7:UUID) <- [73adda92-0ab0-4024-af31-f28b1b24fb52]
26-07-27 18:24:05.868 [Test worker] INFO  p6spy - #1785144245868 | took 0ms | statement | connection 24| url jdbc:h2:mem:84124342-06be-41c7-92aa-3c80d3324794
insert into users (created_at,email,password,profile_id,updated_at,username,id) values (?,?,?,?,?,?,?)
insert into users (created_at,email,password,profile_id,updated_at,username,id) values ('2026-07-27T09:24:05.865923Z','woody@codeit.com','password1',NULL,'2026-07-27T09:24:05.865923Z','woody','73adda92-0ab0-4024-af31-f28b1b24fb52');
26-07-27 18:24:05.868 [Test worker] DEBUG org.hibernate.SQL - 
    insert 
    into
        channels
        (created_at, description, name, type, updated_at, id) 
    values
        (?, ?, ?, ?, ?, ?)
26-07-27 18:24:05.869 [Test worker] TRACE org.hibernate.orm.jdbc.bind - binding parameter (1:TIMESTAMP_UTC) <- [2026-07-27T09:24:05.866162Z]
26-07-27 18:24:05.869 [Test worker] TRACE org.hibernate.orm.jdbc.bind - binding parameter (2:VARCHAR) <- [general channel]
26-07-27 18:24:05.869 [Test worker] TRACE org.hibernate.orm.jdbc.bind - binding parameter (3:VARCHAR) <- [general]
26-07-27 18:24:05.869 [Test worker] TRACE org.hibernate.orm.jdbc.bind - binding parameter (4:ENUM) <- [PUBLIC]
26-07-27 18:24:05.869 [Test worker] TRACE org.hibernate.orm.jdbc.bind - binding parameter (5:TIMESTAMP_UTC) <- [2026-07-27T09:24:05.866162Z]
26-07-27 18:24:05.869 [Test worker] TRACE org.hibernate.orm.jdbc.bind - binding parameter (6:UUID) <- [b1ebb13f-3f0a-4139-9e85-d98699140dd4]
26-07-27 18:24:05.869 [Test worker] INFO  p6spy - #1785144245869 | took 0ms | statement | connection 24| url jdbc:h2:mem:84124342-06be-41c7-92aa-3c80d3324794
insert into channels (created_at,description,name,type,updated_at,id) values (?,?,?,?,?,?)
insert into channels (created_at,description,name,type,updated_at,id) values ('2026-07-27T09:24:05.866162Z','general channel','general','PUBLIC','2026-07-27T09:24:05.866162Z','b1ebb13f-3f0a-4139-9e85-d98699140dd4');
26-07-27 18:24:05.869 [Test worker] DEBUG org.hibernate.SQL - 
    insert 
    into
        messages
        (author_id, channel_id, content, created_at, updated_at, id) 
    values
        (?, ?, ?, ?, ?, ?)
26-07-27 18:24:05.869 [Test worker] TRACE org.hibernate.orm.jdbc.bind - binding parameter (1:UUID) <- [73adda92-0ab0-4024-af31-f28b1b24fb52]
26-07-27 18:24:05.869 [Test worker] TRACE org.hibernate.orm.jdbc.bind - binding parameter (2:UUID) <- [b1ebb13f-3f0a-4139-9e85-d98699140dd4]
26-07-27 18:24:05.869 [Test worker] TRACE org.hibernate.orm.jdbc.bind - binding parameter (3:VARCHAR) <- [first]
26-07-27 18:24:05.869 [Test worker] TRACE org.hibernate.orm.jdbc.bind - binding parameter (4:TIMESTAMP_UTC) <- [2026-07-27T09:24:05.866559Z]
26-07-27 18:24:05.869 [Test worker] TRACE org.hibernate.orm.jdbc.bind - binding parameter (5:TIMESTAMP_UTC) <- [2026-07-27T09:24:05.866559Z]
26-07-27 18:24:05.869 [Test worker] TRACE org.hibernate.orm.jdbc.bind - binding parameter (6:UUID) <- [d4ff88f5-e8e8-4eb7-a971-418bfd61e632]
26-07-27 18:24:05.870 [Test worker] INFO  p6spy - #1785144245870 | took 0ms | statement | connection 24| url jdbc:h2:mem:84124342-06be-41c7-92aa-3c80d3324794
insert into messages (author_id,channel_id,content,created_at,updated_at,id) values (?,?,?,?,?,?)
insert into messages (author_id,channel_id,content,created_at,updated_at,id) values ('73adda92-0ab0-4024-af31-f28b1b24fb52','b1ebb13f-3f0a-4139-9e85-d98699140dd4','first','2026-07-27T09:24:05.866559Z','2026-07-27T09:24:05.866559Z','d4ff88f5-e8e8-4eb7-a971-418bfd61e632');
26-07-27 18:24:05.870 [Test worker] DEBUG org.hibernate.SQL - 
    insert 
    into
        messages
        (author_id, channel_id, content, created_at, updated_at, id) 
    values
        (?, ?, ?, ?, ?, ?)
26-07-27 18:24:05.870 [Test worker] TRACE org.hibernate.orm.jdbc.bind - binding parameter (1:UUID) <- [73adda92-0ab0-4024-af31-f28b1b24fb52]
26-07-27 18:24:05.870 [Test worker] TRACE org.hibernate.orm.jdbc.bind - binding parameter (2:UUID) <- [b1ebb13f-3f0a-4139-9e85-d98699140dd4]
26-07-27 18:24:05.870 [Test worker] TRACE org.hibernate.orm.jdbc.bind - binding parameter (3:VARCHAR) <- [second]
26-07-27 18:24:05.870 [Test worker] TRACE org.hibernate.orm.jdbc.bind - binding parameter (4:TIMESTAMP_UTC) <- [2026-07-27T09:24:05.866726Z]
26-07-27 18:24:05.870 [Test worker] TRACE org.hibernate.orm.jdbc.bind - binding parameter (5:TIMESTAMP_UTC) <- [2026-07-27T09:24:05.866726Z]
26-07-27 18:24:05.870 [Test worker] TRACE org.hibernate.orm.jdbc.bind - binding parameter (6:UUID) <- [8ff396e0-210b-4e9d-867f-9197f61c3b49]
26-07-27 18:24:05.870 [Test worker] INFO  p6spy - #1785144245870 | took 0ms | statement | connection 24| url jdbc:h2:mem:84124342-06be-41c7-92aa-3c80d3324794
insert into messages (author_id,channel_id,content,created_at,updated_at,id) values (?,?,?,?,?,?)
insert into messages (author_id,channel_id,content,created_at,updated_at,id) values ('73adda92-0ab0-4024-af31-f28b1b24fb52','b1ebb13f-3f0a-4139-9e85-d98699140dd4','second','2026-07-27T09:24:05.866726Z','2026-07-27T09:24:05.866726Z','8ff396e0-210b-4e9d-867f-9197f61c3b49');
26-07-27 18:24:05.870 [Test worker] DEBUG org.hibernate.SQL - 
    insert 
    into
        messages
        (author_id, channel_id, content, created_at, updated_at, id) 
    values
        (?, ?, ?, ?, ?, ?)
26-07-27 18:24:05.871 [Test worker] TRACE org.hibernate.orm.jdbc.bind - binding parameter (1:UUID) <- [73adda92-0ab0-4024-af31-f28b1b24fb52]
26-07-27 18:24:05.871 [Test worker] TRACE org.hibernate.orm.jdbc.bind - binding parameter (2:UUID) <- [b1ebb13f-3f0a-4139-9e85-d98699140dd4]
26-07-27 18:24:05.871 [Test worker] TRACE org.hibernate.orm.jdbc.bind - binding parameter (3:VARCHAR) <- [third]
26-07-27 18:24:05.871 [Test worker] TRACE org.hibernate.orm.jdbc.bind - binding parameter (4:TIMESTAMP_UTC) <- [2026-07-27T09:24:05.866833Z]
26-07-27 18:24:05.871 [Test worker] TRACE org.hibernate.orm.jdbc.bind - binding parameter (5:TIMESTAMP_UTC) <- [2026-07-27T09:24:05.866833Z]
26-07-27 18:24:05.871 [Test worker] TRACE org.hibernate.orm.jdbc.bind - binding parameter (6:UUID) <- [f6478c04-746d-45f5-80f7-5de710ea15d7]
26-07-27 18:24:05.871 [Test worker] INFO  p6spy - #1785144245871 | took 0ms | statement | connection 24| url jdbc:h2:mem:84124342-06be-41c7-92aa-3c80d3324794
insert into messages (author_id,channel_id,content,created_at,updated_at,id) values (?,?,?,?,?,?)
insert into messages (author_id,channel_id,content,created_at,updated_at,id) values ('73adda92-0ab0-4024-af31-f28b1b24fb52','b1ebb13f-3f0a-4139-9e85-d98699140dd4','third','2026-07-27T09:24:05.866833Z','2026-07-27T09:24:05.866833Z','f6478c04-746d-45f5-80f7-5de710ea15d7');
26-07-27 18:24:05.874 [Test worker] DEBUG org.hibernate.SQL - 
    select
        m1_0.channel_id,
        max(m1_0.created_at) 
    from
        messages m1_0 
    where
        m1_0.channel_id in (?) 
    group by
        m1_0.channel_id
26-07-27 18:24:05.875 [Test worker] TRACE org.hibernate.orm.jdbc.bind - binding parameter (1:UUID) <- [b1ebb13f-3f0a-4139-9e85-d98699140dd4]
26-07-27 18:24:05.876 [Test worker] INFO  p6spy - #1785144245876 | took 0ms | statement | connection 24| url jdbc:h2:mem:84124342-06be-41c7-92aa-3c80d3324794
select m1_0.channel_id,max(m1_0.created_at) from messages m1_0 where m1_0.channel_id in (?) group by m1_0.channel_id
select m1_0.channel_id,max(m1_0.created_at) from messages m1_0 where m1_0.channel_id in ('b1ebb13f-3f0a-4139-9e85-d98699140dd4') group by m1_0.channel_id;
26-07-27 18:24:05.882 [Test worker] INFO  p6spy - #1785144245882 | took 0ms | rollback | connection 24| url jdbc:h2:mem:84124342-06be-41c7-92aa-3c80d3324794

;
26-07-27 18:24:05.887 [Test worker] DEBUG org.hibernate.SQL - 
    select
        m1_0.id,
        m1_0.author_id,
        m1_0.channel_id,
        m1_0.content,
        m1_0.created_at,
        m1_0.updated_at 
    from
        messages m1_0 
    left join
        channels c1_0 
            on c1_0.id=m1_0.channel_id 
    where
        c1_0.id=?
26-07-27 18:24:05.888 [Test worker] TRACE org.hibernate.orm.jdbc.bind - binding parameter (1:UUID) <- [7ebc34f2-84cf-49be-9d22-0a70212d46c5]
26-07-27 18:24:05.888 [Test worker] INFO  p6spy - #1785144245888 | took 0ms | statement | connection 25| url jdbc:h2:mem:84124342-06be-41c7-92aa-3c80d3324794
select m1_0.id,m1_0.author_id,m1_0.channel_id,m1_0.content,m1_0.created_at,m1_0.updated_at from messages m1_0 left join channels c1_0 on c1_0.id=m1_0.channel_id where c1_0.id=?
select m1_0.id,m1_0.author_id,m1_0.channel_id,m1_0.content,m1_0.created_at,m1_0.updated_at from messages m1_0 left join channels c1_0 on c1_0.id=m1_0.channel_id where c1_0.id='7ebc34f2-84cf-49be-9d22-0a70212d46c5';
26-07-27 18:24:05.892 [Test worker] INFO  p6spy - #1785144245892 | took 0ms | rollback | connection 25| url jdbc:h2:mem:84124342-06be-41c7-92aa-3c80d3324794

;
26-07-27 18:24:05.898 [Test worker] DEBUG org.hibernate.SQL - 
    insert 
    into
        users
        (created_at, email, password, profile_id, updated_at, username, id) 
    values
        (?, ?, ?, ?, ?, ?, ?)
26-07-27 18:24:05.898 [Test worker] TRACE org.hibernate.orm.jdbc.bind - binding parameter (1:TIMESTAMP_UTC) <- [2026-07-27T09:24:05.897373Z]
26-07-27 18:24:05.898 [Test worker] TRACE org.hibernate.orm.jdbc.bind - binding parameter (2:VARCHAR) <- [woody@codeit.com]
26-07-27 18:24:05.898 [Test worker] TRACE org.hibernate.orm.jdbc.bind - binding parameter (3:VARCHAR) <- [password1]
26-07-27 18:24:05.898 [Test worker] TRACE org.hibernate.orm.jdbc.bind - binding parameter (4:UUID) <- [null]
26-07-27 18:24:05.899 [Test worker] TRACE org.hibernate.orm.jdbc.bind - binding parameter (5:TIMESTAMP_UTC) <- [2026-07-27T09:24:05.897373Z]
26-07-27 18:24:05.899 [Test worker] TRACE org.hibernate.orm.jdbc.bind - binding parameter (6:VARCHAR) <- [woody]
26-07-27 18:24:05.899 [Test worker] TRACE org.hibernate.orm.jdbc.bind - binding parameter (7:UUID) <- [d3bf61fc-6dcb-487b-bd46-26e6fce14a3e]
26-07-27 18:24:05.899 [Test worker] INFO  p6spy - #1785144245899 | took 0ms | statement | connection 26| url jdbc:h2:mem:84124342-06be-41c7-92aa-3c80d3324794
insert into users (created_at,email,password,profile_id,updated_at,username,id) values (?,?,?,?,?,?,?)
insert into users (created_at,email,password,profile_id,updated_at,username,id) values ('2026-07-27T09:24:05.897373Z','woody@codeit.com','password1',NULL,'2026-07-27T09:24:05.897373Z','woody','d3bf61fc-6dcb-487b-bd46-26e6fce14a3e');
26-07-27 18:24:05.900 [Test worker] DEBUG org.hibernate.SQL - 
    insert 
    into
        channels
        (created_at, description, name, type, updated_at, id) 
    values
        (?, ?, ?, ?, ?, ?)
26-07-27 18:24:05.900 [Test worker] TRACE org.hibernate.orm.jdbc.bind - binding parameter (1:TIMESTAMP_UTC) <- [2026-07-27T09:24:05.897597Z]
26-07-27 18:24:05.900 [Test worker] TRACE org.hibernate.orm.jdbc.bind - binding parameter (2:VARCHAR) <- [general channel]
26-07-27 18:24:05.900 [Test worker] TRACE org.hibernate.orm.jdbc.bind - binding parameter (3:VARCHAR) <- [general]
26-07-27 18:24:05.900 [Test worker] TRACE org.hibernate.orm.jdbc.bind - binding parameter (4:ENUM) <- [PUBLIC]
26-07-27 18:24:05.900 [Test worker] TRACE org.hibernate.orm.jdbc.bind - binding parameter (5:TIMESTAMP_UTC) <- [2026-07-27T09:24:05.897597Z]
26-07-27 18:24:05.900 [Test worker] TRACE org.hibernate.orm.jdbc.bind - binding parameter (6:UUID) <- [a5fd3370-924b-411c-927e-d0ae5e0ce978]
26-07-27 18:24:05.900 [Test worker] INFO  p6spy - #1785144245900 | took 0ms | statement | connection 26| url jdbc:h2:mem:84124342-06be-41c7-92aa-3c80d3324794
insert into channels (created_at,description,name,type,updated_at,id) values (?,?,?,?,?,?)
insert into channels (created_at,description,name,type,updated_at,id) values ('2026-07-27T09:24:05.897597Z','general channel','general','PUBLIC','2026-07-27T09:24:05.897597Z','a5fd3370-924b-411c-927e-d0ae5e0ce978');
26-07-27 18:24:05.900 [Test worker] DEBUG org.hibernate.SQL - 
    insert 
    into
        messages
        (author_id, channel_id, content, created_at, updated_at, id) 
    values
        (?, ?, ?, ?, ?, ?)
26-07-27 18:24:05.900 [Test worker] TRACE org.hibernate.orm.jdbc.bind - binding parameter (1:UUID) <- [d3bf61fc-6dcb-487b-bd46-26e6fce14a3e]
26-07-27 18:24:05.901 [Test worker] TRACE org.hibernate.orm.jdbc.bind - binding parameter (2:UUID) <- [a5fd3370-924b-411c-927e-d0ae5e0ce978]
26-07-27 18:24:05.901 [Test worker] TRACE org.hibernate.orm.jdbc.bind - binding parameter (3:VARCHAR) <- [first]
26-07-27 18:24:05.901 [Test worker] TRACE org.hibernate.orm.jdbc.bind - binding parameter (4:TIMESTAMP_UTC) <- [2026-07-27T09:24:05.897875Z]
26-07-27 18:24:05.901 [Test worker] TRACE org.hibernate.orm.jdbc.bind - binding parameter (5:TIMESTAMP_UTC) <- [2026-07-27T09:24:05.897875Z]
26-07-27 18:24:05.901 [Test worker] TRACE org.hibernate.orm.jdbc.bind - binding parameter (6:UUID) <- [850cbed2-4495-453a-8cf0-bf2ebee58fb8]
26-07-27 18:24:05.901 [Test worker] INFO  p6spy - #1785144245901 | took 0ms | statement | connection 26| url jdbc:h2:mem:84124342-06be-41c7-92aa-3c80d3324794
insert into messages (author_id,channel_id,content,created_at,updated_at,id) values (?,?,?,?,?,?)
insert into messages (author_id,channel_id,content,created_at,updated_at,id) values ('d3bf61fc-6dcb-487b-bd46-26e6fce14a3e','a5fd3370-924b-411c-927e-d0ae5e0ce978','first','2026-07-27T09:24:05.897875Z','2026-07-27T09:24:05.897875Z','850cbed2-4495-453a-8cf0-bf2ebee58fb8');
26-07-27 18:24:05.901 [Test worker] DEBUG org.hibernate.SQL - 
    insert 
    into
        messages
        (author_id, channel_id, content, created_at, updated_at, id) 
    values
        (?, ?, ?, ?, ?, ?)
26-07-27 18:24:05.901 [Test worker] TRACE org.hibernate.orm.jdbc.bind - binding parameter (1:UUID) <- [d3bf61fc-6dcb-487b-bd46-26e6fce14a3e]
26-07-27 18:24:05.901 [Test worker] TRACE org.hibernate.orm.jdbc.bind - binding parameter (2:UUID) <- [a5fd3370-924b-411c-927e-d0ae5e0ce978]
26-07-27 18:24:05.901 [Test worker] TRACE org.hibernate.orm.jdbc.bind - binding parameter (3:VARCHAR) <- [second]
26-07-27 18:24:05.901 [Test worker] TRACE org.hibernate.orm.jdbc.bind - binding parameter (4:TIMESTAMP_UTC) <- [2026-07-27T09:24:05.898011Z]
26-07-27 18:24:05.901 [Test worker] TRACE org.hibernate.orm.jdbc.bind - binding parameter (5:TIMESTAMP_UTC) <- [2026-07-27T09:24:05.898011Z]
26-07-27 18:24:05.901 [Test worker] TRACE org.hibernate.orm.jdbc.bind - binding parameter (6:UUID) <- [50ed5ee6-e089-464f-9fc9-0c4ed74519b5]
26-07-27 18:24:05.901 [Test worker] INFO  p6spy - #1785144245901 | took 0ms | statement | connection 26| url jdbc:h2:mem:84124342-06be-41c7-92aa-3c80d3324794
insert into messages (author_id,channel_id,content,created_at,updated_at,id) values (?,?,?,?,?,?)
insert into messages (author_id,channel_id,content,created_at,updated_at,id) values ('d3bf61fc-6dcb-487b-bd46-26e6fce14a3e','a5fd3370-924b-411c-927e-d0ae5e0ce978','second','2026-07-27T09:24:05.898011Z','2026-07-27T09:24:05.898011Z','50ed5ee6-e089-464f-9fc9-0c4ed74519b5');
26-07-27 18:24:05.902 [Test worker] DEBUG org.hibernate.SQL - 
    insert 
    into
        messages
        (author_id, channel_id, content, created_at, updated_at, id) 
    values
        (?, ?, ?, ?, ?, ?)
26-07-27 18:24:05.902 [Test worker] TRACE org.hibernate.orm.jdbc.bind - binding parameter (1:UUID) <- [d3bf61fc-6dcb-487b-bd46-26e6fce14a3e]
26-07-27 18:24:05.902 [Test worker] TRACE org.hibernate.orm.jdbc.bind - binding parameter (2:UUID) <- [a5fd3370-924b-411c-927e-d0ae5e0ce978]
26-07-27 18:24:05.902 [Test worker] TRACE org.hibernate.orm.jdbc.bind - binding parameter (3:VARCHAR) <- [third]
26-07-27 18:24:05.902 [Test worker] TRACE org.hibernate.orm.jdbc.bind - binding parameter (4:TIMESTAMP_UTC) <- [2026-07-27T09:24:05.898122Z]
26-07-27 18:24:05.902 [Test worker] TRACE org.hibernate.orm.jdbc.bind - binding parameter (5:TIMESTAMP_UTC) <- [2026-07-27T09:24:05.898122Z]
26-07-27 18:24:05.902 [Test worker] TRACE org.hibernate.orm.jdbc.bind - binding parameter (6:UUID) <- [b243e4e5-d20c-49bf-a2f2-d9d6bfe7d1a5]
26-07-27 18:24:05.902 [Test worker] INFO  p6spy - #1785144245902 | took 0ms | statement | connection 26| url jdbc:h2:mem:84124342-06be-41c7-92aa-3c80d3324794
insert into messages (author_id,channel_id,content,created_at,updated_at,id) values (?,?,?,?,?,?)
insert into messages (author_id,channel_id,content,created_at,updated_at,id) values ('d3bf61fc-6dcb-487b-bd46-26e6fce14a3e','a5fd3370-924b-411c-927e-d0ae5e0ce978','third','2026-07-27T09:24:05.898122Z','2026-07-27T09:24:05.898122Z','b243e4e5-d20c-49bf-a2f2-d9d6bfe7d1a5');
26-07-27 18:24:05.903 [Test worker] DEBUG org.hibernate.SQL - 
    select
        m1_0.id,
        m1_0.author_id,
        m1_0.channel_id,
        m1_0.content,
        m1_0.created_at,
        m1_0.updated_at 
    from
        messages m1_0 
    order by
        m1_0.created_at desc 
    offset
        ? rows 
    fetch
        first ? rows only
26-07-27 18:24:05.904 [Test worker] TRACE org.hibernate.orm.jdbc.bind - binding parameter (1:INTEGER) <- [0]
26-07-27 18:24:05.904 [Test worker] TRACE org.hibernate.orm.jdbc.bind - binding parameter (2:INTEGER) <- [2]
26-07-27 18:24:05.904 [Test worker] INFO  p6spy - #1785144245904 | took 0ms | statement | connection 26| url jdbc:h2:mem:84124342-06be-41c7-92aa-3c80d3324794
select m1_0.id,m1_0.author_id,m1_0.channel_id,m1_0.content,m1_0.created_at,m1_0.updated_at from messages m1_0 order by m1_0.created_at desc offset ? rows fetch first ? rows only
select m1_0.id,m1_0.author_id,m1_0.channel_id,m1_0.content,m1_0.created_at,m1_0.updated_at from messages m1_0 order by m1_0.created_at desc offset 0 rows fetch first 2 rows only;
26-07-27 18:24:05.905 [Test worker] DEBUG org.hibernate.SQL - 
    select
        count(m1_0.id) 
    from
        messages m1_0
26-07-27 18:24:05.905 [Test worker] INFO  p6spy - #1785144245905 | took 0ms | statement | connection 26| url jdbc:h2:mem:84124342-06be-41c7-92aa-3c80d3324794
select count(m1_0.id) from messages m1_0
select count(m1_0.id) from messages m1_0;
26-07-27 18:24:05.909 [Test worker] INFO  p6spy - #1785144245909 | took 0ms | rollback | connection 26| url jdbc:h2:mem:84124342-06be-41c7-92aa-3c80d3324794

;
26-07-27 18:24:05.913 [Test worker] INFO  o.s.t.c.s.AnnotationConfigContextLoaderUtils - Could not detect default configuration classes for test class [com.sprint.mission.discodeit.repository.UserRepositoryTest]: UserRepositoryTest does not declare any static, non-private, non-final, nested classes annotated with @Configuration.
26-07-27 18:24:05.914 [Test worker] INFO  o.s.b.t.c.SpringBootTestContextBootstrapper - Found @SpringBootConfiguration com.sprint.mission.discodeit.DiscodeitApplication for test class com.sprint.mission.discodeit.repository.UserRepositoryTest
26-07-27 18:24:05.919 [Test worker] DEBUG org.hibernate.SQL - 
    select
        u1_0.id,
        u1_0.created_at,
        u1_0.email,
        u1_0.password,
        u1_0.profile_id,
        u1_0.updated_at,
        u1_0.username 
    from
        users u1_0 
    where
        u1_0.username=?
26-07-27 18:24:05.920 [Test worker] TRACE org.hibernate.orm.jdbc.bind - binding parameter (1:VARCHAR) <- [unknown]
26-07-27 18:24:05.920 [Test worker] INFO  p6spy - #1785144245920 | took 0ms | statement | connection 27| url jdbc:h2:mem:84124342-06be-41c7-92aa-3c80d3324794
select u1_0.id,u1_0.created_at,u1_0.email,u1_0.password,u1_0.profile_id,u1_0.updated_at,u1_0.username from users u1_0 where u1_0.username=?
select u1_0.id,u1_0.created_at,u1_0.email,u1_0.password,u1_0.profile_id,u1_0.updated_at,u1_0.username from users u1_0 where u1_0.username='unknown';
26-07-27 18:24:05.923 [Test worker] INFO  p6spy - #1785144245923 | took 0ms | rollback | connection 27| url jdbc:h2:mem:84124342-06be-41c7-92aa-3c80d3324794

;
26-07-27 18:24:05.931 [Test worker] DEBUG org.hibernate.SQL - 
    insert 
    into
        users
        (created_at, email, password, profile_id, updated_at, username, id) 
    values
        (?, ?, ?, ?, ?, ?, ?)
26-07-27 18:24:05.931 [Test worker] TRACE org.hibernate.orm.jdbc.bind - binding parameter (1:TIMESTAMP_UTC) <- [2026-07-27T09:24:05.929438Z]
26-07-27 18:24:05.931 [Test worker] TRACE org.hibernate.orm.jdbc.bind - binding parameter (2:VARCHAR) <- [woody@codeit.com]
26-07-27 18:24:05.931 [Test worker] TRACE org.hibernate.orm.jdbc.bind - binding parameter (3:VARCHAR) <- [password1]
26-07-27 18:24:05.931 [Test worker] TRACE org.hibernate.orm.jdbc.bind - binding parameter (4:UUID) <- [null]
26-07-27 18:24:05.932 [Test worker] TRACE org.hibernate.orm.jdbc.bind - binding parameter (5:TIMESTAMP_UTC) <- [2026-07-27T09:24:05.929438Z]
26-07-27 18:24:05.932 [Test worker] TRACE org.hibernate.orm.jdbc.bind - binding parameter (6:VARCHAR) <- [woody]
26-07-27 18:24:05.932 [Test worker] TRACE org.hibernate.orm.jdbc.bind - binding parameter (7:UUID) <- [b76a026d-e2a9-4c69-80e2-4c857b1462a4]
26-07-27 18:24:05.932 [Test worker] INFO  p6spy - #1785144245932 | took 0ms | statement | connection 28| url jdbc:h2:mem:84124342-06be-41c7-92aa-3c80d3324794
insert into users (created_at,email,password,profile_id,updated_at,username,id) values (?,?,?,?,?,?,?)
insert into users (created_at,email,password,profile_id,updated_at,username,id) values ('2026-07-27T09:24:05.929438Z','woody@codeit.com','password1',NULL,'2026-07-27T09:24:05.929438Z','woody','b76a026d-e2a9-4c69-80e2-4c857b1462a4');
26-07-27 18:24:05.933 [Test worker] DEBUG org.hibernate.SQL - 
    select
        u1_0.id 
    from
        users u1_0 
    where
        u1_0.username=? 
        or u1_0.email=? 
    fetch
        first ? rows only
26-07-27 18:24:05.933 [Test worker] TRACE org.hibernate.orm.jdbc.bind - binding parameter (1:VARCHAR) <- [woody]
26-07-27 18:24:05.933 [Test worker] TRACE org.hibernate.orm.jdbc.bind - binding parameter (2:VARCHAR) <- [other@codeit.com]
26-07-27 18:24:05.933 [Test worker] TRACE org.hibernate.orm.jdbc.bind - binding parameter (3:INTEGER) <- [1]
26-07-27 18:24:05.933 [Test worker] INFO  p6spy - #1785144245933 | took 0ms | statement | connection 28| url jdbc:h2:mem:84124342-06be-41c7-92aa-3c80d3324794
select u1_0.id from users u1_0 where u1_0.username=? or u1_0.email=? fetch first ? rows only
select u1_0.id from users u1_0 where u1_0.username='woody' or u1_0.email='other@codeit.com' fetch first 1 rows only;
26-07-27 18:24:05.934 [Test worker] DEBUG org.hibernate.SQL - 
    select
        u1_0.id 
    from
        users u1_0 
    where
        u1_0.username=? 
        or u1_0.email=? 
    fetch
        first ? rows only
26-07-27 18:24:05.935 [Test worker] TRACE org.hibernate.orm.jdbc.bind - binding parameter (1:VARCHAR) <- [other]
26-07-27 18:24:05.935 [Test worker] TRACE org.hibernate.orm.jdbc.bind - binding parameter (2:VARCHAR) <- [woody@codeit.com]
26-07-27 18:24:05.935 [Test worker] TRACE org.hibernate.orm.jdbc.bind - binding parameter (3:INTEGER) <- [1]
26-07-27 18:24:05.935 [Test worker] INFO  p6spy - #1785144245935 | took 0ms | statement | connection 28| url jdbc:h2:mem:84124342-06be-41c7-92aa-3c80d3324794
select u1_0.id from users u1_0 where u1_0.username=? or u1_0.email=? fetch first ? rows only
select u1_0.id from users u1_0 where u1_0.username='other' or u1_0.email='woody@codeit.com' fetch first 1 rows only;
26-07-27 18:24:05.937 [Test worker] INFO  p6spy - #1785144245937 | took 0ms | rollback | connection 28| url jdbc:h2:mem:84124342-06be-41c7-92aa-3c80d3324794

;
26-07-27 18:24:05.944 [Test worker] DEBUG org.hibernate.SQL - 
    insert 
    into
        users
        (created_at, email, password, profile_id, updated_at, username, id) 
    values
        (?, ?, ?, ?, ?, ?, ?)
26-07-27 18:24:05.945 [Test worker] TRACE org.hibernate.orm.jdbc.bind - binding parameter (1:TIMESTAMP_UTC) <- [2026-07-27T09:24:05.943820Z]
26-07-27 18:24:05.945 [Test worker] TRACE org.hibernate.orm.jdbc.bind - binding parameter (2:VARCHAR) <- [woody@codeit.com]
26-07-27 18:24:05.945 [Test worker] TRACE org.hibernate.orm.jdbc.bind - binding parameter (3:VARCHAR) <- [password1]
26-07-27 18:24:05.945 [Test worker] TRACE org.hibernate.orm.jdbc.bind - binding parameter (4:UUID) <- [null]
26-07-27 18:24:05.945 [Test worker] TRACE org.hibernate.orm.jdbc.bind - binding parameter (5:TIMESTAMP_UTC) <- [2026-07-27T09:24:05.943820Z]
26-07-27 18:24:05.945 [Test worker] TRACE org.hibernate.orm.jdbc.bind - binding parameter (6:VARCHAR) <- [woody]
26-07-27 18:24:05.945 [Test worker] TRACE org.hibernate.orm.jdbc.bind - binding parameter (7:UUID) <- [cc3cf26d-ba07-4eee-bb33-01b1f2942fe2]
26-07-27 18:24:05.945 [Test worker] INFO  p6spy - #1785144245945 | took 0ms | statement | connection 29| url jdbc:h2:mem:84124342-06be-41c7-92aa-3c80d3324794
insert into users (created_at,email,password,profile_id,updated_at,username,id) values (?,?,?,?,?,?,?)
insert into users (created_at,email,password,profile_id,updated_at,username,id) values ('2026-07-27T09:24:05.943820Z','woody@codeit.com','password1',NULL,'2026-07-27T09:24:05.943820Z','woody','cc3cf26d-ba07-4eee-bb33-01b1f2942fe2');
26-07-27 18:24:05.945 [Test worker] DEBUG org.hibernate.SQL - 
    select
        u1_0.id,
        u1_0.created_at,
        u1_0.email,
        u1_0.password,
        u1_0.profile_id,
        u1_0.updated_at,
        u1_0.username 
    from
        users u1_0 
    where
        u1_0.username=?
26-07-27 18:24:05.946 [Test worker] TRACE org.hibernate.orm.jdbc.bind - binding parameter (1:VARCHAR) <- [woody]
26-07-27 18:24:05.946 [Test worker] INFO  p6spy - #1785144245946 | took 0ms | statement | connection 29| url jdbc:h2:mem:84124342-06be-41c7-92aa-3c80d3324794
select u1_0.id,u1_0.created_at,u1_0.email,u1_0.password,u1_0.profile_id,u1_0.updated_at,u1_0.username from users u1_0 where u1_0.username=?
select u1_0.id,u1_0.created_at,u1_0.email,u1_0.password,u1_0.profile_id,u1_0.updated_at,u1_0.username from users u1_0 where u1_0.username='woody';
26-07-27 18:24:05.950 [Test worker] INFO  p6spy - #1785144245950 | took 0ms | rollback | connection 29| url jdbc:h2:mem:84124342-06be-41c7-92aa-3c80d3324794

;
26-07-27 18:24:05.956 [Test worker] DEBUG org.hibernate.SQL - 
    insert 
    into
        users
        (created_at, email, password, profile_id, updated_at, username, id) 
    values
        (?, ?, ?, ?, ?, ?, ?)
26-07-27 18:24:05.956 [Test worker] TRACE org.hibernate.orm.jdbc.bind - binding parameter (1:TIMESTAMP_UTC) <- [2026-07-27T09:24:05.955071Z]
26-07-27 18:24:05.957 [Test worker] TRACE org.hibernate.orm.jdbc.bind - binding parameter (2:VARCHAR) <- [charlie@codeit.com]
26-07-27 18:24:05.957 [Test worker] TRACE org.hibernate.orm.jdbc.bind - binding parameter (3:VARCHAR) <- [password1]
26-07-27 18:24:05.957 [Test worker] TRACE org.hibernate.orm.jdbc.bind - binding parameter (4:UUID) <- [null]
26-07-27 18:24:05.957 [Test worker] TRACE org.hibernate.orm.jdbc.bind - binding parameter (5:TIMESTAMP_UTC) <- [2026-07-27T09:24:05.955071Z]
26-07-27 18:24:05.957 [Test worker] TRACE org.hibernate.orm.jdbc.bind - binding parameter (6:VARCHAR) <- [charlie]
26-07-27 18:24:05.957 [Test worker] TRACE org.hibernate.orm.jdbc.bind - binding parameter (7:UUID) <- [be417f8b-4389-44df-93ff-79b67086524e]
26-07-27 18:24:05.957 [Test worker] INFO  p6spy - #1785144245957 | took 0ms | statement | connection 30| url jdbc:h2:mem:84124342-06be-41c7-92aa-3c80d3324794
insert into users (created_at,email,password,profile_id,updated_at,username,id) values (?,?,?,?,?,?,?)
insert into users (created_at,email,password,profile_id,updated_at,username,id) values ('2026-07-27T09:24:05.955071Z','charlie@codeit.com','password1',NULL,'2026-07-27T09:24:05.955071Z','charlie','be417f8b-4389-44df-93ff-79b67086524e');
26-07-27 18:24:05.958 [Test worker] DEBUG org.hibernate.SQL - 
    insert 
    into
        users
        (created_at, email, password, profile_id, updated_at, username, id) 
    values
        (?, ?, ?, ?, ?, ?, ?)
26-07-27 18:24:05.959 [Test worker] TRACE org.hibernate.orm.jdbc.bind - binding parameter (1:TIMESTAMP_UTC) <- [2026-07-27T09:24:05.955295Z]
26-07-27 18:24:05.959 [Test worker] TRACE org.hibernate.orm.jdbc.bind - binding parameter (2:VARCHAR) <- [alice@codeit.com]
26-07-27 18:24:05.959 [Test worker] TRACE org.hibernate.orm.jdbc.bind - binding parameter (3:VARCHAR) <- [password1]
26-07-27 18:24:05.959 [Test worker] TRACE org.hibernate.orm.jdbc.bind - binding parameter (4:UUID) <- [null]
26-07-27 18:24:05.959 [Test worker] TRACE org.hibernate.orm.jdbc.bind - binding parameter (5:TIMESTAMP_UTC) <- [2026-07-27T09:24:05.955295Z]
26-07-27 18:24:05.959 [Test worker] TRACE org.hibernate.orm.jdbc.bind - binding parameter (6:VARCHAR) <- [alice]
26-07-27 18:24:05.959 [Test worker] TRACE org.hibernate.orm.jdbc.bind - binding parameter (7:UUID) <- [3ff8ea0e-4d45-4c8d-be60-ee2c8e86b5bf]
26-07-27 18:24:05.959 [Test worker] INFO  p6spy - #1785144245959 | took 0ms | statement | connection 30| url jdbc:h2:mem:84124342-06be-41c7-92aa-3c80d3324794
insert into users (created_at,email,password,profile_id,updated_at,username,id) values (?,?,?,?,?,?,?)
insert into users (created_at,email,password,profile_id,updated_at,username,id) values ('2026-07-27T09:24:05.955295Z','alice@codeit.com','password1',NULL,'2026-07-27T09:24:05.955295Z','alice','3ff8ea0e-4d45-4c8d-be60-ee2c8e86b5bf');
26-07-27 18:24:05.960 [Test worker] DEBUG org.hibernate.SQL - 
    insert 
    into
        users
        (created_at, email, password, profile_id, updated_at, username, id) 
    values
        (?, ?, ?, ?, ?, ?, ?)
26-07-27 18:24:05.960 [Test worker] TRACE org.hibernate.orm.jdbc.bind - binding parameter (1:TIMESTAMP_UTC) <- [2026-07-27T09:24:05.955421Z]
26-07-27 18:24:05.960 [Test worker] TRACE org.hibernate.orm.jdbc.bind - binding parameter (2:VARCHAR) <- [bravo@codeit.com]
26-07-27 18:24:05.960 [Test worker] TRACE org.hibernate.orm.jdbc.bind - binding parameter (3:VARCHAR) <- [password1]
26-07-27 18:24:05.960 [Test worker] TRACE org.hibernate.orm.jdbc.bind - binding parameter (4:UUID) <- [null]
26-07-27 18:24:05.960 [Test worker] TRACE org.hibernate.orm.jdbc.bind - binding parameter (5:TIMESTAMP_UTC) <- [2026-07-27T09:24:05.955421Z]
26-07-27 18:24:05.960 [Test worker] TRACE org.hibernate.orm.jdbc.bind - binding parameter (6:VARCHAR) <- [bravo]
26-07-27 18:24:05.960 [Test worker] TRACE org.hibernate.orm.jdbc.bind - binding parameter (7:UUID) <- [b5b18551-b8d4-49be-a12e-1b8ef4aa8142]
26-07-27 18:24:05.960 [Test worker] INFO  p6spy - #1785144245960 | took 0ms | statement | connection 30| url jdbc:h2:mem:84124342-06be-41c7-92aa-3c80d3324794
insert into users (created_at,email,password,profile_id,updated_at,username,id) values (?,?,?,?,?,?,?)
insert into users (created_at,email,password,profile_id,updated_at,username,id) values ('2026-07-27T09:24:05.955421Z','bravo@codeit.com','password1',NULL,'2026-07-27T09:24:05.955421Z','bravo','b5b18551-b8d4-49be-a12e-1b8ef4aa8142');
26-07-27 18:24:05.960 [Test worker] DEBUG org.hibernate.SQL - 
    select
        u1_0.id,
        u1_0.created_at,
        u1_0.email,
        u1_0.password,
        u1_0.profile_id,
        u1_0.updated_at,
        u1_0.username 
    from
        users u1_0 
    order by
        u1_0.username 
    offset
        ? rows 
    fetch
        first ? rows only
26-07-27 18:24:05.961 [Test worker] TRACE org.hibernate.orm.jdbc.bind - binding parameter (1:INTEGER) <- [0]
26-07-27 18:24:05.961 [Test worker] TRACE org.hibernate.orm.jdbc.bind - binding parameter (2:INTEGER) <- [2]
26-07-27 18:24:05.961 [Test worker] INFO  p6spy - #1785144245961 | took 0ms | statement | connection 30| url jdbc:h2:mem:84124342-06be-41c7-92aa-3c80d3324794
select u1_0.id,u1_0.created_at,u1_0.email,u1_0.password,u1_0.profile_id,u1_0.updated_at,u1_0.username from users u1_0 order by u1_0.username offset ? rows fetch first ? rows only
select u1_0.id,u1_0.created_at,u1_0.email,u1_0.password,u1_0.profile_id,u1_0.updated_at,u1_0.username from users u1_0 order by u1_0.username offset 0 rows fetch first 2 rows only;
26-07-27 18:24:05.963 [Test worker] DEBUG org.hibernate.SQL - 
    select
        count(u1_0.id) 
    from
        users u1_0
26-07-27 18:24:05.963 [Test worker] INFO  p6spy - #1785144245963 | took 0ms | statement | connection 30| url jdbc:h2:mem:84124342-06be-41c7-92aa-3c80d3324794
select count(u1_0.id) from users u1_0
select count(u1_0.id) from users u1_0;
26-07-27 18:24:05.967 [Test worker] INFO  p6spy - #1785144245967 | took 0ms | rollback | connection 30| url jdbc:h2:mem:84124342-06be-41c7-92aa-3c80d3324794

;
26-07-27 18:24:06.401 [Test worker] DEBUG c.s.m.d.s.basic.BasicChannelService - Deleting channel. channelId=1209e19a-aa78-4f2f-9d8c-657c643e87c6
26-07-27 18:24:06.401 [Test worker] INFO  c.s.m.d.s.basic.BasicChannelService - Channel deleted. channelId=1209e19a-aa78-4f2f-9d8c-657c643e87c6
26-07-27 18:24:06.412 [Test worker] DEBUG c.s.m.d.s.basic.BasicChannelService - Creating public channel. name=공지
26-07-27 18:24:06.413 [Test worker] INFO  c.s.m.d.s.basic.BasicChannelService - Public channel created. channelId=a3f760b8-fe5e-4104-99fb-ce0347aca998, name=공지
26-07-27 18:24:06.416 [Test worker] DEBUG c.s.m.d.s.basic.BasicChannelService - Creating private channel. participantCount=1
26-07-27 18:24:06.417 [Test worker] INFO  c.s.m.d.s.basic.BasicChannelService - Private channel created. channelId=a4456134-5fed-434e-8b43-d4b615c5a87f, participantCount=1
26-07-27 18:24:06.428 [Test worker] WARN  c.s.m.d.s.basic.BasicChannelService - Private channel update rejected. channelId=276a6093-1294-4924-80e0-9845fbc06f64
26-07-27 18:24:06.430 [Test worker] DEBUG c.s.m.d.s.basic.BasicChannelService - Updating channel. channelId=1030401d-74a4-47d2-9ee2-4cb172110bbf
26-07-27 18:24:06.430 [Test worker] INFO  c.s.m.d.s.basic.BasicChannelService - Channel updated. channelId=1030401d-74a4-47d2-9ee2-4cb172110bbf
26-07-27 18:24:06.500 [Test worker] DEBUG c.s.m.d.s.basic.BasicMessageService - Creating message. channelId=94d77ddd-70ef-43b4-9686-554972429df5, authorId=db3668eb-f417-4a56-8dd1-1e3c6762dcdd, attachmentCount=1
26-07-27 18:24:06.500 [Test worker] INFO  c.s.m.d.s.basic.BasicMessageService - Message created. messageId=cb83e78e-af37-40e9-898b-a40a3e36aa4a, channelId=94d77ddd-70ef-43b4-9686-554972429df5, authorId=db3668eb-f417-4a56-8dd1-1e3c6762dcdd, attachmentCount=1
26-07-27 18:24:06.502 [Test worker] DEBUG c.s.m.d.s.basic.BasicMessageService - Deleting message. messageId=efd47919-ddfa-4574-aacd-509d07ea8b9f
26-07-27 18:24:06.503 [Test worker] INFO  c.s.m.d.s.basic.BasicMessageService - Message deleted. messageId=efd47919-ddfa-4574-aacd-509d07ea8b9f
26-07-27 18:24:06.505 [Test worker] DEBUG c.s.m.d.s.basic.BasicMessageService - Creating message. channelId=65c9dd71-804c-4ba9-9ecf-c633c5c94da1, authorId=0cbb9777-15a9-49a7-8906-a11648b4bf7b, attachmentCount=0
26-07-27 18:24:06.508 [Test worker] DEBUG c.s.m.d.s.basic.BasicMessageService - Deleting message. messageId=1fbb78bf-297e-40a5-a535-ce9e6df44911
26-07-27 18:24:06.511 [Test worker] DEBUG c.s.m.d.s.basic.BasicMessageService - Creating message. channelId=34d050f2-abc4-4007-bb24-dae47d153471, authorId=7fa041d9-8a31-4f71-9e08-d10b9d5fe50b, attachmentCount=0
26-07-27 18:24:06.514 [Test worker] DEBUG c.s.m.d.s.basic.BasicMessageService - Updating message. messageId=a2d0b568-e1b3-43d4-81ac-06f40514c3bf
26-07-27 18:24:06.519 [Test worker] DEBUG c.s.m.d.s.basic.BasicMessageService - Updating message. messageId=c70f1170-aa29-4cab-821f-d12138158cac
26-07-27 18:24:06.519 [Test worker] INFO  c.s.m.d.s.basic.BasicMessageService - Message updated. messageId=c70f1170-aa29-4cab-821f-d12138158cac
26-07-27 18:24:06.521 [Test worker] DEBUG c.s.m.d.s.basic.BasicMessageService - Creating message. channelId=a5a68627-e645-414f-b911-93e1a4554e43, authorId=ade8ea65-2a15-4be2-8cc4-4ead60152665, attachmentCount=0
26-07-27 18:24:06.522 [Test worker] INFO  c.s.m.d.s.basic.BasicMessageService - Message created. messageId=9efbd562-5b8d-4c7a-b383-1e29ed6367d6, channelId=a5a68627-e645-414f-b911-93e1a4554e43, authorId=ade8ea65-2a15-4be2-8cc4-4ead60152665, attachmentCount=0
26-07-27 18:24:06.544 [Test worker] DEBUG c.s.m.d.s.basic.BasicUserService - Deleting user. userId=1d90f8ae-ee19-4ff1-a2ca-600b1a63c1a5
26-07-27 18:24:06.545 [Test worker] INFO  c.s.m.d.s.basic.BasicUserService - User deleted. userId=1d90f8ae-ee19-4ff1-a2ca-600b1a63c1a5
26-07-27 18:24:06.548 [Test worker] DEBUG c.s.m.d.s.basic.BasicUserService - Updating user. userId=454ae44d-e04a-49ad-91ad-8614f5d88af8, hasProfileImage=false
26-07-27 18:24:06.559 [Test worker] DEBUG c.s.m.d.s.basic.BasicUserService - Updating user. userId=e86a5d82-3380-4c32-aa3e-4c1d3ce96cbe, hasProfileImage=false
26-07-27 18:24:06.566 [Test worker] DEBUG c.s.m.d.s.basic.BasicUserService - Updating user. userId=fb395627-7dd7-47da-8670-41c3a53d7b30, hasProfileImage=false
26-07-27 18:24:06.566 [Test worker] INFO  c.s.m.d.s.basic.BasicUserService - User updated. userId=fb395627-7dd7-47da-8670-41c3a53d7b30
26-07-27 18:24:06.574 [Test worker] DEBUG c.s.m.d.s.basic.BasicUserService - Creating user. username=woody, email=woody@codeit.com, hasProfileImage=false
26-07-27 18:24:06.575 [Test worker] INFO  c.s.m.d.s.basic.BasicUserService - User created. userId=2a633e03-d10c-4539-824c-923385c6a136, username=woody
26-07-27 18:24:06.579 [Test worker] DEBUG c.s.m.d.s.basic.BasicUserService - Deleting user. userId=2b304a52-a7a0-438b-b89b-d62e4d009511
26-07-27 18:24:06.579 [Test worker] INFO  c.s.m.d.s.basic.BasicUserService - User deleted. userId=2b304a52-a7a0-438b-b89b-d62e4d009511
26-07-27 18:24:06.582 [Test worker] DEBUG c.s.m.d.s.basic.BasicUserService - Creating user. username=woody, email=woody@codeit.com, hasProfileImage=true
26-07-27 18:24:06.582 [Test worker] INFO  c.s.m.d.s.basic.BasicUserService - User created. userId=14968695-f74d-4e4d-8a7b-ebb36b59a4e0, username=woody
26-07-27 18:24:06.584 [Test worker] DEBUG c.s.m.d.s.basic.BasicUserService - Creating user. username=woody, email=woody@codeit.com, hasProfileImage=false
26-07-27 18:24:06.584 [Test worker] WARN  c.s.m.d.s.basic.BasicUserService - User creation failed. duplicated username or email. username=woody
26-07-27 18:24:06.591 [SpringApplicationShutdownHook] INFO  o.s.o.j.LocalContainerEntityManagerFactoryBean - Closing JPA EntityManagerFactory for persistence unit 'default'
26-07-27 18:24:06.592 [SpringApplicationShutdownHook] DEBUG org.hibernate.SQL - 
    drop table if exists binary_contents cascade 
26-07-27 18:24:06.593 [SpringApplicationShutdownHook] INFO  p6spy - #1785144246593 | took 0ms | statement | connection 31| url jdbc:h2:mem:84124342-06be-41c7-92aa-3c80d3324794

    drop table if exists binary_contents cascade 

    drop table if exists binary_contents cascade ;
26-07-27 18:24:06.593 [SpringApplicationShutdownHook] DEBUG org.hibernate.SQL - 
    drop table if exists channels cascade 
26-07-27 18:24:06.593 [SpringApplicationShutdownHook] INFO  p6spy - #1785144246593 | took 0ms | statement | connection 31| url jdbc:h2:mem:84124342-06be-41c7-92aa-3c80d3324794

    drop table if exists channels cascade 

    drop table if exists channels cascade ;
26-07-27 18:24:06.593 [SpringApplicationShutdownHook] DEBUG org.hibernate.SQL - 
    drop table if exists message_attachments cascade 
26-07-27 18:24:06.593 [SpringApplicationShutdownHook] INFO  p6spy - #1785144246593 | took 0ms | statement | connection 31| url jdbc:h2:mem:84124342-06be-41c7-92aa-3c80d3324794

    drop table if exists message_attachments cascade 

    drop table if exists message_attachments cascade ;
26-07-27 18:24:06.593 [SpringApplicationShutdownHook] DEBUG org.hibernate.SQL - 
    drop table if exists messages cascade 
26-07-27 18:24:06.593 [SpringApplicationShutdownHook] INFO  p6spy - #1785144246593 | took 0ms | statement | connection 31| url jdbc:h2:mem:84124342-06be-41c7-92aa-3c80d3324794

    drop table if exists messages cascade 

    drop table if exists messages cascade ;
26-07-27 18:24:06.593 [SpringApplicationShutdownHook] DEBUG org.hibernate.SQL - 
    drop table if exists read_statuses cascade 
26-07-27 18:24:06.594 [SpringApplicationShutdownHook] INFO  p6spy - #1785144246594 | took 0ms | statement | connection 31| url jdbc:h2:mem:84124342-06be-41c7-92aa-3c80d3324794

    drop table if exists read_statuses cascade 

    drop table if exists read_statuses cascade ;
26-07-27 18:24:06.594 [SpringApplicationShutdownHook] DEBUG org.hibernate.SQL - 
    drop table if exists user_statuses cascade 
26-07-27 18:24:06.594 [SpringApplicationShutdownHook] INFO  p6spy - #1785144246594 | took 0ms | statement | connection 31| url jdbc:h2:mem:84124342-06be-41c7-92aa-3c80d3324794

    drop table if exists user_statuses cascade 

    drop table if exists user_statuses cascade ;
26-07-27 18:24:06.594 [SpringApplicationShutdownHook] DEBUG org.hibernate.SQL - 
    drop table if exists users cascade 
26-07-27 18:24:06.594 [SpringApplicationShutdownHook] INFO  p6spy - #1785144246594 | took 0ms | statement | connection 31| url jdbc:h2:mem:84124342-06be-41c7-92aa-3c80d3324794

    drop table if exists users cascade 

    drop table if exists users cascade ;
26-07-27 18:24:06.603 [SpringApplicationShutdownHook] INFO  o.s.o.j.LocalContainerEntityManagerFactoryBean - Closing JPA EntityManagerFactory for persistence unit 'default'
26-07-27 18:24:06.603 [SpringApplicationShutdownHook] DEBUG org.hibernate.SQL - 
    drop table if exists binary_contents cascade 
26-07-27 18:24:06.605 [SpringApplicationShutdownHook] DEBUG org.hibernate.SQL - 
    drop table if exists channels cascade 
26-07-27 18:24:06.605 [SpringApplicationShutdownHook] DEBUG org.hibernate.SQL - 
    drop table if exists message_attachments cascade 
26-07-27 18:24:06.606 [SpringApplicationShutdownHook] DEBUG org.hibernate.SQL - 
    drop table if exists messages cascade 
26-07-27 18:24:06.606 [SpringApplicationShutdownHook] DEBUG org.hibernate.SQL - 
    drop table if exists read_statuses cascade 
26-07-27 18:24:06.607 [SpringApplicationShutdownHook] DEBUG org.hibernate.SQL - 
    drop table if exists user_statuses cascade 
26-07-27 18:24:06.608 [SpringApplicationShutdownHook] DEBUG org.hibernate.SQL - 
    drop table if exists users cascade 
26-07-27 18:24:06.610 [SpringApplicationShutdownHook] INFO  com.zaxxer.hikari.HikariDataSource - HikariPool-1 - Shutdown initiated...
26-07-27 18:24:06.613 [SpringApplicationShutdownHook] INFO  com.zaxxer.hikari.HikariDataSource - HikariPool-1 - Shutdown completed.
26-07-27 18:24:06.626 [SpringApplicationShutdownHook] INFO  o.s.o.j.LocalContainerEntityManagerFactoryBean - Closing JPA EntityManagerFactory for persistence unit 'default'
26-07-27 18:24:06.626 [SpringApplicationShutdownHook] DEBUG org.hibernate.SQL - 
    drop table if exists binary_contents cascade 
26-07-27 18:24:06.626 [SpringApplicationShutdownHook] DEBUG org.hibernate.SQL - 
    drop table if exists channels cascade 
26-07-27 18:24:06.626 [SpringApplicationShutdownHook] DEBUG org.hibernate.SQL - 
    drop table if exists message_attachments cascade 
26-07-27 18:24:06.626 [SpringApplicationShutdownHook] DEBUG org.hibernate.SQL - 
    drop table if exists messages cascade 
26-07-27 18:24:06.626 [SpringApplicationShutdownHook] DEBUG org.hibernate.SQL - 
    drop table if exists read_statuses cascade 
26-07-27 18:24:06.626 [SpringApplicationShutdownHook] DEBUG org.hibernate.SQL - 
    drop table if exists user_statuses cascade 
26-07-27 18:24:06.627 [SpringApplicationShutdownHook] DEBUG org.hibernate.SQL - 
    drop table if exists users cascade 
26-07-27 18:24:06.627 [SpringApplicationShutdownHook] INFO  com.zaxxer.hikari.HikariDataSource - HikariPool-2 - Shutdown initiated...
26-07-27 18:24:06.628 [SpringApplicationShutdownHook] INFO  com.zaxxer.hikari.HikariDataSource - HikariPool-2 - Shutdown completed.
26-07-27 18:25:19.910 [background-preinit] INFO  o.h.validator.internal.util.Version - HV000001: Hibernate Validator 8.0.3.Final
26-07-27 18:25:19.940 [Test worker] INFO  c.s.m.d.DiscodeitApplicationTests - Starting DiscodeitApplicationTests using Java 17.0.19 with PID 38838 (started by apple in /Users/apple/Desktop/codeit-13th-develop/13-sprint-mission)
26-07-27 18:25:19.941 [Test worker] INFO  c.s.m.d.DiscodeitApplicationTests - No active profile set, falling back to 1 default profile: "default"
26-07-27 18:25:20.567 [Test worker] INFO  o.s.d.r.c.RepositoryConfigurationDelegate - Bootstrapping Spring Data JPA repositories in DEFAULT mode.
26-07-27 18:25:20.608 [Test worker] INFO  o.s.d.r.c.RepositoryConfigurationDelegate - Finished Spring Data repository scanning in 35 ms. Found 6 JPA repository interfaces.
26-07-27 18:25:20.943 [Test worker] INFO  o.h.jpa.internal.util.LogHelper - HHH000204: Processing PersistenceUnitInfo [name: default]
26-07-27 18:25:20.981 [Test worker] INFO  org.hibernate.Version - HHH000412: Hibernate ORM core version 6.6.49.Final
26-07-27 18:25:20.999 [Test worker] INFO  o.h.c.i.RegionFactoryInitiator - HHH000026: Second-level cache disabled
26-07-27 18:25:21.144 [Test worker] INFO  o.s.o.j.p.SpringPersistenceUnitInfo - No LoadTimeWeaver setup: ignoring JPA class transformer
26-07-27 18:25:21.161 [Test worker] INFO  com.zaxxer.hikari.HikariDataSource - HikariPool-1 - Starting...
26-07-27 18:25:21.266 [Test worker] INFO  com.zaxxer.hikari.pool.HikariPool - HikariPool-1 - Added connection conn0: url=jdbc:h2:mem:discodeit-test user=SA
26-07-27 18:25:21.267 [Test worker] INFO  com.zaxxer.hikari.HikariDataSource - HikariPool-1 - Start completed.
26-07-27 18:25:21.304 [Test worker] INFO  o.hibernate.orm.connections.pooling - HHH10001005: Database info:
	Database JDBC URL [Connecting through datasource 'p6SpyDataSourceDecorator [com.p6spy.engine.spy.P6DataSource] -> dataSource [com.zaxxer.hikari.HikariDataSource]']
	Database driver: undefined/unknown
	Database version: 2.3.232
	Autocommit mode: undefined/unknown
	Isolation level: undefined/unknown
	Minimum pool size: undefined/unknown
	Maximum pool size: undefined/unknown
26-07-27 18:25:21.854 [Test worker] INFO  o.h.e.t.j.p.i.JtaPlatformInitiator - HHH000489: No JTA platform available (set 'hibernate.transaction.jta.platform' to enable JTA platform integration)
26-07-27 18:25:21.863 [Test worker] DEBUG org.hibernate.SQL - 
    drop table if exists binary_contents cascade 
26-07-27 18:25:21.866 [Test worker] INFO  p6spy - #1785144321866 | took 0ms | statement | connection 1| url jdbc:h2:mem:discodeit-test

    drop table if exists binary_contents cascade 

    drop table if exists binary_contents cascade ;
26-07-27 18:25:21.867 [Test worker] DEBUG org.hibernate.SQL - 
    drop table if exists channels cascade 
26-07-27 18:25:21.867 [Test worker] INFO  p6spy - #1785144321867 | took 0ms | statement | connection 1| url jdbc:h2:mem:discodeit-test

    drop table if exists channels cascade 

    drop table if exists channels cascade ;
26-07-27 18:25:21.867 [Test worker] DEBUG org.hibernate.SQL - 
    drop table if exists message_attachments cascade 
26-07-27 18:25:21.867 [Test worker] INFO  p6spy - #1785144321867 | took 0ms | statement | connection 1| url jdbc:h2:mem:discodeit-test

    drop table if exists message_attachments cascade 

    drop table if exists message_attachments cascade ;
26-07-27 18:25:21.867 [Test worker] DEBUG org.hibernate.SQL - 
    drop table if exists messages cascade 
26-07-27 18:25:21.867 [Test worker] INFO  p6spy - #1785144321867 | took 0ms | statement | connection 1| url jdbc:h2:mem:discodeit-test

    drop table if exists messages cascade 

    drop table if exists messages cascade ;
26-07-27 18:25:21.868 [Test worker] DEBUG org.hibernate.SQL - 
    drop table if exists read_statuses cascade 
26-07-27 18:25:21.868 [Test worker] INFO  p6spy - #1785144321868 | took 0ms | statement | connection 1| url jdbc:h2:mem:discodeit-test

    drop table if exists read_statuses cascade 

    drop table if exists read_statuses cascade ;
26-07-27 18:25:21.868 [Test worker] DEBUG org.hibernate.SQL - 
    drop table if exists user_statuses cascade 
26-07-27 18:25:21.868 [Test worker] INFO  p6spy - #1785144321868 | took 0ms | statement | connection 1| url jdbc:h2:mem:discodeit-test

    drop table if exists user_statuses cascade 

    drop table if exists user_statuses cascade ;
26-07-27 18:25:21.868 [Test worker] DEBUG org.hibernate.SQL - 
    drop table if exists users cascade 
26-07-27 18:25:21.868 [Test worker] INFO  p6spy - #1785144321868 | took 0ms | statement | connection 1| url jdbc:h2:mem:discodeit-test

    drop table if exists users cascade 

    drop table if exists users cascade ;
26-07-27 18:25:21.871 [Test worker] DEBUG org.hibernate.SQL - 
    create table binary_contents (
        created_at timestamp(6) with time zone not null,
        size bigint not null,
        id uuid not null,
        content_type varchar(100) not null,
        file_name varchar(255) not null,
        primary key (id)
    )
26-07-27 18:25:21.874 [Test worker] INFO  p6spy - #1785144321874 | took 2ms | statement | connection 2| url jdbc:h2:mem:discodeit-test

    create table binary_contents (
        created_at timestamp(6) with time zone not null,
        size bigint not null,
        id uuid not null,
        content_type varchar(100) not null,
        file_name varchar(255) not null,
        primary key (id)
    )

    create table binary_contents (
        created_at timestamp(6) with time zone not null,
        size bigint not null,
        id uuid not null,
        content_type varchar(100) not null,
        file_name varchar(255) not null,
        primary key (id)
    );
26-07-27 18:25:21.875 [Test worker] DEBUG org.hibernate.SQL - 
    create table channels (
        created_at timestamp(6) with time zone not null,
        updated_at timestamp(6) with time zone,
        id uuid not null,
        name varchar(100),
        description varchar(500),
        type enum ('PRIVATE','PUBLIC') not null,
        primary key (id)
    )
26-07-27 18:25:21.876 [Test worker] INFO  p6spy - #1785144321876 | took 0ms | statement | connection 2| url jdbc:h2:mem:discodeit-test

    create table channels (
        created_at timestamp(6) with time zone not null,
        updated_at timestamp(6) with time zone,
        id uuid not null,
        name varchar(100),
        description varchar(500),
        type enum ('PRIVATE','PUBLIC') not null,
        primary key (id)
    )

    create table channels (
        created_at timestamp(6) with time zone not null,
        updated_at timestamp(6) with time zone,
        id uuid not null,
        name varchar(100),
        description varchar(500),
        type enum ('PRIVATE','PUBLIC') not null,
        primary key (id)
    );
26-07-27 18:25:21.876 [Test worker] DEBUG org.hibernate.SQL - 
    create table message_attachments (
        attachment_id uuid not null unique,
        message_id uuid not null
    )
26-07-27 18:25:21.877 [Test worker] INFO  p6spy - #1785144321877 | took 0ms | statement | connection 2| url jdbc:h2:mem:discodeit-test

    create table message_attachments (
        attachment_id uuid not null unique,
        message_id uuid not null
    )

    create table message_attachments (
        attachment_id uuid not null unique,
        message_id uuid not null
    );
26-07-27 18:25:21.877 [Test worker] DEBUG org.hibernate.SQL - 
    create table messages (
        created_at timestamp(6) with time zone not null,
        updated_at timestamp(6) with time zone,
        author_id uuid,
        channel_id uuid not null,
        id uuid not null,
        content text,
        primary key (id)
    )
26-07-27 18:25:21.878 [Test worker] INFO  p6spy - #1785144321878 | took 0ms | statement | connection 2| url jdbc:h2:mem:discodeit-test

    create table messages (
        created_at timestamp(6) with time zone not null,
        updated_at timestamp(6) with time zone,
        author_id uuid,
        channel_id uuid not null,
        id uuid not null,
        content text,
        primary key (id)
    )

    create table messages (
        created_at timestamp(6) with time zone not null,
        updated_at timestamp(6) with time zone,
        author_id uuid,
        channel_id uuid not null,
        id uuid not null,
        content text,
        primary key (id)
    );
26-07-27 18:25:21.879 [Test worker] DEBUG org.hibernate.SQL - 
    create table read_statuses (
        created_at timestamp(6) with time zone not null,
        last_read_at timestamp(6) with time zone not null,
        updated_at timestamp(6) with time zone,
        channel_id uuid not null,
        id uuid not null,
        user_id uuid not null,
        primary key (id)
    )
26-07-27 18:25:21.880 [Test worker] INFO  p6spy - #1785144321880 | took 0ms | statement | connection 2| url jdbc:h2:mem:discodeit-test

    create table read_statuses (
        created_at timestamp(6) with time zone not null,
        last_read_at timestamp(6) with time zone not null,
        updated_at timestamp(6) with time zone,
        channel_id uuid not null,
        id uuid not null,
        user_id uuid not null,
        primary key (id)
    )

    create table read_statuses (
        created_at timestamp(6) with time zone not null,
        last_read_at timestamp(6) with time zone not null,
        updated_at timestamp(6) with time zone,
        channel_id uuid not null,
        id uuid not null,
        user_id uuid not null,
        primary key (id)
    );
26-07-27 18:25:21.881 [Test worker] DEBUG org.hibernate.SQL - 
    create table user_statuses (
        created_at timestamp(6) with time zone not null,
        last_active_at timestamp(6) with time zone not null,
        updated_at timestamp(6) with time zone,
        id uuid not null,
        user_id uuid not null unique,
        primary key (id)
    )
26-07-27 18:25:21.882 [Test worker] INFO  p6spy - #1785144321882 | took 0ms | statement | connection 2| url jdbc:h2:mem:discodeit-test

    create table user_statuses (
        created_at timestamp(6) with time zone not null,
        last_active_at timestamp(6) with time zone not null,
        updated_at timestamp(6) with time zone,
        id uuid not null,
        user_id uuid not null unique,
        primary key (id)
    )

    create table user_statuses (
        created_at timestamp(6) with time zone not null,
        last_active_at timestamp(6) with time zone not null,
        updated_at timestamp(6) with time zone,
        id uuid not null,
        user_id uuid not null unique,
        primary key (id)
    );
26-07-27 18:25:21.882 [Test worker] DEBUG org.hibernate.SQL - 
    create table users (
        created_at timestamp(6) with time zone not null,
        updated_at timestamp(6) with time zone,
        id uuid not null,
        profile_id uuid unique,
        username varchar(50) not null unique,
        password varchar(60) not null,
        email varchar(100) not null unique,
        primary key (id)
    )
26-07-27 18:25:21.884 [Test worker] INFO  p6spy - #1785144321884 | took 1ms | statement | connection 2| url jdbc:h2:mem:discodeit-test

    create table users (
        created_at timestamp(6) with time zone not null,
        updated_at timestamp(6) with time zone,
        id uuid not null,
        profile_id uuid unique,
        username varchar(50) not null unique,
        password varchar(60) not null,
        email varchar(100) not null unique,
        primary key (id)
    )

    create table users (
        created_at timestamp(6) with time zone not null,
        updated_at timestamp(6) with time zone,
        id uuid not null,
        profile_id uuid unique,
        username varchar(50) not null unique,
        password varchar(60) not null,
        email varchar(100) not null unique,
        primary key (id)
    );
26-07-27 18:25:21.885 [Test worker] DEBUG org.hibernate.SQL - 
    alter table if exists message_attachments 
       add constraint FKsd1m8rb8jcpbcnb7rpdue7ctc 
       foreign key (attachment_id) 
       references binary_contents
26-07-27 18:25:21.891 [Test worker] INFO  p6spy - #1785144321891 | took 6ms | statement | connection 2| url jdbc:h2:mem:discodeit-test

    alter table if exists message_attachments 
       add constraint FKsd1m8rb8jcpbcnb7rpdue7ctc 
       foreign key (attachment_id) 
       references binary_contents

    alter table if exists message_attachments 
       add constraint FKsd1m8rb8jcpbcnb7rpdue7ctc 
       foreign key (attachment_id) 
       references binary_contents;
26-07-27 18:25:21.892 [Test worker] DEBUG org.hibernate.SQL - 
    alter table if exists message_attachments 
       add constraint FKj7twd218e2gqw9cmlhwvo1rth 
       foreign key (message_id) 
       references messages
26-07-27 18:25:21.892 [Test worker] INFO  p6spy - #1785144321892 | took 0ms | statement | connection 2| url jdbc:h2:mem:discodeit-test

    alter table if exists message_attachments 
       add constraint FKj7twd218e2gqw9cmlhwvo1rth 
       foreign key (message_id) 
       references messages

    alter table if exists message_attachments 
       add constraint FKj7twd218e2gqw9cmlhwvo1rth 
       foreign key (message_id) 
       references messages;
26-07-27 18:25:21.893 [Test worker] DEBUG org.hibernate.SQL - 
    alter table if exists messages 
       add constraint FKowtlim26svclkatusptbgi7u1 
       foreign key (author_id) 
       references users
26-07-27 18:25:21.893 [Test worker] INFO  p6spy - #1785144321893 | took 0ms | statement | connection 2| url jdbc:h2:mem:discodeit-test

    alter table if exists messages 
       add constraint FKowtlim26svclkatusptbgi7u1 
       foreign key (author_id) 
       references users

    alter table if exists messages 
       add constraint FKowtlim26svclkatusptbgi7u1 
       foreign key (author_id) 
       references users;
26-07-27 18:25:21.894 [Test worker] DEBUG org.hibernate.SQL - 
    alter table if exists messages 
       add constraint FK3u3ckbhwq9se1cmopk2pq05b2 
       foreign key (channel_id) 
       references channels
26-07-27 18:25:21.894 [Test worker] INFO  p6spy - #1785144321894 | took 0ms | statement | connection 2| url jdbc:h2:mem:discodeit-test

    alter table if exists messages 
       add constraint FK3u3ckbhwq9se1cmopk2pq05b2 
       foreign key (channel_id) 
       references channels

    alter table if exists messages 
       add constraint FK3u3ckbhwq9se1cmopk2pq05b2 
       foreign key (channel_id) 
       references channels;
26-07-27 18:25:21.894 [Test worker] DEBUG org.hibernate.SQL - 
    alter table if exists read_statuses 
       add constraint FKa38ri44ml4gfdpklx4ahqr8gd 
       foreign key (channel_id) 
       references channels
26-07-27 18:25:21.895 [Test worker] INFO  p6spy - #1785144321895 | took 0ms | statement | connection 2| url jdbc:h2:mem:discodeit-test

    alter table if exists read_statuses 
       add constraint FKa38ri44ml4gfdpklx4ahqr8gd 
       foreign key (channel_id) 
       references channels

    alter table if exists read_statuses 
       add constraint FKa38ri44ml4gfdpklx4ahqr8gd 
       foreign key (channel_id) 
       references channels;
26-07-27 18:25:21.895 [Test worker] DEBUG org.hibernate.SQL - 
    alter table if exists read_statuses 
       add constraint FKml3k4wr9sj5yxrmj6d0aoib2e 
       foreign key (user_id) 
       references users
26-07-27 18:25:21.897 [Test worker] INFO  p6spy - #1785144321897 | took 1ms | statement | connection 2| url jdbc:h2:mem:discodeit-test

    alter table if exists read_statuses 
       add constraint FKml3k4wr9sj5yxrmj6d0aoib2e 
       foreign key (user_id) 
       references users

    alter table if exists read_statuses 
       add constraint FKml3k4wr9sj5yxrmj6d0aoib2e 
       foreign key (user_id) 
       references users;
26-07-27 18:25:21.897 [Test worker] DEBUG org.hibernate.SQL - 
    alter table if exists user_statuses 
       add constraint FK4lfl3ei2ubchgcxrrpo3pw4mm 
       foreign key (user_id) 
       references users
26-07-27 18:25:21.898 [Test worker] INFO  p6spy - #1785144321898 | took 0ms | statement | connection 2| url jdbc:h2:mem:discodeit-test

    alter table if exists user_statuses 
       add constraint FK4lfl3ei2ubchgcxrrpo3pw4mm 
       foreign key (user_id) 
       references users

    alter table if exists user_statuses 
       add constraint FK4lfl3ei2ubchgcxrrpo3pw4mm 
       foreign key (user_id) 
       references users;
26-07-27 18:25:21.898 [Test worker] DEBUG org.hibernate.SQL - 
    alter table if exists users 
       add constraint FKtbudycgrip49xdptogmhfqnso 
       foreign key (profile_id) 
       references binary_contents
26-07-27 18:25:21.900 [Test worker] INFO  p6spy - #1785144321900 | took 1ms | statement | connection 2| url jdbc:h2:mem:discodeit-test

    alter table if exists users 
       add constraint FKtbudycgrip49xdptogmhfqnso 
       foreign key (profile_id) 
       references binary_contents

    alter table if exists users 
       add constraint FKtbudycgrip49xdptogmhfqnso 
       foreign key (profile_id) 
       references binary_contents;
26-07-27 18:25:21.902 [Test worker] INFO  o.s.o.j.LocalContainerEntityManagerFactoryBean - Initialized JPA EntityManagerFactory for persistence unit 'default'
26-07-27 18:25:22.133 [Test worker] INFO  o.s.d.j.r.query.QueryEnhancerFactory - Hibernate is in classpath; If applicable, HQL parser will be used.
26-07-27 18:25:22.634 [Test worker] INFO  o.s.b.a.w.s.WelcomePageHandlerMapping - Adding welcome page: class path resource [static/index.html]
26-07-27 18:25:22.984 [Test worker] INFO  o.s.b.a.e.web.EndpointLinksResolver - Exposing 4 endpoints beneath base path '/actuator'
26-07-27 18:25:23.039 [Test worker] INFO  c.s.m.d.DiscodeitApplicationTests - Started DiscodeitApplicationTests in 3.325 seconds (process running for 3.983)
26-07-27 18:25:23.473 [Test worker] INFO  c.s.m.d.c.BinaryContentController - Binary content download requested. binaryContentId=85cf9d79-3324-4215-a217-413e7ef5aa87, fileName=요청서.png, size=3
26-07-27 18:25:23.541 [Test worker] INFO  o.s.t.c.s.AnnotationConfigContextLoaderUtils - Could not detect default configuration classes for test class [com.sprint.mission.discodeit.controller.ChannelControllerTest]: ChannelControllerTest does not declare any static, non-private, non-final, nested classes annotated with @Configuration.
26-07-27 18:25:23.584 [Test worker] INFO  o.s.b.t.c.SpringBootTestContextBootstrapper - Found @SpringBootConfiguration com.sprint.mission.discodeit.DiscodeitApplication for test class com.sprint.mission.discodeit.controller.ChannelControllerTest
26-07-27 18:25:23.619 [Test worker] INFO  c.s.m.d.c.ChannelControllerTest - Starting ChannelControllerTest using Java 17.0.19 with PID 38838 (started by apple in /Users/apple/Desktop/codeit-13th-develop/13-sprint-mission)
26-07-27 18:25:23.619 [Test worker] INFO  c.s.m.d.c.ChannelControllerTest - No active profile set, falling back to 1 default profile: "default"
26-07-27 18:25:23.903 [Test worker] INFO  o.s.b.a.w.s.WelcomePageHandlerMapping - Adding welcome page: class path resource [static/index.html]
26-07-27 18:25:23.988 [Test worker] INFO  o.s.b.t.m.w.SpringBootMockServletContext - Initializing Spring TestDispatcherServlet ''
26-07-27 18:25:23.988 [Test worker] INFO  o.s.t.w.s.TestDispatcherServlet - Initializing Servlet ''
26-07-27 18:25:23.990 [Test worker] INFO  o.s.t.w.s.TestDispatcherServlet - Completed initialization in 1 ms
26-07-27 18:25:24.004 [Test worker] INFO  c.s.m.d.c.ChannelControllerTest - Started ChannelControllerTest in 0.417 seconds (process running for 4.947)
26-07-27 18:25:24.325 [Test worker] INFO  o.s.t.c.s.AnnotationConfigContextLoaderUtils - Could not detect default configuration classes for test class [com.sprint.mission.discodeit.controller.MessageControllerTest]: MessageControllerTest does not declare any static, non-private, non-final, nested classes annotated with @Configuration.
26-07-27 18:25:24.338 [Test worker] INFO  o.s.b.t.c.SpringBootTestContextBootstrapper - Found @SpringBootConfiguration com.sprint.mission.discodeit.DiscodeitApplication for test class com.sprint.mission.discodeit.controller.MessageControllerTest
26-07-27 18:25:24.363 [Test worker] INFO  c.s.m.d.c.MessageControllerTest - Starting MessageControllerTest using Java 17.0.19 with PID 38838 (started by apple in /Users/apple/Desktop/codeit-13th-develop/13-sprint-mission)
26-07-27 18:25:24.363 [Test worker] INFO  c.s.m.d.c.MessageControllerTest - No active profile set, falling back to 1 default profile: "default"
26-07-27 18:25:24.604 [Test worker] INFO  o.s.b.a.w.s.WelcomePageHandlerMapping - Adding welcome page: class path resource [static/index.html]
26-07-27 18:25:24.641 [Test worker] INFO  o.s.b.t.m.w.SpringBootMockServletContext - Initializing Spring TestDispatcherServlet ''
26-07-27 18:25:24.642 [Test worker] INFO  o.s.t.w.s.TestDispatcherServlet - Initializing Servlet ''
26-07-27 18:25:24.642 [Test worker] INFO  o.s.t.w.s.TestDispatcherServlet - Completed initialization in 0 ms
26-07-27 18:25:24.650 [Test worker] INFO  c.s.m.d.c.MessageControllerTest - Started MessageControllerTest in 0.308 seconds (process running for 5.593)
26-07-27 18:25:24.713 [Test worker] INFO  o.s.t.c.s.AnnotationConfigContextLoaderUtils - Could not detect default configuration classes for test class [com.sprint.mission.discodeit.controller.UserControllerTest]: UserControllerTest does not declare any static, non-private, non-final, nested classes annotated with @Configuration.
26-07-27 18:25:24.721 [Test worker] INFO  o.s.b.t.c.SpringBootTestContextBootstrapper - Found @SpringBootConfiguration com.sprint.mission.discodeit.DiscodeitApplication for test class com.sprint.mission.discodeit.controller.UserControllerTest
26-07-27 18:25:24.742 [Test worker] INFO  c.s.m.d.c.UserControllerTest - Starting UserControllerTest using Java 17.0.19 with PID 38838 (started by apple in /Users/apple/Desktop/codeit-13th-develop/13-sprint-mission)
26-07-27 18:25:24.742 [Test worker] INFO  c.s.m.d.c.UserControllerTest - No active profile set, falling back to 1 default profile: "default"
26-07-27 18:25:24.980 [Test worker] INFO  o.s.b.a.w.s.WelcomePageHandlerMapping - Adding welcome page: class path resource [static/index.html]
26-07-27 18:25:25.019 [Test worker] INFO  o.s.b.t.m.w.SpringBootMockServletContext - Initializing Spring TestDispatcherServlet ''
26-07-27 18:25:25.019 [Test worker] INFO  o.s.t.w.s.TestDispatcherServlet - Initializing Servlet ''
26-07-27 18:25:25.020 [Test worker] INFO  o.s.t.w.s.TestDispatcherServlet - Completed initialization in 1 ms
26-07-27 18:25:25.024 [Test worker] INFO  c.s.m.d.c.UserControllerTest - Started UserControllerTest in 0.301 seconds (process running for 5.968)
26-07-27 18:25:25.075 [Test worker] INFO  o.s.t.c.s.AnnotationConfigContextLoaderUtils - Could not detect default configuration classes for test class [com.sprint.mission.discodeit.integration.ChannelApiIntegrationTest]: ChannelApiIntegrationTest does not declare any static, non-private, non-final, nested classes annotated with @Configuration.
26-07-27 18:25:25.083 [Test worker] INFO  o.s.b.t.c.SpringBootTestContextBootstrapper - Found @SpringBootConfiguration com.sprint.mission.discodeit.DiscodeitApplication for test class com.sprint.mission.discodeit.integration.ChannelApiIntegrationTest
26-07-27 18:25:25.106 [Test worker] INFO  c.s.m.d.i.ChannelApiIntegrationTest - Starting ChannelApiIntegrationTest using Java 17.0.19 with PID 38838 (started by apple in /Users/apple/Desktop/codeit-13th-develop/13-sprint-mission)
26-07-27 18:25:25.106 [Test worker] DEBUG c.s.m.d.i.ChannelApiIntegrationTest - Running with Spring Boot v3.5.14, Spring v6.2.18
26-07-27 18:25:25.106 [Test worker] INFO  c.s.m.d.i.ChannelApiIntegrationTest - The following 1 profile is active: "test"
26-07-27 18:25:25.481 [Test worker] INFO  o.s.d.r.c.RepositoryConfigurationDelegate - Bootstrapping Spring Data JPA repositories in DEFAULT mode.
26-07-27 18:25:25.506 [Test worker] INFO  o.s.d.r.c.RepositoryConfigurationDelegate - Finished Spring Data repository scanning in 23 ms. Found 6 JPA repository interfaces.
26-07-27 18:25:25.620 [Test worker] INFO  c.g.g.b.j.d.p6spy.P6SpyConfiguration - P6Spy modulelist is overridden, some p6spy configuration features will not be applied
26-07-27 18:25:25.646 [Test worker] INFO  o.h.jpa.internal.util.LogHelper - HHH000204: Processing PersistenceUnitInfo [name: default]
26-07-27 18:25:25.650 [Test worker] INFO  o.h.c.i.RegionFactoryInitiator - HHH000026: Second-level cache disabled
26-07-27 18:25:25.659 [Test worker] INFO  o.s.o.j.p.SpringPersistenceUnitInfo - No LoadTimeWeaver setup: ignoring JPA class transformer
26-07-27 18:25:25.661 [Test worker] INFO  com.zaxxer.hikari.HikariDataSource - HikariPool-2 - Starting...
26-07-27 18:25:25.663 [Test worker] INFO  com.zaxxer.hikari.pool.HikariPool - HikariPool-2 - Added connection conn10: url=jdbc:h2:mem:discodeit-test user=SA
26-07-27 18:25:25.664 [Test worker] INFO  com.zaxxer.hikari.HikariDataSource - HikariPool-2 - Start completed.
26-07-27 18:25:25.665 [Test worker] INFO  o.hibernate.orm.connections.pooling - HHH10001005: Database info:
	Database JDBC URL [Connecting through datasource 'p6SpyDataSourceDecorator [com.p6spy.engine.spy.P6DataSource] -> dataSource [com.zaxxer.hikari.HikariDataSource]']
	Database driver: undefined/unknown
	Database version: 2.3.232
	Autocommit mode: undefined/unknown
	Isolation level: undefined/unknown
	Minimum pool size: undefined/unknown
	Maximum pool size: undefined/unknown
26-07-27 18:25:25.736 [Test worker] INFO  o.h.e.t.j.p.i.JtaPlatformInitiator - HHH000489: No JTA platform available (set 'hibernate.transaction.jta.platform' to enable JTA platform integration)
26-07-27 18:25:25.736 [Test worker] DEBUG org.hibernate.SQL - 
    drop table if exists binary_contents cascade 
26-07-27 18:25:25.738 [Test worker] INFO  p6spy - #1785144325738 | took 1ms | statement | connection 4| url jdbc:h2:mem:discodeit-test

    drop table if exists binary_contents cascade 

    drop table if exists binary_contents cascade ;
26-07-27 18:25:25.738 [Test worker] DEBUG org.hibernate.SQL - 
    drop table if exists channels cascade 
26-07-27 18:25:25.738 [Test worker] INFO  p6spy - #1785144325738 | took 0ms | statement | connection 4| url jdbc:h2:mem:discodeit-test

    drop table if exists channels cascade 

    drop table if exists channels cascade ;
26-07-27 18:25:25.739 [Test worker] DEBUG org.hibernate.SQL - 
    drop table if exists message_attachments cascade 
26-07-27 18:25:25.739 [Test worker] INFO  p6spy - #1785144325739 | took 0ms | statement | connection 4| url jdbc:h2:mem:discodeit-test

    drop table if exists message_attachments cascade 

    drop table if exists message_attachments cascade ;
26-07-27 18:25:25.739 [Test worker] DEBUG org.hibernate.SQL - 
    drop table if exists messages cascade 
26-07-27 18:25:25.745 [Test worker] INFO  p6spy - #1785144325745 | took 5ms | statement | connection 4| url jdbc:h2:mem:discodeit-test

    drop table if exists messages cascade 

    drop table if exists messages cascade ;
26-07-27 18:25:25.745 [Test worker] DEBUG org.hibernate.SQL - 
    drop table if exists read_statuses cascade 
26-07-27 18:25:25.747 [Test worker] INFO  p6spy - #1785144325747 | took 0ms | statement | connection 4| url jdbc:h2:mem:discodeit-test

    drop table if exists read_statuses cascade 

    drop table if exists read_statuses cascade ;
26-07-27 18:25:25.748 [Test worker] DEBUG org.hibernate.SQL - 
    drop table if exists user_statuses cascade 
26-07-27 18:25:25.749 [Test worker] INFO  p6spy - #1785144325749 | took 0ms | statement | connection 4| url jdbc:h2:mem:discodeit-test

    drop table if exists user_statuses cascade 

    drop table if exists user_statuses cascade ;
26-07-27 18:25:25.750 [Test worker] DEBUG org.hibernate.SQL - 
    drop table if exists users cascade 
26-07-27 18:25:25.752 [Test worker] INFO  p6spy - #1785144325752 | took 1ms | statement | connection 4| url jdbc:h2:mem:discodeit-test

    drop table if exists users cascade 

    drop table if exists users cascade ;
26-07-27 18:25:25.753 [Test worker] DEBUG org.hibernate.SQL - 
    create table binary_contents (
        created_at timestamp(6) with time zone not null,
        size bigint not null,
        id uuid not null,
        content_type varchar(100) not null,
        file_name varchar(255) not null,
        primary key (id)
    )
26-07-27 18:25:25.754 [Test worker] INFO  p6spy - #1785144325754 | took 0ms | statement | connection 5| url jdbc:h2:mem:discodeit-test

    create table binary_contents (
        created_at timestamp(6) with time zone not null,
        size bigint not null,
        id uuid not null,
        content_type varchar(100) not null,
        file_name varchar(255) not null,
        primary key (id)
    )

    create table binary_contents (
        created_at timestamp(6) with time zone not null,
        size bigint not null,
        id uuid not null,
        content_type varchar(100) not null,
        file_name varchar(255) not null,
        primary key (id)
    );
26-07-27 18:25:25.755 [Test worker] DEBUG org.hibernate.SQL - 
    create table channels (
        created_at timestamp(6) with time zone not null,
        updated_at timestamp(6) with time zone,
        id uuid not null,
        name varchar(100),
        description varchar(500),
        type enum ('PRIVATE','PUBLIC') not null,
        primary key (id)
    )
26-07-27 18:25:25.757 [Test worker] INFO  p6spy - #1785144325757 | took 1ms | statement | connection 5| url jdbc:h2:mem:discodeit-test

    create table channels (
        created_at timestamp(6) with time zone not null,
        updated_at timestamp(6) with time zone,
        id uuid not null,
        name varchar(100),
        description varchar(500),
        type enum ('PRIVATE','PUBLIC') not null,
        primary key (id)
    )

    create table channels (
        created_at timestamp(6) with time zone not null,
        updated_at timestamp(6) with time zone,
        id uuid not null,
        name varchar(100),
        description varchar(500),
        type enum ('PRIVATE','PUBLIC') not null,
        primary key (id)
    );
26-07-27 18:25:25.758 [Test worker] DEBUG org.hibernate.SQL - 
    create table message_attachments (
        attachment_id uuid not null unique,
        message_id uuid not null
    )
26-07-27 18:25:25.759 [Test worker] INFO  p6spy - #1785144325759 | took 1ms | statement | connection 5| url jdbc:h2:mem:discodeit-test

    create table message_attachments (
        attachment_id uuid not null unique,
        message_id uuid not null
    )

    create table message_attachments (
        attachment_id uuid not null unique,
        message_id uuid not null
    );
26-07-27 18:25:25.763 [Test worker] DEBUG org.hibernate.SQL - 
    create table messages (
        created_at timestamp(6) with time zone not null,
        updated_at timestamp(6) with time zone,
        author_id uuid,
        channel_id uuid not null,
        id uuid not null,
        content text,
        primary key (id)
    )
26-07-27 18:25:25.767 [Test worker] INFO  p6spy - #1785144325767 | took 1ms | statement | connection 5| url jdbc:h2:mem:discodeit-test

    create table messages (
        created_at timestamp(6) with time zone not null,
        updated_at timestamp(6) with time zone,
        author_id uuid,
        channel_id uuid not null,
        id uuid not null,
        content text,
        primary key (id)
    )

    create table messages (
        created_at timestamp(6) with time zone not null,
        updated_at timestamp(6) with time zone,
        author_id uuid,
        channel_id uuid not null,
        id uuid not null,
        content text,
        primary key (id)
    );
26-07-27 18:25:25.769 [Test worker] DEBUG org.hibernate.SQL - 
    create table read_statuses (
        created_at timestamp(6) with time zone not null,
        last_read_at timestamp(6) with time zone not null,
        updated_at timestamp(6) with time zone,
        channel_id uuid not null,
        id uuid not null,
        user_id uuid not null,
        primary key (id)
    )
26-07-27 18:25:25.771 [Test worker] INFO  p6spy - #1785144325771 | took 1ms | statement | connection 5| url jdbc:h2:mem:discodeit-test

    create table read_statuses (
        created_at timestamp(6) with time zone not null,
        last_read_at timestamp(6) with time zone not null,
        updated_at timestamp(6) with time zone,
        channel_id uuid not null,
        id uuid not null,
        user_id uuid not null,
        primary key (id)
    )

    create table read_statuses (
        created_at timestamp(6) with time zone not null,
        last_read_at timestamp(6) with time zone not null,
        updated_at timestamp(6) with time zone,
        channel_id uuid not null,
        id uuid not null,
        user_id uuid not null,
        primary key (id)
    );
26-07-27 18:25:25.772 [Test worker] DEBUG org.hibernate.SQL - 
    create table user_statuses (
        created_at timestamp(6) with time zone not null,
        last_active_at timestamp(6) with time zone not null,
        updated_at timestamp(6) with time zone,
        id uuid not null,
        user_id uuid not null unique,
        primary key (id)
    )
26-07-27 18:25:25.775 [Test worker] INFO  p6spy - #1785144325775 | took 2ms | statement | connection 5| url jdbc:h2:mem:discodeit-test

    create table user_statuses (
        created_at timestamp(6) with time zone not null,
        last_active_at timestamp(6) with time zone not null,
        updated_at timestamp(6) with time zone,
        id uuid not null,
        user_id uuid not null unique,
        primary key (id)
    )

    create table user_statuses (
        created_at timestamp(6) with time zone not null,
        last_active_at timestamp(6) with time zone not null,
        updated_at timestamp(6) with time zone,
        id uuid not null,
        user_id uuid not null unique,
        primary key (id)
    );
26-07-27 18:25:25.776 [Test worker] DEBUG org.hibernate.SQL - 
    create table users (
        created_at timestamp(6) with time zone not null,
        updated_at timestamp(6) with time zone,
        id uuid not null,
        profile_id uuid unique,
        username varchar(50) not null unique,
        password varchar(60) not null,
        email varchar(100) not null unique,
        primary key (id)
    )
26-07-27 18:25:25.804 [Test worker] INFO  p6spy - #1785144325804 | took 24ms | statement | connection 5| url jdbc:h2:mem:discodeit-test

    create table users (
        created_at timestamp(6) with time zone not null,
        updated_at timestamp(6) with time zone,
        id uuid not null,
        profile_id uuid unique,
        username varchar(50) not null unique,
        password varchar(60) not null,
        email varchar(100) not null unique,
        primary key (id)
    )

    create table users (
        created_at timestamp(6) with time zone not null,
        updated_at timestamp(6) with time zone,
        id uuid not null,
        profile_id uuid unique,
        username varchar(50) not null unique,
        password varchar(60) not null,
        email varchar(100) not null unique,
        primary key (id)
    );
26-07-27 18:25:25.807 [Test worker] DEBUG org.hibernate.SQL - 
    alter table if exists message_attachments 
       add constraint FKsd1m8rb8jcpbcnb7rpdue7ctc 
       foreign key (attachment_id) 
       references binary_contents
26-07-27 18:25:25.810 [Test worker] INFO  p6spy - #1785144325810 | took 2ms | statement | connection 5| url jdbc:h2:mem:discodeit-test

    alter table if exists message_attachments 
       add constraint FKsd1m8rb8jcpbcnb7rpdue7ctc 
       foreign key (attachment_id) 
       references binary_contents

    alter table if exists message_attachments 
       add constraint FKsd1m8rb8jcpbcnb7rpdue7ctc 
       foreign key (attachment_id) 
       references binary_contents;
26-07-27 18:25:25.811 [Test worker] DEBUG org.hibernate.SQL - 
    alter table if exists message_attachments 
       add constraint FKj7twd218e2gqw9cmlhwvo1rth 
       foreign key (message_id) 
       references messages
26-07-27 18:25:25.825 [Test worker] INFO  p6spy - #1785144325825 | took 14ms | statement | connection 5| url jdbc:h2:mem:discodeit-test

    alter table if exists message_attachments 
       add constraint FKj7twd218e2gqw9cmlhwvo1rth 
       foreign key (message_id) 
       references messages

    alter table if exists message_attachments 
       add constraint FKj7twd218e2gqw9cmlhwvo1rth 
       foreign key (message_id) 
       references messages;
26-07-27 18:25:25.828 [Test worker] DEBUG org.hibernate.SQL - 
    alter table if exists messages 
       add constraint FKowtlim26svclkatusptbgi7u1 
       foreign key (author_id) 
       references users
26-07-27 18:25:25.841 [Test worker] INFO  p6spy - #1785144325841 | took 7ms | statement | connection 5| url jdbc:h2:mem:discodeit-test

    alter table if exists messages 
       add constraint FKowtlim26svclkatusptbgi7u1 
       foreign key (author_id) 
       references users

    alter table if exists messages 
       add constraint FKowtlim26svclkatusptbgi7u1 
       foreign key (author_id) 
       references users;
26-07-27 18:25:25.843 [Test worker] DEBUG org.hibernate.SQL - 
    alter table if exists messages 
       add constraint FK3u3ckbhwq9se1cmopk2pq05b2 
       foreign key (channel_id) 
       references channels
26-07-27 18:25:25.846 [Test worker] INFO  p6spy - #1785144325846 | took 2ms | statement | connection 5| url jdbc:h2:mem:discodeit-test

    alter table if exists messages 
       add constraint FK3u3ckbhwq9se1cmopk2pq05b2 
       foreign key (channel_id) 
       references channels

    alter table if exists messages 
       add constraint FK3u3ckbhwq9se1cmopk2pq05b2 
       foreign key (channel_id) 
       references channels;
26-07-27 18:25:25.847 [Test worker] DEBUG org.hibernate.SQL - 
    alter table if exists read_statuses 
       add constraint FKa38ri44ml4gfdpklx4ahqr8gd 
       foreign key (channel_id) 
       references channels
26-07-27 18:25:25.849 [Test worker] INFO  p6spy - #1785144325848 | took 1ms | statement | connection 5| url jdbc:h2:mem:discodeit-test

    alter table if exists read_statuses 
       add constraint FKa38ri44ml4gfdpklx4ahqr8gd 
       foreign key (channel_id) 
       references channels

    alter table if exists read_statuses 
       add constraint FKa38ri44ml4gfdpklx4ahqr8gd 
       foreign key (channel_id) 
       references channels;
26-07-27 18:25:25.849 [Test worker] DEBUG org.hibernate.SQL - 
    alter table if exists read_statuses 
       add constraint FKml3k4wr9sj5yxrmj6d0aoib2e 
       foreign key (user_id) 
       references users
26-07-27 18:25:25.850 [Test worker] INFO  p6spy - #1785144325850 | took 0ms | statement | connection 5| url jdbc:h2:mem:discodeit-test

    alter table if exists read_statuses 
       add constraint FKml3k4wr9sj5yxrmj6d0aoib2e 
       foreign key (user_id) 
       references users

    alter table if exists read_statuses 
       add constraint FKml3k4wr9sj5yxrmj6d0aoib2e 
       foreign key (user_id) 
       references users;
26-07-27 18:25:25.850 [Test worker] DEBUG org.hibernate.SQL - 
    alter table if exists user_statuses 
       add constraint FK4lfl3ei2ubchgcxrrpo3pw4mm 
       foreign key (user_id) 
       references users
26-07-27 18:25:25.852 [Test worker] INFO  p6spy - #1785144325852 | took 1ms | statement | connection 5| url jdbc:h2:mem:discodeit-test

    alter table if exists user_statuses 
       add constraint FK4lfl3ei2ubchgcxrrpo3pw4mm 
       foreign key (user_id) 
       references users

    alter table if exists user_statuses 
       add constraint FK4lfl3ei2ubchgcxrrpo3pw4mm 
       foreign key (user_id) 
       references users;
26-07-27 18:25:25.852 [Test worker] DEBUG org.hibernate.SQL - 
    alter table if exists users 
       add constraint FKtbudycgrip49xdptogmhfqnso 
       foreign key (profile_id) 
       references binary_contents
26-07-27 18:25:25.853 [Test worker] INFO  p6spy - #1785144325853 | took 0ms | statement | connection 5| url jdbc:h2:mem:discodeit-test

    alter table if exists users 
       add constraint FKtbudycgrip49xdptogmhfqnso 
       foreign key (profile_id) 
       references binary_contents

    alter table if exists users 
       add constraint FKtbudycgrip49xdptogmhfqnso 
       foreign key (profile_id) 
       references binary_contents;
26-07-27 18:25:25.854 [Test worker] INFO  o.s.o.j.LocalContainerEntityManagerFactoryBean - Initialized JPA EntityManagerFactory for persistence unit 'default'
26-07-27 18:25:26.177 [Test worker] INFO  o.s.b.a.w.s.WelcomePageHandlerMapping - Adding welcome page: class path resource [static/index.html]
26-07-27 18:25:26.453 [Test worker] INFO  o.s.b.t.m.w.SpringBootMockServletContext - Initializing Spring TestDispatcherServlet ''
26-07-27 18:25:26.453 [Test worker] INFO  o.s.t.w.s.TestDispatcherServlet - Initializing Servlet ''
26-07-27 18:25:26.456 [Test worker] INFO  o.s.b.a.e.web.EndpointLinksResolver - Exposing 4 endpoints beneath base path '/actuator'
26-07-27 18:25:26.466 [Test worker] INFO  o.s.t.w.s.TestDispatcherServlet - Completed initialization in 13 ms
26-07-27 18:25:26.487 [Test worker] INFO  c.s.m.d.i.ChannelApiIntegrationTest - Started ChannelApiIntegrationTest in 1.402 seconds (process running for 7.431)
26-07-27 18:25:26.525 [Test worker] DEBUG c.s.m.d.s.basic.BasicUserService - Creating user. username=buzz, email=buzz@codeit.com, hasProfileImage=false
26-07-27 18:25:26.569 [Test worker] DEBUG org.hibernate.SQL - 
    select
        u1_0.id 
    from
        users u1_0 
    where
        u1_0.username=? 
        or u1_0.email=? 
    fetch
        first ? rows only
26-07-27 18:25:26.578 [Test worker] TRACE org.hibernate.orm.jdbc.bind - binding parameter (1:VARCHAR) <- [buzz]
26-07-27 18:25:26.579 [Test worker] TRACE org.hibernate.orm.jdbc.bind - binding parameter (2:VARCHAR) <- [buzz@codeit.com]
26-07-27 18:25:26.579 [Test worker] TRACE org.hibernate.orm.jdbc.bind - binding parameter (3:INTEGER) <- [1]
26-07-27 18:25:26.585 [Test worker] INFO  p6spy - #1785144326585 | took 5ms | statement | connection 6| url jdbc:h2:mem:discodeit-test
select u1_0.id from users u1_0 where u1_0.username=? or u1_0.email=? fetch first ? rows only
select u1_0.id from users u1_0 where u1_0.username='buzz' or u1_0.email='buzz@codeit.com' fetch first 1 rows only;
26-07-27 18:25:26.635 [Test worker] DEBUG org.hibernate.SQL - 
    insert 
    into
        users
        (created_at, email, password, profile_id, updated_at, username, id) 
    values
        (?, ?, ?, ?, ?, ?, ?)
26-07-27 18:25:26.636 [Test worker] TRACE org.hibernate.orm.jdbc.bind - binding parameter (1:TIMESTAMP_UTC) <- [2026-07-27T09:25:26.612928Z]
26-07-27 18:25:26.639 [Test worker] TRACE org.hibernate.orm.jdbc.bind - binding parameter (2:VARCHAR) <- [buzz@codeit.com]
26-07-27 18:25:26.640 [Test worker] TRACE org.hibernate.orm.jdbc.bind - binding parameter (3:VARCHAR) <- [password1]
26-07-27 18:25:26.640 [Test worker] TRACE org.hibernate.orm.jdbc.bind - binding parameter (4:UUID) <- [null]
26-07-27 18:25:26.640 [Test worker] TRACE org.hibernate.orm.jdbc.bind - binding parameter (5:TIMESTAMP_UTC) <- [2026-07-27T09:25:26.612928Z]
26-07-27 18:25:26.640 [Test worker] TRACE org.hibernate.orm.jdbc.bind - binding parameter (6:VARCHAR) <- [buzz]
26-07-27 18:25:26.640 [Test worker] TRACE org.hibernate.orm.jdbc.bind - binding parameter (7:UUID) <- [059a6b08-32e2-4826-9a5a-846db727a9e8]
26-07-27 18:25:26.643 [Test worker] INFO  p6spy - #1785144326642 | took 1ms | statement | connection 6| url jdbc:h2:mem:discodeit-test
insert into users (created_at,email,password,profile_id,updated_at,username,id) values (?,?,?,?,?,?,?)
insert into users (created_at,email,password,profile_id,updated_at,username,id) values ('2026-07-27T09:25:26.612928Z','buzz@codeit.com','password1',NULL,'2026-07-27T09:25:26.612928Z','buzz','059a6b08-32e2-4826-9a5a-846db727a9e8');
26-07-27 18:25:26.650 [Test worker] INFO  c.s.m.d.s.basic.BasicUserService - User created. userId=059a6b08-32e2-4826-9a5a-846db727a9e8, username=buzz
26-07-27 18:25:26.671 [Test worker] DEBUG c.s.m.d.s.basic.BasicChannelService - Creating private channel. participantCount=1
26-07-27 18:25:26.676 [Test worker] INFO  c.s.m.d.s.basic.BasicChannelService - Private channel created. channelId=e8c0b384-3f3a-429c-96ac-646b43d78b19, participantCount=1
26-07-27 18:25:26.682 [Test worker] DEBUG org.hibernate.SQL - 
    insert 
    into
        user_statuses
        (created_at, last_active_at, updated_at, user_id, id) 
    values
        (?, ?, ?, ?, ?)
26-07-27 18:25:26.683 [Test worker] TRACE org.hibernate.orm.jdbc.bind - binding parameter (1:TIMESTAMP_UTC) <- [2026-07-27T09:25:26.646749Z]
26-07-27 18:25:26.683 [Test worker] TRACE org.hibernate.orm.jdbc.bind - binding parameter (2:TIMESTAMP_UTC) <- [2026-07-27T09:25:26.645004Z]
26-07-27 18:25:26.683 [Test worker] TRACE org.hibernate.orm.jdbc.bind - binding parameter (3:TIMESTAMP_UTC) <- [2026-07-27T09:25:26.646749Z]
26-07-27 18:25:26.683 [Test worker] TRACE org.hibernate.orm.jdbc.bind - binding parameter (4:UUID) <- [059a6b08-32e2-4826-9a5a-846db727a9e8]
26-07-27 18:25:26.683 [Test worker] TRACE org.hibernate.orm.jdbc.bind - binding parameter (5:UUID) <- [68a5f280-8935-4334-b5cc-486a292630da]
26-07-27 18:25:26.683 [Test worker] INFO  p6spy - #1785144326683 | took 0ms | statement | connection 6| url jdbc:h2:mem:discodeit-test
insert into user_statuses (created_at,last_active_at,updated_at,user_id,id) values (?,?,?,?,?)
insert into user_statuses (created_at,last_active_at,updated_at,user_id,id) values ('2026-07-27T09:25:26.646749Z','2026-07-27T09:25:26.645004Z','2026-07-27T09:25:26.646749Z','059a6b08-32e2-4826-9a5a-846db727a9e8','68a5f280-8935-4334-b5cc-486a292630da');
26-07-27 18:25:26.684 [Test worker] DEBUG org.hibernate.SQL - 
    insert 
    into
        channels
        (created_at, description, name, type, updated_at, id) 
    values
        (?, ?, ?, ?, ?, ?)
26-07-27 18:25:26.684 [Test worker] TRACE org.hibernate.orm.jdbc.bind - binding parameter (1:TIMESTAMP_UTC) <- [2026-07-27T09:25:26.672234Z]
26-07-27 18:25:26.684 [Test worker] TRACE org.hibernate.orm.jdbc.bind - binding parameter (2:VARCHAR) <- [null]
26-07-27 18:25:26.684 [Test worker] TRACE org.hibernate.orm.jdbc.bind - binding parameter (3:VARCHAR) <- [null]
26-07-27 18:25:26.684 [Test worker] TRACE org.hibernate.orm.jdbc.bind - binding parameter (4:ENUM) <- [PRIVATE]
26-07-27 18:25:26.684 [Test worker] TRACE org.hibernate.orm.jdbc.bind - binding parameter (5:TIMESTAMP_UTC) <- [2026-07-27T09:25:26.672234Z]
26-07-27 18:25:26.684 [Test worker] TRACE org.hibernate.orm.jdbc.bind - binding parameter (6:UUID) <- [e8c0b384-3f3a-429c-96ac-646b43d78b19]
26-07-27 18:25:26.685 [Test worker] INFO  p6spy - #1785144326685 | took 0ms | statement | connection 6| url jdbc:h2:mem:discodeit-test
insert into channels (created_at,description,name,type,updated_at,id) values (?,?,?,?,?,?)
insert into channels (created_at,description,name,type,updated_at,id) values ('2026-07-27T09:25:26.672234Z',NULL,NULL,'PRIVATE','2026-07-27T09:25:26.672234Z','e8c0b384-3f3a-429c-96ac-646b43d78b19');
26-07-27 18:25:26.685 [Test worker] DEBUG org.hibernate.SQL - 
    insert 
    into
        read_statuses
        (channel_id, created_at, last_read_at, updated_at, user_id, id) 
    values
        (?, ?, ?, ?, ?, ?)
26-07-27 18:25:26.685 [Test worker] TRACE org.hibernate.orm.jdbc.bind - binding parameter (1:UUID) <- [e8c0b384-3f3a-429c-96ac-646b43d78b19]
26-07-27 18:25:26.685 [Test worker] TRACE org.hibernate.orm.jdbc.bind - binding parameter (2:TIMESTAMP_UTC) <- [2026-07-27T09:25:26.674792Z]
26-07-27 18:25:26.685 [Test worker] TRACE org.hibernate.orm.jdbc.bind - binding parameter (3:TIMESTAMP_UTC) <- [2026-07-27T09:25:26.674074Z]
26-07-27 18:25:26.685 [Test worker] TRACE org.hibernate.orm.jdbc.bind - binding parameter (4:TIMESTAMP_UTC) <- [2026-07-27T09:25:26.674792Z]
26-07-27 18:25:26.685 [Test worker] TRACE org.hibernate.orm.jdbc.bind - binding parameter (5:UUID) <- [059a6b08-32e2-4826-9a5a-846db727a9e8]
26-07-27 18:25:26.685 [Test worker] TRACE org.hibernate.orm.jdbc.bind - binding parameter (6:UUID) <- [6c324dc2-9aeb-4cc9-b0f0-da6e4330c44d]
26-07-27 18:25:26.686 [Test worker] INFO  p6spy - #1785144326686 | took 0ms | statement | connection 6| url jdbc:h2:mem:discodeit-test
insert into read_statuses (channel_id,created_at,last_read_at,updated_at,user_id,id) values (?,?,?,?,?,?)
insert into read_statuses (channel_id,created_at,last_read_at,updated_at,user_id,id) values ('e8c0b384-3f3a-429c-96ac-646b43d78b19','2026-07-27T09:25:26.674792Z','2026-07-27T09:25:26.674074Z','2026-07-27T09:25:26.674792Z','059a6b08-32e2-4826-9a5a-846db727a9e8','6c324dc2-9aeb-4cc9-b0f0-da6e4330c44d');
26-07-27 18:25:26.686 [Test worker] DEBUG org.hibernate.SQL - 
    select
        m1_0.id,
        m1_0.author_id,
        m1_0.channel_id,
        m1_0.content,
        m1_0.created_at,
        m1_0.updated_at 
    from
        messages m1_0 
    left join
        channels c1_0 
            on c1_0.id=m1_0.channel_id 
    where
        c1_0.id=?
26-07-27 18:25:26.686 [Test worker] TRACE org.hibernate.orm.jdbc.bind - binding parameter (1:UUID) <- [e8c0b384-3f3a-429c-96ac-646b43d78b19]
26-07-27 18:25:26.687 [Test worker] INFO  p6spy - #1785144326687 | took 0ms | statement | connection 6| url jdbc:h2:mem:discodeit-test
select m1_0.id,m1_0.author_id,m1_0.channel_id,m1_0.content,m1_0.created_at,m1_0.updated_at from messages m1_0 left join channels c1_0 on c1_0.id=m1_0.channel_id where c1_0.id=?
select m1_0.id,m1_0.author_id,m1_0.channel_id,m1_0.content,m1_0.created_at,m1_0.updated_at from messages m1_0 left join channels c1_0 on c1_0.id=m1_0.channel_id where c1_0.id='e8c0b384-3f3a-429c-96ac-646b43d78b19';
26-07-27 18:25:26.693 [Test worker] DEBUG org.hibernate.SQL - 
    select
        rs1_0.id,
        rs1_0.channel_id,
        rs1_0.created_at,
        rs1_0.last_read_at,
        rs1_0.updated_at,
        rs1_0.user_id 
    from
        read_statuses rs1_0 
    left join
        channels c1_0 
            on c1_0.id=rs1_0.channel_id 
    where
        c1_0.id=?
26-07-27 18:25:26.694 [Test worker] TRACE org.hibernate.orm.jdbc.bind - binding parameter (1:UUID) <- [e8c0b384-3f3a-429c-96ac-646b43d78b19]
26-07-27 18:25:26.694 [Test worker] INFO  p6spy - #1785144326694 | took 0ms | statement | connection 6| url jdbc:h2:mem:discodeit-test
select rs1_0.id,rs1_0.channel_id,rs1_0.created_at,rs1_0.last_read_at,rs1_0.updated_at,rs1_0.user_id from read_statuses rs1_0 left join channels c1_0 on c1_0.id=rs1_0.channel_id where c1_0.id=?
select rs1_0.id,rs1_0.channel_id,rs1_0.created_at,rs1_0.last_read_at,rs1_0.updated_at,rs1_0.user_id from read_statuses rs1_0 left join channels c1_0 on c1_0.id=rs1_0.channel_id where c1_0.id='e8c0b384-3f3a-429c-96ac-646b43d78b19';
26-07-27 18:25:26.703 [Test worker] INFO  p6spy - #1785144326703 | took 0ms | rollback | connection 6| url jdbc:h2:mem:discodeit-test

;
26-07-27 18:25:26.711 [Test worker] DEBUG c.s.m.d.s.basic.BasicChannelService - Creating public channel. name=notice
26-07-27 18:25:26.713 [Test worker] INFO  c.s.m.d.s.basic.BasicChannelService - Public channel created. channelId=f7d93875-8756-4dc2-95e2-b8e549166423, name=notice
26-07-27 18:25:26.714 [Test worker] DEBUG org.hibernate.SQL - 
    insert 
    into
        channels
        (created_at, description, name, type, updated_at, id) 
    values
        (?, ?, ?, ?, ?, ?)
26-07-27 18:25:26.714 [Test worker] TRACE org.hibernate.orm.jdbc.bind - binding parameter (1:TIMESTAMP_UTC) <- [2026-07-27T09:25:26.712605Z]
26-07-27 18:25:26.715 [Test worker] TRACE org.hibernate.orm.jdbc.bind - binding parameter (2:VARCHAR) <- [notice channel]
26-07-27 18:25:26.715 [Test worker] TRACE org.hibernate.orm.jdbc.bind - binding parameter (3:VARCHAR) <- [notice]
26-07-27 18:25:26.715 [Test worker] TRACE org.hibernate.orm.jdbc.bind - binding parameter (4:ENUM) <- [PUBLIC]
26-07-27 18:25:26.715 [Test worker] TRACE org.hibernate.orm.jdbc.bind - binding parameter (5:TIMESTAMP_UTC) <- [2026-07-27T09:25:26.712605Z]
26-07-27 18:25:26.715 [Test worker] TRACE org.hibernate.orm.jdbc.bind - binding parameter (6:UUID) <- [f7d93875-8756-4dc2-95e2-b8e549166423]
26-07-27 18:25:26.715 [Test worker] INFO  p6spy - #1785144326715 | took 0ms | statement | connection 7| url jdbc:h2:mem:discodeit-test
insert into channels (created_at,description,name,type,updated_at,id) values (?,?,?,?,?,?)
insert into channels (created_at,description,name,type,updated_at,id) values ('2026-07-27T09:25:26.712605Z','notice channel','notice','PUBLIC','2026-07-27T09:25:26.712605Z','f7d93875-8756-4dc2-95e2-b8e549166423');
26-07-27 18:25:26.716 [Test worker] DEBUG org.hibernate.SQL - 
    select
        m1_0.id,
        m1_0.author_id,
        m1_0.channel_id,
        m1_0.content,
        m1_0.created_at,
        m1_0.updated_at 
    from
        messages m1_0 
    left join
        channels c1_0 
            on c1_0.id=m1_0.channel_id 
    where
        c1_0.id=?
26-07-27 18:25:26.716 [Test worker] TRACE org.hibernate.orm.jdbc.bind - binding parameter (1:UUID) <- [f7d93875-8756-4dc2-95e2-b8e549166423]
26-07-27 18:25:26.716 [Test worker] INFO  p6spy - #1785144326716 | took 0ms | statement | connection 7| url jdbc:h2:mem:discodeit-test
select m1_0.id,m1_0.author_id,m1_0.channel_id,m1_0.content,m1_0.created_at,m1_0.updated_at from messages m1_0 left join channels c1_0 on c1_0.id=m1_0.channel_id where c1_0.id=?
select m1_0.id,m1_0.author_id,m1_0.channel_id,m1_0.content,m1_0.created_at,m1_0.updated_at from messages m1_0 left join channels c1_0 on c1_0.id=m1_0.channel_id where c1_0.id='f7d93875-8756-4dc2-95e2-b8e549166423';
26-07-27 18:25:26.721 [Test worker] DEBUG c.s.m.d.s.basic.BasicChannelService - Updating channel. channelId=f7d93875-8756-4dc2-95e2-b8e549166423
26-07-27 18:25:26.721 [Test worker] INFO  c.s.m.d.s.basic.BasicChannelService - Channel updated. channelId=f7d93875-8756-4dc2-95e2-b8e549166423
26-07-27 18:25:26.725 [Test worker] DEBUG org.hibernate.SQL - 
    update
        channels 
    set
        description=?,
        name=?,
        type=?,
        updated_at=? 
    where
        id=?
26-07-27 18:25:26.727 [Test worker] TRACE org.hibernate.orm.jdbc.bind - binding parameter (1:VARCHAR) <- [updated channel]
26-07-27 18:25:26.729 [Test worker] TRACE org.hibernate.orm.jdbc.bind - binding parameter (2:VARCHAR) <- [new-notice]
26-07-27 18:25:26.729 [Test worker] TRACE org.hibernate.orm.jdbc.bind - binding parameter (3:ENUM) <- [PUBLIC]
26-07-27 18:25:26.729 [Test worker] TRACE org.hibernate.orm.jdbc.bind - binding parameter (4:TIMESTAMP_UTC) <- [2026-07-27T09:25:26.722490Z]
26-07-27 18:25:26.729 [Test worker] TRACE org.hibernate.orm.jdbc.bind - binding parameter (5:UUID) <- [f7d93875-8756-4dc2-95e2-b8e549166423]
26-07-27 18:25:26.730 [Test worker] INFO  p6spy - #1785144326730 | took 0ms | statement | connection 7| url jdbc:h2:mem:discodeit-test
update channels set description=?,name=?,type=?,updated_at=? where id=?
update channels set description='updated channel',name='new-notice',type='PUBLIC',updated_at='2026-07-27T09:25:26.722490Z' where id='f7d93875-8756-4dc2-95e2-b8e549166423';
26-07-27 18:25:26.731 [Test worker] DEBUG org.hibernate.SQL - 
    select
        m1_0.id,
        m1_0.author_id,
        m1_0.channel_id,
        m1_0.content,
        m1_0.created_at,
        m1_0.updated_at 
    from
        messages m1_0 
    left join
        channels c1_0 
            on c1_0.id=m1_0.channel_id 
    where
        c1_0.id=?
26-07-27 18:25:26.731 [Test worker] TRACE org.hibernate.orm.jdbc.bind - binding parameter (1:UUID) <- [f7d93875-8756-4dc2-95e2-b8e549166423]
26-07-27 18:25:26.731 [Test worker] INFO  p6spy - #1785144326731 | took 0ms | statement | connection 7| url jdbc:h2:mem:discodeit-test
select m1_0.id,m1_0.author_id,m1_0.channel_id,m1_0.content,m1_0.created_at,m1_0.updated_at from messages m1_0 left join channels c1_0 on c1_0.id=m1_0.channel_id where c1_0.id=?
select m1_0.id,m1_0.author_id,m1_0.channel_id,m1_0.content,m1_0.created_at,m1_0.updated_at from messages m1_0 left join channels c1_0 on c1_0.id=m1_0.channel_id where c1_0.id='f7d93875-8756-4dc2-95e2-b8e549166423';
26-07-27 18:25:26.733 [Test worker] DEBUG c.s.m.d.s.basic.BasicChannelService - Deleting channel. channelId=f7d93875-8756-4dc2-95e2-b8e549166423
26-07-27 18:25:26.734 [Test worker] DEBUG org.hibernate.SQL - 
    select
        m1_0.id,
        m1_0.author_id,
        m1_0.channel_id,
        m1_0.content,
        m1_0.created_at,
        m1_0.updated_at 
    from
        messages m1_0 
    left join
        channels c1_0 
            on c1_0.id=m1_0.channel_id 
    where
        c1_0.id=?
26-07-27 18:25:26.735 [Test worker] TRACE org.hibernate.orm.jdbc.bind - binding parameter (1:UUID) <- [f7d93875-8756-4dc2-95e2-b8e549166423]
26-07-27 18:25:26.735 [Test worker] INFO  p6spy - #1785144326735 | took 0ms | statement | connection 7| url jdbc:h2:mem:discodeit-test
select m1_0.id,m1_0.author_id,m1_0.channel_id,m1_0.content,m1_0.created_at,m1_0.updated_at from messages m1_0 left join channels c1_0 on c1_0.id=m1_0.channel_id where c1_0.id=?
select m1_0.id,m1_0.author_id,m1_0.channel_id,m1_0.content,m1_0.created_at,m1_0.updated_at from messages m1_0 left join channels c1_0 on c1_0.id=m1_0.channel_id where c1_0.id='f7d93875-8756-4dc2-95e2-b8e549166423';
26-07-27 18:25:26.736 [Test worker] DEBUG org.hibernate.SQL - 
    select
        rs1_0.id,
        rs1_0.channel_id,
        rs1_0.created_at,
        rs1_0.last_read_at,
        rs1_0.updated_at,
        rs1_0.user_id 
    from
        read_statuses rs1_0 
    left join
        channels c1_0 
            on c1_0.id=rs1_0.channel_id 
    where
        c1_0.id=?
26-07-27 18:25:26.737 [Test worker] TRACE org.hibernate.orm.jdbc.bind - binding parameter (1:UUID) <- [f7d93875-8756-4dc2-95e2-b8e549166423]
26-07-27 18:25:26.737 [Test worker] INFO  p6spy - #1785144326737 | took 0ms | statement | connection 7| url jdbc:h2:mem:discodeit-test
select rs1_0.id,rs1_0.channel_id,rs1_0.created_at,rs1_0.last_read_at,rs1_0.updated_at,rs1_0.user_id from read_statuses rs1_0 left join channels c1_0 on c1_0.id=rs1_0.channel_id where c1_0.id=?
select rs1_0.id,rs1_0.channel_id,rs1_0.created_at,rs1_0.last_read_at,rs1_0.updated_at,rs1_0.user_id from read_statuses rs1_0 left join channels c1_0 on c1_0.id=rs1_0.channel_id where c1_0.id='f7d93875-8756-4dc2-95e2-b8e549166423';
26-07-27 18:25:26.739 [Test worker] INFO  c.s.m.d.s.basic.BasicChannelService - Channel deleted. channelId=f7d93875-8756-4dc2-95e2-b8e549166423
26-07-27 18:25:26.743 [Test worker] INFO  p6spy - #1785144326743 | took 0ms | rollback | connection 7| url jdbc:h2:mem:discodeit-test

;
26-07-27 18:25:26.749 [Test worker] DEBUG c.s.m.d.s.basic.BasicUserService - Creating user. username=woody, email=woody@codeit.com, hasProfileImage=false
26-07-27 18:25:26.750 [Test worker] DEBUG org.hibernate.SQL - 
    select
        u1_0.id 
    from
        users u1_0 
    where
        u1_0.username=? 
        or u1_0.email=? 
    fetch
        first ? rows only
26-07-27 18:25:26.750 [Test worker] TRACE org.hibernate.orm.jdbc.bind - binding parameter (1:VARCHAR) <- [woody]
26-07-27 18:25:26.750 [Test worker] TRACE org.hibernate.orm.jdbc.bind - binding parameter (2:VARCHAR) <- [woody@codeit.com]
26-07-27 18:25:26.751 [Test worker] TRACE org.hibernate.orm.jdbc.bind - binding parameter (3:INTEGER) <- [1]
26-07-27 18:25:26.751 [Test worker] INFO  p6spy - #1785144326751 | took 0ms | statement | connection 8| url jdbc:h2:mem:discodeit-test
select u1_0.id from users u1_0 where u1_0.username=? or u1_0.email=? fetch first ? rows only
select u1_0.id from users u1_0 where u1_0.username='woody' or u1_0.email='woody@codeit.com' fetch first 1 rows only;
26-07-27 18:25:26.752 [Test worker] DEBUG org.hibernate.SQL - 
    insert 
    into
        users
        (created_at, email, password, profile_id, updated_at, username, id) 
    values
        (?, ?, ?, ?, ?, ?, ?)
26-07-27 18:25:26.752 [Test worker] TRACE org.hibernate.orm.jdbc.bind - binding parameter (1:TIMESTAMP_UTC) <- [2026-07-27T09:25:26.751830Z]
26-07-27 18:25:26.752 [Test worker] TRACE org.hibernate.orm.jdbc.bind - binding parameter (2:VARCHAR) <- [woody@codeit.com]
26-07-27 18:25:26.752 [Test worker] TRACE org.hibernate.orm.jdbc.bind - binding parameter (3:VARCHAR) <- [password1]
26-07-27 18:25:26.753 [Test worker] TRACE org.hibernate.orm.jdbc.bind - binding parameter (4:UUID) <- [null]
26-07-27 18:25:26.753 [Test worker] TRACE org.hibernate.orm.jdbc.bind - binding parameter (5:TIMESTAMP_UTC) <- [2026-07-27T09:25:26.751830Z]
26-07-27 18:25:26.753 [Test worker] TRACE org.hibernate.orm.jdbc.bind - binding parameter (6:VARCHAR) <- [woody]
26-07-27 18:25:26.753 [Test worker] TRACE org.hibernate.orm.jdbc.bind - binding parameter (7:UUID) <- [bb238878-a798-4427-942f-61c93ea4fd77]
26-07-27 18:25:26.753 [Test worker] INFO  p6spy - #1785144326753 | took 0ms | statement | connection 8| url jdbc:h2:mem:discodeit-test
insert into users (created_at,email,password,profile_id,updated_at,username,id) values (?,?,?,?,?,?,?)
insert into users (created_at,email,password,profile_id,updated_at,username,id) values ('2026-07-27T09:25:26.751830Z','woody@codeit.com','password1',NULL,'2026-07-27T09:25:26.751830Z','woody','bb238878-a798-4427-942f-61c93ea4fd77');
26-07-27 18:25:26.754 [Test worker] INFO  c.s.m.d.s.basic.BasicUserService - User created. userId=bb238878-a798-4427-942f-61c93ea4fd77, username=woody
26-07-27 18:25:26.755 [Test worker] DEBUG c.s.m.d.s.basic.BasicChannelService - Creating public channel. name=general
26-07-27 18:25:26.756 [Test worker] INFO  c.s.m.d.s.basic.BasicChannelService - Public channel created. channelId=049067cf-40ff-4766-a098-ccc61fd6fa70, name=general
26-07-27 18:25:26.757 [Test worker] DEBUG org.hibernate.SQL - 
    insert 
    into
        user_statuses
        (created_at, last_active_at, updated_at, user_id, id) 
    values
        (?, ?, ?, ?, ?)
26-07-27 18:25:26.758 [Test worker] TRACE org.hibernate.orm.jdbc.bind - binding parameter (1:TIMESTAMP_UTC) <- [2026-07-27T09:25:26.754055Z]
26-07-27 18:25:26.758 [Test worker] TRACE org.hibernate.orm.jdbc.bind - binding parameter (2:TIMESTAMP_UTC) <- [2026-07-27T09:25:26.753841Z]
26-07-27 18:25:26.758 [Test worker] TRACE org.hibernate.orm.jdbc.bind - binding parameter (3:TIMESTAMP_UTC) <- [2026-07-27T09:25:26.754055Z]
26-07-27 18:25:26.758 [Test worker] TRACE org.hibernate.orm.jdbc.bind - binding parameter (4:UUID) <- [bb238878-a798-4427-942f-61c93ea4fd77]
26-07-27 18:25:26.758 [Test worker] TRACE org.hibernate.orm.jdbc.bind - binding parameter (5:UUID) <- [ee86c1a6-221b-43dc-a729-4667d5ffe4c0]
26-07-27 18:25:26.758 [Test worker] INFO  p6spy - #1785144326758 | took 0ms | statement | connection 8| url jdbc:h2:mem:discodeit-test
insert into user_statuses (created_at,last_active_at,updated_at,user_id,id) values (?,?,?,?,?)
insert into user_statuses (created_at,last_active_at,updated_at,user_id,id) values ('2026-07-27T09:25:26.754055Z','2026-07-27T09:25:26.753841Z','2026-07-27T09:25:26.754055Z','bb238878-a798-4427-942f-61c93ea4fd77','ee86c1a6-221b-43dc-a729-4667d5ffe4c0');
26-07-27 18:25:26.758 [Test worker] DEBUG org.hibernate.SQL - 
    insert 
    into
        channels
        (created_at, description, name, type, updated_at, id) 
    values
        (?, ?, ?, ?, ?, ?)
26-07-27 18:25:26.759 [Test worker] TRACE org.hibernate.orm.jdbc.bind - binding parameter (1:TIMESTAMP_UTC) <- [2026-07-27T09:25:26.756362Z]
26-07-27 18:25:26.759 [Test worker] TRACE org.hibernate.orm.jdbc.bind - binding parameter (2:VARCHAR) <- [general channel]
26-07-27 18:25:26.759 [Test worker] TRACE org.hibernate.orm.jdbc.bind - binding parameter (3:VARCHAR) <- [general]
26-07-27 18:25:26.759 [Test worker] TRACE org.hibernate.orm.jdbc.bind - binding parameter (4:ENUM) <- [PUBLIC]
26-07-27 18:25:26.759 [Test worker] TRACE org.hibernate.orm.jdbc.bind - binding parameter (5:TIMESTAMP_UTC) <- [2026-07-27T09:25:26.756362Z]
26-07-27 18:25:26.759 [Test worker] TRACE org.hibernate.orm.jdbc.bind - binding parameter (6:UUID) <- [049067cf-40ff-4766-a098-ccc61fd6fa70]
26-07-27 18:25:26.759 [Test worker] INFO  p6spy - #1785144326759 | took 0ms | statement | connection 8| url jdbc:h2:mem:discodeit-test
insert into channels (created_at,description,name,type,updated_at,id) values (?,?,?,?,?,?)
insert into channels (created_at,description,name,type,updated_at,id) values ('2026-07-27T09:25:26.756362Z','general channel','general','PUBLIC','2026-07-27T09:25:26.756362Z','049067cf-40ff-4766-a098-ccc61fd6fa70');
26-07-27 18:25:26.759 [Test worker] DEBUG org.hibernate.SQL - 
    select
        m1_0.id,
        m1_0.author_id,
        m1_0.channel_id,
        m1_0.content,
        m1_0.created_at,
        m1_0.updated_at 
    from
        messages m1_0 
    left join
        channels c1_0 
            on c1_0.id=m1_0.channel_id 
    where
        c1_0.id=?
26-07-27 18:25:26.760 [Test worker] TRACE org.hibernate.orm.jdbc.bind - binding parameter (1:UUID) <- [049067cf-40ff-4766-a098-ccc61fd6fa70]
26-07-27 18:25:26.761 [Test worker] INFO  p6spy - #1785144326761 | took 0ms | statement | connection 8| url jdbc:h2:mem:discodeit-test
select m1_0.id,m1_0.author_id,m1_0.channel_id,m1_0.content,m1_0.created_at,m1_0.updated_at from messages m1_0 left join channels c1_0 on c1_0.id=m1_0.channel_id where c1_0.id=?
select m1_0.id,m1_0.author_id,m1_0.channel_id,m1_0.content,m1_0.created_at,m1_0.updated_at from messages m1_0 left join channels c1_0 on c1_0.id=m1_0.channel_id where c1_0.id='049067cf-40ff-4766-a098-ccc61fd6fa70';
26-07-27 18:25:26.766 [Test worker] DEBUG org.hibernate.SQL - 
    select
        rs1_0.id,
        rs1_0.channel_id,
        rs1_0.created_at,
        rs1_0.last_read_at,
        rs1_0.updated_at,
        rs1_0.user_id 
    from
        read_statuses rs1_0 
    left join
        users u1_0 
            on u1_0.id=rs1_0.user_id 
    where
        u1_0.id=?
26-07-27 18:25:26.766 [Test worker] TRACE org.hibernate.orm.jdbc.bind - binding parameter (1:UUID) <- [bb238878-a798-4427-942f-61c93ea4fd77]
26-07-27 18:25:26.766 [Test worker] INFO  p6spy - #1785144326766 | took 0ms | statement | connection 8| url jdbc:h2:mem:discodeit-test
select rs1_0.id,rs1_0.channel_id,rs1_0.created_at,rs1_0.last_read_at,rs1_0.updated_at,rs1_0.user_id from read_statuses rs1_0 left join users u1_0 on u1_0.id=rs1_0.user_id where u1_0.id=?
select rs1_0.id,rs1_0.channel_id,rs1_0.created_at,rs1_0.last_read_at,rs1_0.updated_at,rs1_0.user_id from read_statuses rs1_0 left join users u1_0 on u1_0.id=rs1_0.user_id where u1_0.id='bb238878-a798-4427-942f-61c93ea4fd77';
26-07-27 18:25:26.768 [Test worker] DEBUG org.hibernate.SQL - 
    select
        c1_0.id,
        c1_0.created_at,
        c1_0.description,
        c1_0.name,
        c1_0.type,
        c1_0.updated_at 
    from
        channels c1_0
26-07-27 18:25:26.769 [Test worker] INFO  p6spy - #1785144326769 | took 0ms | statement | connection 8| url jdbc:h2:mem:discodeit-test
select c1_0.id,c1_0.created_at,c1_0.description,c1_0.name,c1_0.type,c1_0.updated_at from channels c1_0
select c1_0.id,c1_0.created_at,c1_0.description,c1_0.name,c1_0.type,c1_0.updated_at from channels c1_0;
26-07-27 18:25:26.781 [Test worker] DEBUG org.hibernate.SQL - 
    select
        m1_0.channel_id,
        max(m1_0.created_at) 
    from
        messages m1_0 
    where
        m1_0.channel_id in (?) 
    group by
        m1_0.channel_id
26-07-27 18:25:26.783 [Test worker] TRACE org.hibernate.orm.jdbc.bind - binding parameter (1:UUID) <- [049067cf-40ff-4766-a098-ccc61fd6fa70]
26-07-27 18:25:26.784 [Test worker] INFO  p6spy - #1785144326784 | took 1ms | statement | connection 8| url jdbc:h2:mem:discodeit-test
select m1_0.channel_id,max(m1_0.created_at) from messages m1_0 where m1_0.channel_id in (?) group by m1_0.channel_id
select m1_0.channel_id,max(m1_0.created_at) from messages m1_0 where m1_0.channel_id in ('049067cf-40ff-4766-a098-ccc61fd6fa70') group by m1_0.channel_id;
26-07-27 18:25:26.792 [Test worker] INFO  p6spy - #1785144326792 | took 0ms | rollback | connection 8| url jdbc:h2:mem:discodeit-test

;
26-07-27 18:25:26.794 [Test worker] INFO  o.s.t.c.s.AnnotationConfigContextLoaderUtils - Could not detect default configuration classes for test class [com.sprint.mission.discodeit.integration.MessageApiIntegrationTest]: MessageApiIntegrationTest does not declare any static, non-private, non-final, nested classes annotated with @Configuration.
26-07-27 18:25:26.797 [Test worker] INFO  o.s.b.t.c.SpringBootTestContextBootstrapper - Found @SpringBootConfiguration com.sprint.mission.discodeit.DiscodeitApplication for test class com.sprint.mission.discodeit.integration.MessageApiIntegrationTest
26-07-27 18:25:26.802 [Test worker] DEBUG c.s.m.d.s.basic.BasicUserService - Creating user. username=woody, email=woody@codeit.com, hasProfileImage=false
26-07-27 18:25:26.803 [Test worker] DEBUG org.hibernate.SQL - 
    select
        u1_0.id 
    from
        users u1_0 
    where
        u1_0.username=? 
        or u1_0.email=? 
    fetch
        first ? rows only
26-07-27 18:25:26.803 [Test worker] TRACE org.hibernate.orm.jdbc.bind - binding parameter (1:VARCHAR) <- [woody]
26-07-27 18:25:26.803 [Test worker] TRACE org.hibernate.orm.jdbc.bind - binding parameter (2:VARCHAR) <- [woody@codeit.com]
26-07-27 18:25:26.803 [Test worker] TRACE org.hibernate.orm.jdbc.bind - binding parameter (3:INTEGER) <- [1]
26-07-27 18:25:26.803 [Test worker] INFO  p6spy - #1785144326803 | took 0ms | statement | connection 9| url jdbc:h2:mem:discodeit-test
select u1_0.id from users u1_0 where u1_0.username=? or u1_0.email=? fetch first ? rows only
select u1_0.id from users u1_0 where u1_0.username='woody' or u1_0.email='woody@codeit.com' fetch first 1 rows only;
26-07-27 18:25:26.804 [Test worker] DEBUG org.hibernate.SQL - 
    insert 
    into
        users
        (created_at, email, password, profile_id, updated_at, username, id) 
    values
        (?, ?, ?, ?, ?, ?, ?)
26-07-27 18:25:26.804 [Test worker] TRACE org.hibernate.orm.jdbc.bind - binding parameter (1:TIMESTAMP_UTC) <- [2026-07-27T09:25:26.804293Z]
26-07-27 18:25:26.804 [Test worker] TRACE org.hibernate.orm.jdbc.bind - binding parameter (2:VARCHAR) <- [woody@codeit.com]
26-07-27 18:25:26.804 [Test worker] TRACE org.hibernate.orm.jdbc.bind - binding parameter (3:VARCHAR) <- [password1]
26-07-27 18:25:26.805 [Test worker] TRACE org.hibernate.orm.jdbc.bind - binding parameter (4:UUID) <- [null]
26-07-27 18:25:26.805 [Test worker] TRACE org.hibernate.orm.jdbc.bind - binding parameter (5:TIMESTAMP_UTC) <- [2026-07-27T09:25:26.804293Z]
26-07-27 18:25:26.805 [Test worker] TRACE org.hibernate.orm.jdbc.bind - binding parameter (6:VARCHAR) <- [woody]
26-07-27 18:25:26.805 [Test worker] TRACE org.hibernate.orm.jdbc.bind - binding parameter (7:UUID) <- [5322290e-9261-44da-b549-7fc3b41b2e80]
26-07-27 18:25:26.805 [Test worker] INFO  p6spy - #1785144326805 | took 0ms | statement | connection 9| url jdbc:h2:mem:discodeit-test
insert into users (created_at,email,password,profile_id,updated_at,username,id) values (?,?,?,?,?,?,?)
insert into users (created_at,email,password,profile_id,updated_at,username,id) values ('2026-07-27T09:25:26.804293Z','woody@codeit.com','password1',NULL,'2026-07-27T09:25:26.804293Z','woody','5322290e-9261-44da-b549-7fc3b41b2e80');
26-07-27 18:25:26.805 [Test worker] INFO  c.s.m.d.s.basic.BasicUserService - User created. userId=5322290e-9261-44da-b549-7fc3b41b2e80, username=woody
26-07-27 18:25:26.807 [Test worker] DEBUG c.s.m.d.s.basic.BasicChannelService - Creating public channel. name=general
26-07-27 18:25:26.807 [Test worker] INFO  c.s.m.d.s.basic.BasicChannelService - Public channel created. channelId=92190d15-9ef2-4f10-8a13-1f0a528d85d0, name=general
26-07-27 18:25:26.808 [Test worker] DEBUG org.hibernate.SQL - 
    insert 
    into
        user_statuses
        (created_at, last_active_at, updated_at, user_id, id) 
    values
        (?, ?, ?, ?, ?)
26-07-27 18:25:26.809 [Test worker] TRACE org.hibernate.orm.jdbc.bind - binding parameter (1:TIMESTAMP_UTC) <- [2026-07-27T09:25:26.805691Z]
26-07-27 18:25:26.809 [Test worker] TRACE org.hibernate.orm.jdbc.bind - binding parameter (2:TIMESTAMP_UTC) <- [2026-07-27T09:25:26.805561Z]
26-07-27 18:25:26.809 [Test worker] TRACE org.hibernate.orm.jdbc.bind - binding parameter (3:TIMESTAMP_UTC) <- [2026-07-27T09:25:26.805691Z]
26-07-27 18:25:26.809 [Test worker] TRACE org.hibernate.orm.jdbc.bind - binding parameter (4:UUID) <- [5322290e-9261-44da-b549-7fc3b41b2e80]
26-07-27 18:25:26.809 [Test worker] TRACE org.hibernate.orm.jdbc.bind - binding parameter (5:UUID) <- [e9c92cda-82c5-462e-99ae-e09e509f2957]
26-07-27 18:25:26.809 [Test worker] INFO  p6spy - #1785144326809 | took 0ms | statement | connection 9| url jdbc:h2:mem:discodeit-test
insert into user_statuses (created_at,last_active_at,updated_at,user_id,id) values (?,?,?,?,?)
insert into user_statuses (created_at,last_active_at,updated_at,user_id,id) values ('2026-07-27T09:25:26.805691Z','2026-07-27T09:25:26.805561Z','2026-07-27T09:25:26.805691Z','5322290e-9261-44da-b549-7fc3b41b2e80','e9c92cda-82c5-462e-99ae-e09e509f2957');
26-07-27 18:25:26.809 [Test worker] DEBUG org.hibernate.SQL - 
    insert 
    into
        channels
        (created_at, description, name, type, updated_at, id) 
    values
        (?, ?, ?, ?, ?, ?)
26-07-27 18:25:26.809 [Test worker] TRACE org.hibernate.orm.jdbc.bind - binding parameter (1:TIMESTAMP_UTC) <- [2026-07-27T09:25:26.807719Z]
26-07-27 18:25:26.809 [Test worker] TRACE org.hibernate.orm.jdbc.bind - binding parameter (2:VARCHAR) <- [general channel]
26-07-27 18:25:26.809 [Test worker] TRACE org.hibernate.orm.jdbc.bind - binding parameter (3:VARCHAR) <- [general]
26-07-27 18:25:26.810 [Test worker] TRACE org.hibernate.orm.jdbc.bind - binding parameter (4:ENUM) <- [PUBLIC]
26-07-27 18:25:26.810 [Test worker] TRACE org.hibernate.orm.jdbc.bind - binding parameter (5:TIMESTAMP_UTC) <- [2026-07-27T09:25:26.807719Z]
26-07-27 18:25:26.810 [Test worker] TRACE org.hibernate.orm.jdbc.bind - binding parameter (6:UUID) <- [92190d15-9ef2-4f10-8a13-1f0a528d85d0]
26-07-27 18:25:26.810 [Test worker] INFO  p6spy - #1785144326810 | took 0ms | statement | connection 9| url jdbc:h2:mem:discodeit-test
insert into channels (created_at,description,name,type,updated_at,id) values (?,?,?,?,?,?)
insert into channels (created_at,description,name,type,updated_at,id) values ('2026-07-27T09:25:26.807719Z','general channel','general','PUBLIC','2026-07-27T09:25:26.807719Z','92190d15-9ef2-4f10-8a13-1f0a528d85d0');
26-07-27 18:25:26.810 [Test worker] DEBUG org.hibernate.SQL - 
    select
        m1_0.id,
        m1_0.author_id,
        m1_0.channel_id,
        m1_0.content,
        m1_0.created_at,
        m1_0.updated_at 
    from
        messages m1_0 
    left join
        channels c1_0 
            on c1_0.id=m1_0.channel_id 
    where
        c1_0.id=?
26-07-27 18:25:26.810 [Test worker] TRACE org.hibernate.orm.jdbc.bind - binding parameter (1:UUID) <- [92190d15-9ef2-4f10-8a13-1f0a528d85d0]
26-07-27 18:25:26.810 [Test worker] INFO  p6spy - #1785144326810 | took 0ms | statement | connection 9| url jdbc:h2:mem:discodeit-test
select m1_0.id,m1_0.author_id,m1_0.channel_id,m1_0.content,m1_0.created_at,m1_0.updated_at from messages m1_0 left join channels c1_0 on c1_0.id=m1_0.channel_id where c1_0.id=?
select m1_0.id,m1_0.author_id,m1_0.channel_id,m1_0.content,m1_0.created_at,m1_0.updated_at from messages m1_0 left join channels c1_0 on c1_0.id=m1_0.channel_id where c1_0.id='92190d15-9ef2-4f10-8a13-1f0a528d85d0';
26-07-27 18:25:26.817 [Test worker] DEBUG c.s.m.d.s.basic.BasicMessageService - Creating message. channelId=92190d15-9ef2-4f10-8a13-1f0a528d85d0, authorId=5322290e-9261-44da-b549-7fc3b41b2e80, attachmentCount=0
26-07-27 18:25:26.826 [Test worker] DEBUG org.hibernate.SQL - 
    insert 
    into
        messages
        (author_id, channel_id, content, created_at, updated_at, id) 
    values
        (?, ?, ?, ?, ?, ?)
26-07-27 18:25:26.826 [Test worker] TRACE org.hibernate.orm.jdbc.bind - binding parameter (1:UUID) <- [5322290e-9261-44da-b549-7fc3b41b2e80]
26-07-27 18:25:26.826 [Test worker] TRACE org.hibernate.orm.jdbc.bind - binding parameter (2:UUID) <- [92190d15-9ef2-4f10-8a13-1f0a528d85d0]
26-07-27 18:25:26.826 [Test worker] TRACE org.hibernate.orm.jdbc.bind - binding parameter (3:VARCHAR) <- [hello]
26-07-27 18:25:26.826 [Test worker] TRACE org.hibernate.orm.jdbc.bind - binding parameter (4:TIMESTAMP_UTC) <- [2026-07-27T09:25:26.819918Z]
26-07-27 18:25:26.827 [Test worker] TRACE org.hibernate.orm.jdbc.bind - binding parameter (5:TIMESTAMP_UTC) <- [2026-07-27T09:25:26.819918Z]
26-07-27 18:25:26.827 [Test worker] TRACE org.hibernate.orm.jdbc.bind - binding parameter (6:UUID) <- [c88ab8f7-cec8-4bd8-a962-067240e62622]
26-07-27 18:25:26.827 [Test worker] INFO  p6spy - #1785144326827 | took 0ms | statement | connection 9| url jdbc:h2:mem:discodeit-test
insert into messages (author_id,channel_id,content,created_at,updated_at,id) values (?,?,?,?,?,?)
insert into messages (author_id,channel_id,content,created_at,updated_at,id) values ('5322290e-9261-44da-b549-7fc3b41b2e80','92190d15-9ef2-4f10-8a13-1f0a528d85d0','hello','2026-07-27T09:25:26.819918Z','2026-07-27T09:25:26.819918Z','c88ab8f7-cec8-4bd8-a962-067240e62622');
26-07-27 18:25:26.832 [Test worker] INFO  c.s.m.d.s.basic.BasicMessageService - Message created. messageId=c88ab8f7-cec8-4bd8-a962-067240e62622, channelId=92190d15-9ef2-4f10-8a13-1f0a528d85d0, authorId=5322290e-9261-44da-b549-7fc3b41b2e80, attachmentCount=0
26-07-27 18:25:26.850 [Test worker] DEBUG org.hibernate.SQL - 
    select
        m1_0.id,
        a1_0.id,
        a1_0.created_at,
        a1_0.email,
        a1_0.password,
        p1_0.id,
        p1_0.content_type,
        p1_0.created_at,
        p1_0.file_name,
        p1_0.size,
        a1_0.updated_at,
        a1_0.username,
        m1_0.channel_id,
        m1_0.content,
        m1_0.created_at,
        m1_0.updated_at 
    from
        messages m1_0 
    left join
        users a1_0 
            on a1_0.id=m1_0.author_id 
    left join
        binary_contents p1_0 
            on p1_0.id=a1_0.profile_id 
    where
        m1_0.channel_id=? 
        and (
            ? is null 
            or m1_0.created_at<?
        ) 
    order by
        m1_0.created_at desc 
    fetch
        first ? rows only
26-07-27 18:25:26.851 [Test worker] TRACE org.hibernate.orm.jdbc.bind - binding parameter (1:UUID) <- [92190d15-9ef2-4f10-8a13-1f0a528d85d0]
26-07-27 18:25:26.851 [Test worker] TRACE org.hibernate.orm.jdbc.bind - binding parameter (2:TIMESTAMP_UTC) <- [null]
26-07-27 18:25:26.851 [Test worker] TRACE org.hibernate.orm.jdbc.bind - binding parameter (3:TIMESTAMP_UTC) <- [null]
26-07-27 18:25:26.852 [Test worker] TRACE org.hibernate.orm.jdbc.bind - binding parameter (4:INTEGER) <- [11]
26-07-27 18:25:26.852 [Test worker] INFO  p6spy - #1785144326852 | took 0ms | statement | connection 9| url jdbc:h2:mem:discodeit-test
select m1_0.id,a1_0.id,a1_0.created_at,a1_0.email,a1_0.password,p1_0.id,p1_0.content_type,p1_0.created_at,p1_0.file_name,p1_0.size,a1_0.updated_at,a1_0.username,m1_0.channel_id,m1_0.content,m1_0.created_at,m1_0.updated_at from messages m1_0 left join users a1_0 on a1_0.id=m1_0.author_id left join binary_contents p1_0 on p1_0.id=a1_0.profile_id where m1_0.channel_id=? and (? is null or m1_0.created_at<?) order by m1_0.created_at desc fetch first ? rows only
select m1_0.id,a1_0.id,a1_0.created_at,a1_0.email,a1_0.password,p1_0.id,p1_0.content_type,p1_0.created_at,p1_0.file_name,p1_0.size,a1_0.updated_at,a1_0.username,m1_0.channel_id,m1_0.content,m1_0.created_at,m1_0.updated_at from messages m1_0 left join users a1_0 on a1_0.id=m1_0.author_id left join binary_contents p1_0 on p1_0.id=a1_0.profile_id where m1_0.channel_id='92190d15-9ef2-4f10-8a13-1f0a528d85d0' and (NULL is null or m1_0.created_at<NULL) order by m1_0.created_at desc fetch first 11 rows only;
26-07-27 18:25:26.860 [Test worker] INFO  p6spy - #1785144326860 | took 0ms | rollback | connection 9| url jdbc:h2:mem:discodeit-test

;
26-07-27 18:25:26.870 [Test worker] DEBUG c.s.m.d.s.basic.BasicUserService - Creating user. username=rex, email=rex@codeit.com, hasProfileImage=false
26-07-27 18:25:26.871 [Test worker] DEBUG org.hibernate.SQL - 
    select
        u1_0.id 
    from
        users u1_0 
    where
        u1_0.username=? 
        or u1_0.email=? 
    fetch
        first ? rows only
26-07-27 18:25:26.871 [Test worker] TRACE org.hibernate.orm.jdbc.bind - binding parameter (1:VARCHAR) <- [rex]
26-07-27 18:25:26.871 [Test worker] TRACE org.hibernate.orm.jdbc.bind - binding parameter (2:VARCHAR) <- [rex@codeit.com]
26-07-27 18:25:26.872 [Test worker] TRACE org.hibernate.orm.jdbc.bind - binding parameter (3:INTEGER) <- [1]
26-07-27 18:25:26.872 [Test worker] INFO  p6spy - #1785144326872 | took 0ms | statement | connection 10| url jdbc:h2:mem:discodeit-test
select u1_0.id from users u1_0 where u1_0.username=? or u1_0.email=? fetch first ? rows only
select u1_0.id from users u1_0 where u1_0.username='rex' or u1_0.email='rex@codeit.com' fetch first 1 rows only;
26-07-27 18:25:26.873 [Test worker] DEBUG org.hibernate.SQL - 
    insert 
    into
        users
        (created_at, email, password, profile_id, updated_at, username, id) 
    values
        (?, ?, ?, ?, ?, ?, ?)
26-07-27 18:25:26.873 [Test worker] TRACE org.hibernate.orm.jdbc.bind - binding parameter (1:TIMESTAMP_UTC) <- [2026-07-27T09:25:26.872684Z]
26-07-27 18:25:26.873 [Test worker] TRACE org.hibernate.orm.jdbc.bind - binding parameter (2:VARCHAR) <- [rex@codeit.com]
26-07-27 18:25:26.873 [Test worker] TRACE org.hibernate.orm.jdbc.bind - binding parameter (3:VARCHAR) <- [password1]
26-07-27 18:25:26.873 [Test worker] TRACE org.hibernate.orm.jdbc.bind - binding parameter (4:UUID) <- [null]
26-07-27 18:25:26.873 [Test worker] TRACE org.hibernate.orm.jdbc.bind - binding parameter (5:TIMESTAMP_UTC) <- [2026-07-27T09:25:26.872684Z]
26-07-27 18:25:26.873 [Test worker] TRACE org.hibernate.orm.jdbc.bind - binding parameter (6:VARCHAR) <- [rex]
26-07-27 18:25:26.873 [Test worker] TRACE org.hibernate.orm.jdbc.bind - binding parameter (7:UUID) <- [cc180534-aff4-4549-9a1e-7a27c75ead0b]
26-07-27 18:25:26.874 [Test worker] INFO  p6spy - #1785144326874 | took 0ms | statement | connection 10| url jdbc:h2:mem:discodeit-test
insert into users (created_at,email,password,profile_id,updated_at,username,id) values (?,?,?,?,?,?,?)
insert into users (created_at,email,password,profile_id,updated_at,username,id) values ('2026-07-27T09:25:26.872684Z','rex@codeit.com','password1',NULL,'2026-07-27T09:25:26.872684Z','rex','cc180534-aff4-4549-9a1e-7a27c75ead0b');
26-07-27 18:25:26.874 [Test worker] INFO  c.s.m.d.s.basic.BasicUserService - User created. userId=cc180534-aff4-4549-9a1e-7a27c75ead0b, username=rex
26-07-27 18:25:26.876 [Test worker] DEBUG c.s.m.d.s.basic.BasicMessageService - Creating message. channelId=9c9c571e-5ffd-43af-9d2d-6177245fe523, authorId=cc180534-aff4-4549-9a1e-7a27c75ead0b, attachmentCount=0
26-07-27 18:25:26.877 [Test worker] DEBUG org.hibernate.SQL - 
    select
        c1_0.id,
        c1_0.created_at,
        c1_0.description,
        c1_0.name,
        c1_0.type,
        c1_0.updated_at 
    from
        channels c1_0 
    where
        c1_0.id=?
26-07-27 18:25:26.877 [Test worker] TRACE org.hibernate.orm.jdbc.bind - binding parameter (1:UUID) <- [9c9c571e-5ffd-43af-9d2d-6177245fe523]
26-07-27 18:25:26.878 [Test worker] INFO  p6spy - #1785144326878 | took 0ms | statement | connection 10| url jdbc:h2:mem:discodeit-test
select c1_0.id,c1_0.created_at,c1_0.description,c1_0.name,c1_0.type,c1_0.updated_at from channels c1_0 where c1_0.id=?
select c1_0.id,c1_0.created_at,c1_0.description,c1_0.name,c1_0.type,c1_0.updated_at from channels c1_0 where c1_0.id='9c9c571e-5ffd-43af-9d2d-6177245fe523';
26-07-27 18:25:26.886 [Test worker] INFO  p6spy - #1785144326886 | took 0ms | rollback | connection 10| url jdbc:h2:mem:discodeit-test

;
26-07-27 18:25:26.890 [Test worker] DEBUG c.s.m.d.s.basic.BasicUserService - Creating user. username=buzz, email=buzz@codeit.com, hasProfileImage=false
26-07-27 18:25:26.891 [Test worker] DEBUG org.hibernate.SQL - 
    select
        u1_0.id 
    from
        users u1_0 
    where
        u1_0.username=? 
        or u1_0.email=? 
    fetch
        first ? rows only
26-07-27 18:25:26.891 [Test worker] TRACE org.hibernate.orm.jdbc.bind - binding parameter (1:VARCHAR) <- [buzz]
26-07-27 18:25:26.891 [Test worker] TRACE org.hibernate.orm.jdbc.bind - binding parameter (2:VARCHAR) <- [buzz@codeit.com]
26-07-27 18:25:26.891 [Test worker] TRACE org.hibernate.orm.jdbc.bind - binding parameter (3:INTEGER) <- [1]
26-07-27 18:25:26.891 [Test worker] INFO  p6spy - #1785144326891 | took 0ms | statement | connection 11| url jdbc:h2:mem:discodeit-test
select u1_0.id from users u1_0 where u1_0.username=? or u1_0.email=? fetch first ? rows only
select u1_0.id from users u1_0 where u1_0.username='buzz' or u1_0.email='buzz@codeit.com' fetch first 1 rows only;
26-07-27 18:25:26.892 [Test worker] DEBUG org.hibernate.SQL - 
    insert 
    into
        users
        (created_at, email, password, profile_id, updated_at, username, id) 
    values
        (?, ?, ?, ?, ?, ?, ?)
26-07-27 18:25:26.892 [Test worker] TRACE org.hibernate.orm.jdbc.bind - binding parameter (1:TIMESTAMP_UTC) <- [2026-07-27T09:25:26.892321Z]
26-07-27 18:25:26.892 [Test worker] TRACE org.hibernate.orm.jdbc.bind - binding parameter (2:VARCHAR) <- [buzz@codeit.com]
26-07-27 18:25:26.893 [Test worker] TRACE org.hibernate.orm.jdbc.bind - binding parameter (3:VARCHAR) <- [password1]
26-07-27 18:25:26.893 [Test worker] TRACE org.hibernate.orm.jdbc.bind - binding parameter (4:UUID) <- [null]
26-07-27 18:25:26.893 [Test worker] TRACE org.hibernate.orm.jdbc.bind - binding parameter (5:TIMESTAMP_UTC) <- [2026-07-27T09:25:26.892321Z]
26-07-27 18:25:26.893 [Test worker] TRACE org.hibernate.orm.jdbc.bind - binding parameter (6:VARCHAR) <- [buzz]
26-07-27 18:25:26.893 [Test worker] TRACE org.hibernate.orm.jdbc.bind - binding parameter (7:UUID) <- [0a4a5628-c475-4f97-bd8f-1c40d7fc5af9]
26-07-27 18:25:26.894 [Test worker] INFO  p6spy - #1785144326894 | took 0ms | statement | connection 11| url jdbc:h2:mem:discodeit-test
insert into users (created_at,email,password,profile_id,updated_at,username,id) values (?,?,?,?,?,?,?)
insert into users (created_at,email,password,profile_id,updated_at,username,id) values ('2026-07-27T09:25:26.892321Z','buzz@codeit.com','password1',NULL,'2026-07-27T09:25:26.892321Z','buzz','0a4a5628-c475-4f97-bd8f-1c40d7fc5af9');
26-07-27 18:25:26.896 [Test worker] INFO  c.s.m.d.s.basic.BasicUserService - User created. userId=0a4a5628-c475-4f97-bd8f-1c40d7fc5af9, username=buzz
26-07-27 18:25:26.898 [Test worker] DEBUG c.s.m.d.s.basic.BasicChannelService - Creating public channel. name=notice
26-07-27 18:25:26.899 [Test worker] INFO  c.s.m.d.s.basic.BasicChannelService - Public channel created. channelId=1b85a993-760e-4b7d-b30d-22c1c61ff664, name=notice
26-07-27 18:25:26.900 [Test worker] DEBUG org.hibernate.SQL - 
    insert 
    into
        user_statuses
        (created_at, last_active_at, updated_at, user_id, id) 
    values
        (?, ?, ?, ?, ?)
26-07-27 18:25:26.900 [Test worker] TRACE org.hibernate.orm.jdbc.bind - binding parameter (1:TIMESTAMP_UTC) <- [2026-07-27T09:25:26.896546Z]
26-07-27 18:25:26.900 [Test worker] TRACE org.hibernate.orm.jdbc.bind - binding parameter (2:TIMESTAMP_UTC) <- [2026-07-27T09:25:26.895142Z]
26-07-27 18:25:26.900 [Test worker] TRACE org.hibernate.orm.jdbc.bind - binding parameter (3:TIMESTAMP_UTC) <- [2026-07-27T09:25:26.896546Z]
26-07-27 18:25:26.900 [Test worker] TRACE org.hibernate.orm.jdbc.bind - binding parameter (4:UUID) <- [0a4a5628-c475-4f97-bd8f-1c40d7fc5af9]
26-07-27 18:25:26.900 [Test worker] TRACE org.hibernate.orm.jdbc.bind - binding parameter (5:UUID) <- [1dc3baee-b15e-4bcd-a874-7c86f531ab00]
26-07-27 18:25:26.900 [Test worker] INFO  p6spy - #1785144326900 | took 0ms | statement | connection 11| url jdbc:h2:mem:discodeit-test
insert into user_statuses (created_at,last_active_at,updated_at,user_id,id) values (?,?,?,?,?)
insert into user_statuses (created_at,last_active_at,updated_at,user_id,id) values ('2026-07-27T09:25:26.896546Z','2026-07-27T09:25:26.895142Z','2026-07-27T09:25:26.896546Z','0a4a5628-c475-4f97-bd8f-1c40d7fc5af9','1dc3baee-b15e-4bcd-a874-7c86f531ab00');
26-07-27 18:25:26.901 [Test worker] DEBUG org.hibernate.SQL - 
    insert 
    into
        channels
        (created_at, description, name, type, updated_at, id) 
    values
        (?, ?, ?, ?, ?, ?)
26-07-27 18:25:26.901 [Test worker] TRACE org.hibernate.orm.jdbc.bind - binding parameter (1:TIMESTAMP_UTC) <- [2026-07-27T09:25:26.898946Z]
26-07-27 18:25:26.901 [Test worker] TRACE org.hibernate.orm.jdbc.bind - binding parameter (2:VARCHAR) <- [notice channel]
26-07-27 18:25:26.901 [Test worker] TRACE org.hibernate.orm.jdbc.bind - binding parameter (3:VARCHAR) <- [notice]
26-07-27 18:25:26.901 [Test worker] TRACE org.hibernate.orm.jdbc.bind - binding parameter (4:ENUM) <- [PUBLIC]
26-07-27 18:25:26.901 [Test worker] TRACE org.hibernate.orm.jdbc.bind - binding parameter (5:TIMESTAMP_UTC) <- [2026-07-27T09:25:26.898946Z]
26-07-27 18:25:26.901 [Test worker] TRACE org.hibernate.orm.jdbc.bind - binding parameter (6:UUID) <- [1b85a993-760e-4b7d-b30d-22c1c61ff664]
26-07-27 18:25:26.901 [Test worker] INFO  p6spy - #1785144326901 | took 0ms | statement | connection 11| url jdbc:h2:mem:discodeit-test
insert into channels (created_at,description,name,type,updated_at,id) values (?,?,?,?,?,?)
insert into channels (created_at,description,name,type,updated_at,id) values ('2026-07-27T09:25:26.898946Z','notice channel','notice','PUBLIC','2026-07-27T09:25:26.898946Z','1b85a993-760e-4b7d-b30d-22c1c61ff664');
26-07-27 18:25:26.902 [Test worker] DEBUG org.hibernate.SQL - 
    select
        m1_0.id,
        m1_0.author_id,
        m1_0.channel_id,
        m1_0.content,
        m1_0.created_at,
        m1_0.updated_at 
    from
        messages m1_0 
    left join
        channels c1_0 
            on c1_0.id=m1_0.channel_id 
    where
        c1_0.id=?
26-07-27 18:25:26.902 [Test worker] TRACE org.hibernate.orm.jdbc.bind - binding parameter (1:UUID) <- [1b85a993-760e-4b7d-b30d-22c1c61ff664]
26-07-27 18:25:26.902 [Test worker] INFO  p6spy - #1785144326902 | took 0ms | statement | connection 11| url jdbc:h2:mem:discodeit-test
select m1_0.id,m1_0.author_id,m1_0.channel_id,m1_0.content,m1_0.created_at,m1_0.updated_at from messages m1_0 left join channels c1_0 on c1_0.id=m1_0.channel_id where c1_0.id=?
select m1_0.id,m1_0.author_id,m1_0.channel_id,m1_0.content,m1_0.created_at,m1_0.updated_at from messages m1_0 left join channels c1_0 on c1_0.id=m1_0.channel_id where c1_0.id='1b85a993-760e-4b7d-b30d-22c1c61ff664';
26-07-27 18:25:26.905 [Test worker] DEBUG c.s.m.d.s.basic.BasicMessageService - Creating message. channelId=1b85a993-760e-4b7d-b30d-22c1c61ff664, authorId=0a4a5628-c475-4f97-bd8f-1c40d7fc5af9, attachmentCount=0
26-07-27 18:25:26.908 [Test worker] DEBUG org.hibernate.SQL - 
    insert 
    into
        messages
        (author_id, channel_id, content, created_at, updated_at, id) 
    values
        (?, ?, ?, ?, ?, ?)
26-07-27 18:25:26.908 [Test worker] TRACE org.hibernate.orm.jdbc.bind - binding parameter (1:UUID) <- [0a4a5628-c475-4f97-bd8f-1c40d7fc5af9]
26-07-27 18:25:26.908 [Test worker] TRACE org.hibernate.orm.jdbc.bind - binding parameter (2:UUID) <- [1b85a993-760e-4b7d-b30d-22c1c61ff664]
26-07-27 18:25:26.908 [Test worker] TRACE org.hibernate.orm.jdbc.bind - binding parameter (3:VARCHAR) <- [before]
26-07-27 18:25:26.908 [Test worker] TRACE org.hibernate.orm.jdbc.bind - binding parameter (4:TIMESTAMP_UTC) <- [2026-07-27T09:25:26.907201Z]
26-07-27 18:25:26.908 [Test worker] TRACE org.hibernate.orm.jdbc.bind - binding parameter (5:TIMESTAMP_UTC) <- [2026-07-27T09:25:26.907201Z]
26-07-27 18:25:26.909 [Test worker] TRACE org.hibernate.orm.jdbc.bind - binding parameter (6:UUID) <- [944c11ef-cb0f-48fd-9351-4e4dcf9dbda7]
26-07-27 18:25:26.909 [Test worker] INFO  p6spy - #1785144326909 | took 0ms | statement | connection 11| url jdbc:h2:mem:discodeit-test
insert into messages (author_id,channel_id,content,created_at,updated_at,id) values (?,?,?,?,?,?)
insert into messages (author_id,channel_id,content,created_at,updated_at,id) values ('0a4a5628-c475-4f97-bd8f-1c40d7fc5af9','1b85a993-760e-4b7d-b30d-22c1c61ff664','before','2026-07-27T09:25:26.907201Z','2026-07-27T09:25:26.907201Z','944c11ef-cb0f-48fd-9351-4e4dcf9dbda7');
26-07-27 18:25:26.910 [Test worker] INFO  c.s.m.d.s.basic.BasicMessageService - Message created. messageId=944c11ef-cb0f-48fd-9351-4e4dcf9dbda7, channelId=1b85a993-760e-4b7d-b30d-22c1c61ff664, authorId=0a4a5628-c475-4f97-bd8f-1c40d7fc5af9, attachmentCount=0
26-07-27 18:25:26.916 [Test worker] DEBUG c.s.m.d.s.basic.BasicMessageService - Updating message. messageId=944c11ef-cb0f-48fd-9351-4e4dcf9dbda7
26-07-27 18:25:26.917 [Test worker] INFO  c.s.m.d.s.basic.BasicMessageService - Message updated. messageId=944c11ef-cb0f-48fd-9351-4e4dcf9dbda7
26-07-27 18:25:26.919 [Test worker] DEBUG c.s.m.d.s.basic.BasicMessageService - Deleting message. messageId=944c11ef-cb0f-48fd-9351-4e4dcf9dbda7
26-07-27 18:25:26.919 [Test worker] INFO  c.s.m.d.s.basic.BasicMessageService - Message deleted. messageId=944c11ef-cb0f-48fd-9351-4e4dcf9dbda7
26-07-27 18:25:26.922 [Test worker] INFO  p6spy - #1785144326922 | took 0ms | rollback | connection 11| url jdbc:h2:mem:discodeit-test

;
26-07-27 18:25:26.924 [Test worker] INFO  o.s.t.c.s.AnnotationConfigContextLoaderUtils - Could not detect default configuration classes for test class [com.sprint.mission.discodeit.integration.UserApiIntegrationTest]: UserApiIntegrationTest does not declare any static, non-private, non-final, nested classes annotated with @Configuration.
26-07-27 18:25:26.926 [Test worker] INFO  o.s.b.t.c.SpringBootTestContextBootstrapper - Found @SpringBootConfiguration com.sprint.mission.discodeit.DiscodeitApplication for test class com.sprint.mission.discodeit.integration.UserApiIntegrationTest
26-07-27 18:25:26.933 [Test worker] DEBUG c.s.m.d.s.basic.BasicUserService - Creating user. username=buzz, email=buzz@codeit.com, hasProfileImage=false
26-07-27 18:25:26.934 [Test worker] DEBUG org.hibernate.SQL - 
    select
        u1_0.id 
    from
        users u1_0 
    where
        u1_0.username=? 
        or u1_0.email=? 
    fetch
        first ? rows only
26-07-27 18:25:26.934 [Test worker] TRACE org.hibernate.orm.jdbc.bind - binding parameter (1:VARCHAR) <- [buzz]
26-07-27 18:25:26.934 [Test worker] TRACE org.hibernate.orm.jdbc.bind - binding parameter (2:VARCHAR) <- [buzz@codeit.com]
26-07-27 18:25:26.934 [Test worker] TRACE org.hibernate.orm.jdbc.bind - binding parameter (3:INTEGER) <- [1]
26-07-27 18:25:26.935 [Test worker] INFO  p6spy - #1785144326935 | took 0ms | statement | connection 12| url jdbc:h2:mem:discodeit-test
select u1_0.id from users u1_0 where u1_0.username=? or u1_0.email=? fetch first ? rows only
select u1_0.id from users u1_0 where u1_0.username='buzz' or u1_0.email='buzz@codeit.com' fetch first 1 rows only;
26-07-27 18:25:26.935 [Test worker] DEBUG org.hibernate.SQL - 
    insert 
    into
        users
        (created_at, email, password, profile_id, updated_at, username, id) 
    values
        (?, ?, ?, ?, ?, ?, ?)
26-07-27 18:25:26.935 [Test worker] TRACE org.hibernate.orm.jdbc.bind - binding parameter (1:TIMESTAMP_UTC) <- [2026-07-27T09:25:26.935445Z]
26-07-27 18:25:26.936 [Test worker] TRACE org.hibernate.orm.jdbc.bind - binding parameter (2:VARCHAR) <- [buzz@codeit.com]
26-07-27 18:25:26.936 [Test worker] TRACE org.hibernate.orm.jdbc.bind - binding parameter (3:VARCHAR) <- [password1]
26-07-27 18:25:26.936 [Test worker] TRACE org.hibernate.orm.jdbc.bind - binding parameter (4:UUID) <- [null]
26-07-27 18:25:26.936 [Test worker] TRACE org.hibernate.orm.jdbc.bind - binding parameter (5:TIMESTAMP_UTC) <- [2026-07-27T09:25:26.935445Z]
26-07-27 18:25:26.936 [Test worker] TRACE org.hibernate.orm.jdbc.bind - binding parameter (6:VARCHAR) <- [buzz]
26-07-27 18:25:26.936 [Test worker] TRACE org.hibernate.orm.jdbc.bind - binding parameter (7:UUID) <- [42f510c6-65c3-486d-9df7-f8fa1f6accc9]
26-07-27 18:25:26.936 [Test worker] INFO  p6spy - #1785144326936 | took 0ms | statement | connection 12| url jdbc:h2:mem:discodeit-test
insert into users (created_at,email,password,profile_id,updated_at,username,id) values (?,?,?,?,?,?,?)
insert into users (created_at,email,password,profile_id,updated_at,username,id) values ('2026-07-27T09:25:26.935445Z','buzz@codeit.com','password1',NULL,'2026-07-27T09:25:26.935445Z','buzz','42f510c6-65c3-486d-9df7-f8fa1f6accc9');
26-07-27 18:25:26.936 [Test worker] INFO  c.s.m.d.s.basic.BasicUserService - User created. userId=42f510c6-65c3-486d-9df7-f8fa1f6accc9, username=buzz
26-07-27 18:25:26.941 [Test worker] DEBUG c.s.m.d.s.basic.BasicUserService - Updating user. userId=42f510c6-65c3-486d-9df7-f8fa1f6accc9, hasProfileImage=false
26-07-27 18:25:26.943 [Test worker] DEBUG org.hibernate.SQL - 
    select
        u1_0.id 
    from
        users u1_0 
    where
        u1_0.username=? 
        and u1_0.id<>? 
    fetch
        first ? rows only
26-07-27 18:25:26.943 [Test worker] TRACE org.hibernate.orm.jdbc.bind - binding parameter (1:VARCHAR) <- [newBuzz]
26-07-27 18:25:26.943 [Test worker] TRACE org.hibernate.orm.jdbc.bind - binding parameter (2:UUID) <- [42f510c6-65c3-486d-9df7-f8fa1f6accc9]
26-07-27 18:25:26.943 [Test worker] TRACE org.hibernate.orm.jdbc.bind - binding parameter (3:INTEGER) <- [1]
26-07-27 18:25:26.943 [Test worker] INFO  p6spy - #1785144326943 | took 0ms | statement | connection 12| url jdbc:h2:mem:discodeit-test
select u1_0.id from users u1_0 where u1_0.username=? and u1_0.id<>? fetch first ? rows only
select u1_0.id from users u1_0 where u1_0.username='newBuzz' and u1_0.id<>'42f510c6-65c3-486d-9df7-f8fa1f6accc9' fetch first 1 rows only;
26-07-27 18:25:26.945 [Test worker] DEBUG org.hibernate.SQL - 
    select
        u1_0.id 
    from
        users u1_0 
    where
        u1_0.email=? 
        and u1_0.id<>? 
    fetch
        first ? rows only
26-07-27 18:25:26.946 [Test worker] TRACE org.hibernate.orm.jdbc.bind - binding parameter (1:VARCHAR) <- [new-buzz@codeit.com]
26-07-27 18:25:26.946 [Test worker] TRACE org.hibernate.orm.jdbc.bind - binding parameter (2:UUID) <- [42f510c6-65c3-486d-9df7-f8fa1f6accc9]
26-07-27 18:25:26.946 [Test worker] TRACE org.hibernate.orm.jdbc.bind - binding parameter (3:INTEGER) <- [1]
26-07-27 18:25:26.946 [Test worker] INFO  p6spy - #1785144326946 | took 0ms | statement | connection 12| url jdbc:h2:mem:discodeit-test
select u1_0.id from users u1_0 where u1_0.email=? and u1_0.id<>? fetch first ? rows only
select u1_0.id from users u1_0 where u1_0.email='new-buzz@codeit.com' and u1_0.id<>'42f510c6-65c3-486d-9df7-f8fa1f6accc9' fetch first 1 rows only;
26-07-27 18:25:26.951 [Test worker] DEBUG org.hibernate.SQL - 
    insert 
    into
        user_statuses
        (created_at, last_active_at, updated_at, user_id, id) 
    values
        (?, ?, ?, ?, ?)
26-07-27 18:25:26.952 [Test worker] TRACE org.hibernate.orm.jdbc.bind - binding parameter (1:TIMESTAMP_UTC) <- [2026-07-27T09:25:26.936811Z]
26-07-27 18:25:26.952 [Test worker] TRACE org.hibernate.orm.jdbc.bind - binding parameter (2:TIMESTAMP_UTC) <- [2026-07-27T09:25:26.936688Z]
26-07-27 18:25:26.952 [Test worker] TRACE org.hibernate.orm.jdbc.bind - binding parameter (3:TIMESTAMP_UTC) <- [2026-07-27T09:25:26.936811Z]
26-07-27 18:25:26.952 [Test worker] TRACE org.hibernate.orm.jdbc.bind - binding parameter (4:UUID) <- [42f510c6-65c3-486d-9df7-f8fa1f6accc9]
26-07-27 18:25:26.952 [Test worker] TRACE org.hibernate.orm.jdbc.bind - binding parameter (5:UUID) <- [17ab8887-b903-4d2f-b053-4a41ab64148b]
26-07-27 18:25:26.952 [Test worker] INFO  p6spy - #1785144326952 | took 0ms | statement | connection 12| url jdbc:h2:mem:discodeit-test
insert into user_statuses (created_at,last_active_at,updated_at,user_id,id) values (?,?,?,?,?)
insert into user_statuses (created_at,last_active_at,updated_at,user_id,id) values ('2026-07-27T09:25:26.936811Z','2026-07-27T09:25:26.936688Z','2026-07-27T09:25:26.936811Z','42f510c6-65c3-486d-9df7-f8fa1f6accc9','17ab8887-b903-4d2f-b053-4a41ab64148b');
26-07-27 18:25:26.953 [Test worker] DEBUG org.hibernate.SQL - 
    update
        users 
    set
        email=?,
        password=?,
        profile_id=?,
        updated_at=?,
        username=? 
    where
        id=?
26-07-27 18:25:26.953 [Test worker] TRACE org.hibernate.orm.jdbc.bind - binding parameter (1:VARCHAR) <- [new-buzz@codeit.com]
26-07-27 18:25:26.953 [Test worker] TRACE org.hibernate.orm.jdbc.bind - binding parameter (2:VARCHAR) <- [new-password]
26-07-27 18:25:26.953 [Test worker] TRACE org.hibernate.orm.jdbc.bind - binding parameter (3:UUID) <- [null]
26-07-27 18:25:26.953 [Test worker] TRACE org.hibernate.orm.jdbc.bind - binding parameter (4:TIMESTAMP_UTC) <- [2026-07-27T09:25:26.951672Z]
26-07-27 18:25:26.953 [Test worker] TRACE org.hibernate.orm.jdbc.bind - binding parameter (5:VARCHAR) <- [newBuzz]
26-07-27 18:25:26.953 [Test worker] TRACE org.hibernate.orm.jdbc.bind - binding parameter (6:UUID) <- [42f510c6-65c3-486d-9df7-f8fa1f6accc9]
26-07-27 18:25:26.953 [Test worker] INFO  p6spy - #1785144326953 | took 0ms | statement | connection 12| url jdbc:h2:mem:discodeit-test
update users set email=?,password=?,profile_id=?,updated_at=?,username=? where id=?
update users set email='new-buzz@codeit.com',password='new-password',profile_id=NULL,updated_at='2026-07-27T09:25:26.951672Z',username='newBuzz' where id='42f510c6-65c3-486d-9df7-f8fa1f6accc9';
26-07-27 18:25:26.954 [Test worker] DEBUG org.hibernate.SQL - 
    select
        us1_0.id,
        us1_0.created_at,
        us1_0.last_active_at,
        us1_0.updated_at,
        us1_0.user_id 
    from
        user_statuses us1_0 
    left join
        users u1_0 
            on u1_0.id=us1_0.user_id 
    where
        u1_0.id=?
26-07-27 18:25:26.954 [Test worker] TRACE org.hibernate.orm.jdbc.bind - binding parameter (1:UUID) <- [42f510c6-65c3-486d-9df7-f8fa1f6accc9]
26-07-27 18:25:26.954 [Test worker] INFO  p6spy - #1785144326954 | took 0ms | statement | connection 12| url jdbc:h2:mem:discodeit-test
select us1_0.id,us1_0.created_at,us1_0.last_active_at,us1_0.updated_at,us1_0.user_id from user_statuses us1_0 left join users u1_0 on u1_0.id=us1_0.user_id where u1_0.id=?
select us1_0.id,us1_0.created_at,us1_0.last_active_at,us1_0.updated_at,us1_0.user_id from user_statuses us1_0 left join users u1_0 on u1_0.id=us1_0.user_id where u1_0.id='42f510c6-65c3-486d-9df7-f8fa1f6accc9';
26-07-27 18:25:26.955 [Test worker] INFO  c.s.m.d.s.basic.BasicUserService - User updated. userId=42f510c6-65c3-486d-9df7-f8fa1f6accc9
26-07-27 18:25:26.957 [Test worker] DEBUG c.s.m.d.s.basic.BasicUserService - Deleting user. userId=42f510c6-65c3-486d-9df7-f8fa1f6accc9
26-07-27 18:25:26.958 [Test worker] DEBUG org.hibernate.SQL - 
    select
        c1_0.id,
        c1_0.created_at,
        c1_0.description,
        c1_0.name,
        c1_0.type,
        c1_0.updated_at 
    from
        channels c1_0
26-07-27 18:25:26.958 [Test worker] INFO  p6spy - #1785144326958 | took 0ms | statement | connection 12| url jdbc:h2:mem:discodeit-test
select c1_0.id,c1_0.created_at,c1_0.description,c1_0.name,c1_0.type,c1_0.updated_at from channels c1_0
select c1_0.id,c1_0.created_at,c1_0.description,c1_0.name,c1_0.type,c1_0.updated_at from channels c1_0;
26-07-27 18:25:26.960 [Test worker] DEBUG org.hibernate.SQL - 
    select
        m1_0.id,
        m1_0.author_id,
        m1_0.channel_id,
        m1_0.content,
        m1_0.created_at,
        m1_0.updated_at 
    from
        messages m1_0
26-07-27 18:25:26.960 [Test worker] INFO  p6spy - #1785144326960 | took 0ms | statement | connection 12| url jdbc:h2:mem:discodeit-test
select m1_0.id,m1_0.author_id,m1_0.channel_id,m1_0.content,m1_0.created_at,m1_0.updated_at from messages m1_0
select m1_0.id,m1_0.author_id,m1_0.channel_id,m1_0.content,m1_0.created_at,m1_0.updated_at from messages m1_0;
26-07-27 18:25:26.962 [Test worker] DEBUG org.hibernate.SQL - 
    select
        rs1_0.id,
        rs1_0.channel_id,
        rs1_0.created_at,
        rs1_0.last_read_at,
        rs1_0.updated_at,
        rs1_0.user_id 
    from
        read_statuses rs1_0 
    left join
        users u1_0 
            on u1_0.id=rs1_0.user_id 
    where
        u1_0.id=?
26-07-27 18:25:26.962 [Test worker] TRACE org.hibernate.orm.jdbc.bind - binding parameter (1:UUID) <- [42f510c6-65c3-486d-9df7-f8fa1f6accc9]
26-07-27 18:25:26.963 [Test worker] INFO  p6spy - #1785144326963 | took 0ms | statement | connection 12| url jdbc:h2:mem:discodeit-test
select rs1_0.id,rs1_0.channel_id,rs1_0.created_at,rs1_0.last_read_at,rs1_0.updated_at,rs1_0.user_id from read_statuses rs1_0 left join users u1_0 on u1_0.id=rs1_0.user_id where u1_0.id=?
select rs1_0.id,rs1_0.channel_id,rs1_0.created_at,rs1_0.last_read_at,rs1_0.updated_at,rs1_0.user_id from read_statuses rs1_0 left join users u1_0 on u1_0.id=rs1_0.user_id where u1_0.id='42f510c6-65c3-486d-9df7-f8fa1f6accc9';
26-07-27 18:25:26.965 [Test worker] DEBUG org.hibernate.SQL - 
    select
        us1_0.id,
        us1_0.created_at,
        us1_0.last_active_at,
        us1_0.updated_at,
        us1_0.user_id 
    from
        user_statuses us1_0 
    left join
        users u1_0 
            on u1_0.id=us1_0.user_id 
    where
        u1_0.id=?
26-07-27 18:25:26.965 [Test worker] TRACE org.hibernate.orm.jdbc.bind - binding parameter (1:UUID) <- [42f510c6-65c3-486d-9df7-f8fa1f6accc9]
26-07-27 18:25:26.966 [Test worker] INFO  p6spy - #1785144326966 | took 0ms | statement | connection 12| url jdbc:h2:mem:discodeit-test
select us1_0.id,us1_0.created_at,us1_0.last_active_at,us1_0.updated_at,us1_0.user_id from user_statuses us1_0 left join users u1_0 on u1_0.id=us1_0.user_id where u1_0.id=?
select us1_0.id,us1_0.created_at,us1_0.last_active_at,us1_0.updated_at,us1_0.user_id from user_statuses us1_0 left join users u1_0 on u1_0.id=us1_0.user_id where u1_0.id='42f510c6-65c3-486d-9df7-f8fa1f6accc9';
26-07-27 18:25:26.967 [Test worker] INFO  c.s.m.d.s.basic.BasicUserService - User deleted. userId=42f510c6-65c3-486d-9df7-f8fa1f6accc9
26-07-27 18:25:26.971 [Test worker] INFO  p6spy - #1785144326971 | took 0ms | rollback | connection 12| url jdbc:h2:mem:discodeit-test

;
26-07-27 18:25:26.984 [Test worker] INFO  p6spy - #1785144326984 | took 0ms | rollback | connection 13| url jdbc:h2:mem:discodeit-test

;
26-07-27 18:25:26.987 [Test worker] DEBUG c.s.m.d.s.basic.BasicUserService - Creating user. username=woody, email=woody@codeit.com, hasProfileImage=false
26-07-27 18:25:26.988 [Test worker] DEBUG org.hibernate.SQL - 
    select
        u1_0.id 
    from
        users u1_0 
    where
        u1_0.username=? 
        or u1_0.email=? 
    fetch
        first ? rows only
26-07-27 18:25:26.989 [Test worker] TRACE org.hibernate.orm.jdbc.bind - binding parameter (1:VARCHAR) <- [woody]
26-07-27 18:25:26.989 [Test worker] TRACE org.hibernate.orm.jdbc.bind - binding parameter (2:VARCHAR) <- [woody@codeit.com]
26-07-27 18:25:26.989 [Test worker] TRACE org.hibernate.orm.jdbc.bind - binding parameter (3:INTEGER) <- [1]
26-07-27 18:25:26.989 [Test worker] INFO  p6spy - #1785144326989 | took 0ms | statement | connection 14| url jdbc:h2:mem:discodeit-test
select u1_0.id from users u1_0 where u1_0.username=? or u1_0.email=? fetch first ? rows only
select u1_0.id from users u1_0 where u1_0.username='woody' or u1_0.email='woody@codeit.com' fetch first 1 rows only;
26-07-27 18:25:26.990 [Test worker] DEBUG org.hibernate.SQL - 
    insert 
    into
        users
        (created_at, email, password, profile_id, updated_at, username, id) 
    values
        (?, ?, ?, ?, ?, ?, ?)
26-07-27 18:25:26.990 [Test worker] TRACE org.hibernate.orm.jdbc.bind - binding parameter (1:TIMESTAMP_UTC) <- [2026-07-27T09:25:26.989691Z]
26-07-27 18:25:26.990 [Test worker] TRACE org.hibernate.orm.jdbc.bind - binding parameter (2:VARCHAR) <- [woody@codeit.com]
26-07-27 18:25:26.990 [Test worker] TRACE org.hibernate.orm.jdbc.bind - binding parameter (3:VARCHAR) <- [password1]
26-07-27 18:25:26.990 [Test worker] TRACE org.hibernate.orm.jdbc.bind - binding parameter (4:UUID) <- [null]
26-07-27 18:25:26.990 [Test worker] TRACE org.hibernate.orm.jdbc.bind - binding parameter (5:TIMESTAMP_UTC) <- [2026-07-27T09:25:26.989691Z]
26-07-27 18:25:26.990 [Test worker] TRACE org.hibernate.orm.jdbc.bind - binding parameter (6:VARCHAR) <- [woody]
26-07-27 18:25:26.990 [Test worker] TRACE org.hibernate.orm.jdbc.bind - binding parameter (7:UUID) <- [6bbabcc8-058d-49a1-a5f5-44ac4d40f11c]
26-07-27 18:25:26.991 [Test worker] INFO  p6spy - #1785144326991 | took 0ms | statement | connection 14| url jdbc:h2:mem:discodeit-test
insert into users (created_at,email,password,profile_id,updated_at,username,id) values (?,?,?,?,?,?,?)
insert into users (created_at,email,password,profile_id,updated_at,username,id) values ('2026-07-27T09:25:26.989691Z','woody@codeit.com','password1',NULL,'2026-07-27T09:25:26.989691Z','woody','6bbabcc8-058d-49a1-a5f5-44ac4d40f11c');
26-07-27 18:25:26.991 [Test worker] INFO  c.s.m.d.s.basic.BasicUserService - User created. userId=6bbabcc8-058d-49a1-a5f5-44ac4d40f11c, username=woody
26-07-27 18:25:26.994 [Test worker] DEBUG org.hibernate.SQL - 
    select
        u1_0.id,
        u1_0.created_at,
        u1_0.email,
        u1_0.password,
        u1_0.profile_id,
        u1_0.updated_at,
        u1_0.username 
    from
        users u1_0
26-07-27 18:25:26.995 [Test worker] INFO  p6spy - #1785144326995 | took 0ms | statement | connection 14| url jdbc:h2:mem:discodeit-test
select u1_0.id,u1_0.created_at,u1_0.email,u1_0.password,u1_0.profile_id,u1_0.updated_at,u1_0.username from users u1_0
select u1_0.id,u1_0.created_at,u1_0.email,u1_0.password,u1_0.profile_id,u1_0.updated_at,u1_0.username from users u1_0;
26-07-27 18:25:26.998 [Test worker] DEBUG org.hibernate.SQL - 
    insert 
    into
        user_statuses
        (created_at, last_active_at, updated_at, user_id, id) 
    values
        (?, ?, ?, ?, ?)
26-07-27 18:25:26.999 [Test worker] TRACE org.hibernate.orm.jdbc.bind - binding parameter (1:TIMESTAMP_UTC) <- [2026-07-27T09:25:26.991765Z]
26-07-27 18:25:26.999 [Test worker] TRACE org.hibernate.orm.jdbc.bind - binding parameter (2:TIMESTAMP_UTC) <- [2026-07-27T09:25:26.991534Z]
26-07-27 18:25:26.999 [Test worker] TRACE org.hibernate.orm.jdbc.bind - binding parameter (3:TIMESTAMP_UTC) <- [2026-07-27T09:25:26.991765Z]
26-07-27 18:25:26.999 [Test worker] TRACE org.hibernate.orm.jdbc.bind - binding parameter (4:UUID) <- [6bbabcc8-058d-49a1-a5f5-44ac4d40f11c]
26-07-27 18:25:26.999 [Test worker] TRACE org.hibernate.orm.jdbc.bind - binding parameter (5:UUID) <- [14f625fb-c85a-4d68-b41a-a923b6605d6d]
26-07-27 18:25:26.999 [Test worker] INFO  p6spy - #1785144326999 | took 0ms | statement | connection 14| url jdbc:h2:mem:discodeit-test
insert into user_statuses (created_at,last_active_at,updated_at,user_id,id) values (?,?,?,?,?)
insert into user_statuses (created_at,last_active_at,updated_at,user_id,id) values ('2026-07-27T09:25:26.991765Z','2026-07-27T09:25:26.991534Z','2026-07-27T09:25:26.991765Z','6bbabcc8-058d-49a1-a5f5-44ac4d40f11c','14f625fb-c85a-4d68-b41a-a923b6605d6d');
26-07-27 18:25:26.999 [Test worker] DEBUG org.hibernate.SQL - 
    select
        us1_0.id,
        us1_0.created_at,
        us1_0.last_active_at,
        us1_0.updated_at,
        us1_0.user_id 
    from
        user_statuses us1_0 
    left join
        users u1_0 
            on u1_0.id=us1_0.user_id 
    where
        u1_0.id=?
26-07-27 18:25:27.000 [Test worker] TRACE org.hibernate.orm.jdbc.bind - binding parameter (1:UUID) <- [6bbabcc8-058d-49a1-a5f5-44ac4d40f11c]
26-07-27 18:25:27.000 [Test worker] INFO  p6spy - #1785144327000 | took 0ms | statement | connection 14| url jdbc:h2:mem:discodeit-test
select us1_0.id,us1_0.created_at,us1_0.last_active_at,us1_0.updated_at,us1_0.user_id from user_statuses us1_0 left join users u1_0 on u1_0.id=us1_0.user_id where u1_0.id=?
select us1_0.id,us1_0.created_at,us1_0.last_active_at,us1_0.updated_at,us1_0.user_id from user_statuses us1_0 left join users u1_0 on u1_0.id=us1_0.user_id where u1_0.id='6bbabcc8-058d-49a1-a5f5-44ac4d40f11c';
26-07-27 18:25:27.004 [Test worker] INFO  p6spy - #1785144327004 | took 0ms | rollback | connection 14| url jdbc:h2:mem:discodeit-test

;
26-07-27 18:25:27.008 [Test worker] INFO  o.s.t.c.s.AnnotationConfigContextLoaderUtils - Could not detect default configuration classes for test class [com.sprint.mission.discodeit.repository.ChannelRepositoryTest]: ChannelRepositoryTest does not declare any static, non-private, non-final, nested classes annotated with @Configuration.
26-07-27 18:25:27.018 [Test worker] INFO  o.s.b.t.c.SpringBootTestContextBootstrapper - Found @SpringBootConfiguration com.sprint.mission.discodeit.DiscodeitApplication for test class com.sprint.mission.discodeit.repository.ChannelRepositoryTest
26-07-27 18:25:27.036 [Test worker] INFO  c.s.m.d.r.ChannelRepositoryTest - Starting ChannelRepositoryTest using Java 17.0.19 with PID 38838 (started by apple in /Users/apple/Desktop/codeit-13th-develop/13-sprint-mission)
26-07-27 18:25:27.036 [Test worker] DEBUG c.s.m.d.r.ChannelRepositoryTest - Running with Spring Boot v3.5.14, Spring v6.2.18
26-07-27 18:25:27.036 [Test worker] INFO  c.s.m.d.r.ChannelRepositoryTest - The following 1 profile is active: "test"
26-07-27 18:25:27.096 [Test worker] INFO  o.s.d.r.c.RepositoryConfigurationDelegate - Bootstrapping Spring Data JPA repositories in DEFAULT mode.
26-07-27 18:25:27.111 [Test worker] INFO  o.s.d.r.c.RepositoryConfigurationDelegate - Finished Spring Data repository scanning in 13 ms. Found 6 JPA repository interfaces.
26-07-27 18:25:27.121 [Test worker] INFO  o.s.b.t.a.j.TestDatabaseAutoConfiguration$EmbeddedDataSourceBeanFactoryPostProcessor - Replacing 'dataSource' DataSource bean with embedded version
26-07-27 18:25:27.135 [Test worker] INFO  o.s.j.d.e.EmbeddedDatabaseFactory - Starting embedded database: url='jdbc:h2:mem:18f82bf6-6658-4ba0-8c7c-ace5c64c413d;DB_CLOSE_DELAY=-1;DB_CLOSE_ON_EXIT=false', username='sa'
26-07-27 18:25:27.140 [Test worker] INFO  c.g.g.b.j.d.p6spy.P6SpyConfiguration - P6Spy modulelist is overridden, some p6spy configuration features will not be applied
26-07-27 18:25:27.150 [Test worker] INFO  o.h.jpa.internal.util.LogHelper - HHH000204: Processing PersistenceUnitInfo [name: default]
26-07-27 18:25:27.152 [Test worker] INFO  o.h.c.i.RegionFactoryInitiator - HHH000026: Second-level cache disabled
26-07-27 18:25:27.157 [Test worker] INFO  o.s.o.j.p.SpringPersistenceUnitInfo - No LoadTimeWeaver setup: ignoring JPA class transformer
26-07-27 18:25:27.158 [Test worker] INFO  o.hibernate.orm.connections.pooling - HHH10001005: Database info:
	Database JDBC URL [Connecting through datasource 'p6SpyDataSourceDecorator [com.p6spy.engine.spy.P6DataSource] -> dataSource [org.springframework.jdbc.datasource.embedded.EmbeddedDatabaseFactory$EmbeddedDataSourceProxy]']
	Database driver: undefined/unknown
	Database version: 2.3.232
	Autocommit mode: undefined/unknown
	Isolation level: undefined/unknown
	Minimum pool size: undefined/unknown
	Maximum pool size: undefined/unknown
26-07-27 18:25:27.205 [Test worker] INFO  o.h.e.t.j.p.i.JtaPlatformInitiator - HHH000489: No JTA platform available (set 'hibernate.transaction.jta.platform' to enable JTA platform integration)
26-07-27 18:25:27.205 [Test worker] DEBUG org.hibernate.SQL - 
    drop table if exists binary_contents cascade 
26-07-27 18:25:27.206 [Test worker] INFO  p6spy - #1785144327206 | took 0ms | statement | connection 16| url jdbc:h2:mem:18f82bf6-6658-4ba0-8c7c-ace5c64c413d

    drop table if exists binary_contents cascade 

    drop table if exists binary_contents cascade ;
26-07-27 18:25:27.206 [Test worker] DEBUG org.hibernate.SQL - 
    drop table if exists channels cascade 
26-07-27 18:25:27.206 [Test worker] INFO  p6spy - #1785144327206 | took 0ms | statement | connection 16| url jdbc:h2:mem:18f82bf6-6658-4ba0-8c7c-ace5c64c413d

    drop table if exists channels cascade 

    drop table if exists channels cascade ;
26-07-27 18:25:27.206 [Test worker] DEBUG org.hibernate.SQL - 
    drop table if exists message_attachments cascade 
26-07-27 18:25:27.206 [Test worker] INFO  p6spy - #1785144327206 | took 0ms | statement | connection 16| url jdbc:h2:mem:18f82bf6-6658-4ba0-8c7c-ace5c64c413d

    drop table if exists message_attachments cascade 

    drop table if exists message_attachments cascade ;
26-07-27 18:25:27.206 [Test worker] DEBUG org.hibernate.SQL - 
    drop table if exists messages cascade 
26-07-27 18:25:27.207 [Test worker] INFO  p6spy - #1785144327207 | took 0ms | statement | connection 16| url jdbc:h2:mem:18f82bf6-6658-4ba0-8c7c-ace5c64c413d

    drop table if exists messages cascade 

    drop table if exists messages cascade ;
26-07-27 18:25:27.207 [Test worker] DEBUG org.hibernate.SQL - 
    drop table if exists read_statuses cascade 
26-07-27 18:25:27.207 [Test worker] INFO  p6spy - #1785144327207 | took 0ms | statement | connection 16| url jdbc:h2:mem:18f82bf6-6658-4ba0-8c7c-ace5c64c413d

    drop table if exists read_statuses cascade 

    drop table if exists read_statuses cascade ;
26-07-27 18:25:27.207 [Test worker] DEBUG org.hibernate.SQL - 
    drop table if exists user_statuses cascade 
26-07-27 18:25:27.207 [Test worker] INFO  p6spy - #1785144327207 | took 0ms | statement | connection 16| url jdbc:h2:mem:18f82bf6-6658-4ba0-8c7c-ace5c64c413d

    drop table if exists user_statuses cascade 

    drop table if exists user_statuses cascade ;
26-07-27 18:25:27.207 [Test worker] DEBUG org.hibernate.SQL - 
    drop table if exists users cascade 
26-07-27 18:25:27.207 [Test worker] INFO  p6spy - #1785144327207 | took 0ms | statement | connection 16| url jdbc:h2:mem:18f82bf6-6658-4ba0-8c7c-ace5c64c413d

    drop table if exists users cascade 

    drop table if exists users cascade ;
26-07-27 18:25:27.207 [Test worker] DEBUG org.hibernate.SQL - 
    create table binary_contents (
        created_at timestamp(6) with time zone not null,
        size bigint not null,
        id uuid not null,
        content_type varchar(100) not null,
        file_name varchar(255) not null,
        primary key (id)
    )
26-07-27 18:25:27.208 [Test worker] INFO  p6spy - #1785144327208 | took 0ms | statement | connection 17| url jdbc:h2:mem:18f82bf6-6658-4ba0-8c7c-ace5c64c413d

    create table binary_contents (
        created_at timestamp(6) with time zone not null,
        size bigint not null,
        id uuid not null,
        content_type varchar(100) not null,
        file_name varchar(255) not null,
        primary key (id)
    )

    create table binary_contents (
        created_at timestamp(6) with time zone not null,
        size bigint not null,
        id uuid not null,
        content_type varchar(100) not null,
        file_name varchar(255) not null,
        primary key (id)
    );
26-07-27 18:25:27.208 [Test worker] DEBUG org.hibernate.SQL - 
    create table channels (
        created_at timestamp(6) with time zone not null,
        updated_at timestamp(6) with time zone,
        id uuid not null,
        name varchar(100),
        description varchar(500),
        type enum ('PRIVATE','PUBLIC') not null,
        primary key (id)
    )
26-07-27 18:25:27.209 [Test worker] INFO  p6spy - #1785144327209 | took 0ms | statement | connection 17| url jdbc:h2:mem:18f82bf6-6658-4ba0-8c7c-ace5c64c413d

    create table channels (
        created_at timestamp(6) with time zone not null,
        updated_at timestamp(6) with time zone,
        id uuid not null,
        name varchar(100),
        description varchar(500),
        type enum ('PRIVATE','PUBLIC') not null,
        primary key (id)
    )

    create table channels (
        created_at timestamp(6) with time zone not null,
        updated_at timestamp(6) with time zone,
        id uuid not null,
        name varchar(100),
        description varchar(500),
        type enum ('PRIVATE','PUBLIC') not null,
        primary key (id)
    );
26-07-27 18:25:27.209 [Test worker] DEBUG org.hibernate.SQL - 
    create table message_attachments (
        attachment_id uuid not null unique,
        message_id uuid not null
    )
26-07-27 18:25:27.210 [Test worker] INFO  p6spy - #1785144327210 | took 0ms | statement | connection 17| url jdbc:h2:mem:18f82bf6-6658-4ba0-8c7c-ace5c64c413d

    create table message_attachments (
        attachment_id uuid not null unique,
        message_id uuid not null
    )

    create table message_attachments (
        attachment_id uuid not null unique,
        message_id uuid not null
    );
26-07-27 18:25:27.210 [Test worker] DEBUG org.hibernate.SQL - 
    create table messages (
        created_at timestamp(6) with time zone not null,
        updated_at timestamp(6) with time zone,
        author_id uuid,
        channel_id uuid not null,
        id uuid not null,
        content text,
        primary key (id)
    )
26-07-27 18:25:27.210 [Test worker] INFO  p6spy - #1785144327210 | took 0ms | statement | connection 17| url jdbc:h2:mem:18f82bf6-6658-4ba0-8c7c-ace5c64c413d

    create table messages (
        created_at timestamp(6) with time zone not null,
        updated_at timestamp(6) with time zone,
        author_id uuid,
        channel_id uuid not null,
        id uuid not null,
        content text,
        primary key (id)
    )

    create table messages (
        created_at timestamp(6) with time zone not null,
        updated_at timestamp(6) with time zone,
        author_id uuid,
        channel_id uuid not null,
        id uuid not null,
        content text,
        primary key (id)
    );
26-07-27 18:25:27.211 [Test worker] DEBUG org.hibernate.SQL - 
    create table read_statuses (
        created_at timestamp(6) with time zone not null,
        last_read_at timestamp(6) with time zone not null,
        updated_at timestamp(6) with time zone,
        channel_id uuid not null,
        id uuid not null,
        user_id uuid not null,
        primary key (id)
    )
26-07-27 18:25:27.211 [Test worker] INFO  p6spy - #1785144327211 | took 0ms | statement | connection 17| url jdbc:h2:mem:18f82bf6-6658-4ba0-8c7c-ace5c64c413d

    create table read_statuses (
        created_at timestamp(6) with time zone not null,
        last_read_at timestamp(6) with time zone not null,
        updated_at timestamp(6) with time zone,
        channel_id uuid not null,
        id uuid not null,
        user_id uuid not null,
        primary key (id)
    )

    create table read_statuses (
        created_at timestamp(6) with time zone not null,
        last_read_at timestamp(6) with time zone not null,
        updated_at timestamp(6) with time zone,
        channel_id uuid not null,
        id uuid not null,
        user_id uuid not null,
        primary key (id)
    );
26-07-27 18:25:27.212 [Test worker] DEBUG org.hibernate.SQL - 
    create table user_statuses (
        created_at timestamp(6) with time zone not null,
        last_active_at timestamp(6) with time zone not null,
        updated_at timestamp(6) with time zone,
        id uuid not null,
        user_id uuid not null unique,
        primary key (id)
    )
26-07-27 18:25:27.213 [Test worker] INFO  p6spy - #1785144327213 | took 0ms | statement | connection 17| url jdbc:h2:mem:18f82bf6-6658-4ba0-8c7c-ace5c64c413d

    create table user_statuses (
        created_at timestamp(6) with time zone not null,
        last_active_at timestamp(6) with time zone not null,
        updated_at timestamp(6) with time zone,
        id uuid not null,
        user_id uuid not null unique,
        primary key (id)
    )

    create table user_statuses (
        created_at timestamp(6) with time zone not null,
        last_active_at timestamp(6) with time zone not null,
        updated_at timestamp(6) with time zone,
        id uuid not null,
        user_id uuid not null unique,
        primary key (id)
    );
26-07-27 18:25:27.214 [Test worker] DEBUG org.hibernate.SQL - 
    create table users (
        created_at timestamp(6) with time zone not null,
        updated_at timestamp(6) with time zone,
        id uuid not null,
        profile_id uuid unique,
        username varchar(50) not null unique,
        password varchar(60) not null,
        email varchar(100) not null unique,
        primary key (id)
    )
26-07-27 18:25:27.215 [Test worker] INFO  p6spy - #1785144327215 | took 0ms | statement | connection 17| url jdbc:h2:mem:18f82bf6-6658-4ba0-8c7c-ace5c64c413d

    create table users (
        created_at timestamp(6) with time zone not null,
        updated_at timestamp(6) with time zone,
        id uuid not null,
        profile_id uuid unique,
        username varchar(50) not null unique,
        password varchar(60) not null,
        email varchar(100) not null unique,
        primary key (id)
    )

    create table users (
        created_at timestamp(6) with time zone not null,
        updated_at timestamp(6) with time zone,
        id uuid not null,
        profile_id uuid unique,
        username varchar(50) not null unique,
        password varchar(60) not null,
        email varchar(100) not null unique,
        primary key (id)
    );
26-07-27 18:25:27.216 [Test worker] DEBUG org.hibernate.SQL - 
    alter table if exists message_attachments 
       add constraint FKsd1m8rb8jcpbcnb7rpdue7ctc 
       foreign key (attachment_id) 
       references binary_contents
26-07-27 18:25:27.217 [Test worker] INFO  p6spy - #1785144327217 | took 0ms | statement | connection 17| url jdbc:h2:mem:18f82bf6-6658-4ba0-8c7c-ace5c64c413d

    alter table if exists message_attachments 
       add constraint FKsd1m8rb8jcpbcnb7rpdue7ctc 
       foreign key (attachment_id) 
       references binary_contents

    alter table if exists message_attachments 
       add constraint FKsd1m8rb8jcpbcnb7rpdue7ctc 
       foreign key (attachment_id) 
       references binary_contents;
26-07-27 18:25:27.217 [Test worker] DEBUG org.hibernate.SQL - 
    alter table if exists message_attachments 
       add constraint FKj7twd218e2gqw9cmlhwvo1rth 
       foreign key (message_id) 
       references messages
26-07-27 18:25:27.218 [Test worker] INFO  p6spy - #1785144327218 | took 1ms | statement | connection 17| url jdbc:h2:mem:18f82bf6-6658-4ba0-8c7c-ace5c64c413d

    alter table if exists message_attachments 
       add constraint FKj7twd218e2gqw9cmlhwvo1rth 
       foreign key (message_id) 
       references messages

    alter table if exists message_attachments 
       add constraint FKj7twd218e2gqw9cmlhwvo1rth 
       foreign key (message_id) 
       references messages;
26-07-27 18:25:27.219 [Test worker] DEBUG org.hibernate.SQL - 
    alter table if exists messages 
       add constraint FKowtlim26svclkatusptbgi7u1 
       foreign key (author_id) 
       references users
26-07-27 18:25:27.219 [Test worker] INFO  p6spy - #1785144327219 | took 0ms | statement | connection 17| url jdbc:h2:mem:18f82bf6-6658-4ba0-8c7c-ace5c64c413d

    alter table if exists messages 
       add constraint FKowtlim26svclkatusptbgi7u1 
       foreign key (author_id) 
       references users

    alter table if exists messages 
       add constraint FKowtlim26svclkatusptbgi7u1 
       foreign key (author_id) 
       references users;
26-07-27 18:25:27.220 [Test worker] DEBUG org.hibernate.SQL - 
    alter table if exists messages 
       add constraint FK3u3ckbhwq9se1cmopk2pq05b2 
       foreign key (channel_id) 
       references channels
26-07-27 18:25:27.220 [Test worker] INFO  p6spy - #1785144327220 | took 0ms | statement | connection 17| url jdbc:h2:mem:18f82bf6-6658-4ba0-8c7c-ace5c64c413d

    alter table if exists messages 
       add constraint FK3u3ckbhwq9se1cmopk2pq05b2 
       foreign key (channel_id) 
       references channels

    alter table if exists messages 
       add constraint FK3u3ckbhwq9se1cmopk2pq05b2 
       foreign key (channel_id) 
       references channels;
26-07-27 18:25:27.221 [Test worker] DEBUG org.hibernate.SQL - 
    alter table if exists read_statuses 
       add constraint FKa38ri44ml4gfdpklx4ahqr8gd 
       foreign key (channel_id) 
       references channels
26-07-27 18:25:27.221 [Test worker] INFO  p6spy - #1785144327221 | took 0ms | statement | connection 17| url jdbc:h2:mem:18f82bf6-6658-4ba0-8c7c-ace5c64c413d

    alter table if exists read_statuses 
       add constraint FKa38ri44ml4gfdpklx4ahqr8gd 
       foreign key (channel_id) 
       references channels

    alter table if exists read_statuses 
       add constraint FKa38ri44ml4gfdpklx4ahqr8gd 
       foreign key (channel_id) 
       references channels;
26-07-27 18:25:27.221 [Test worker] DEBUG org.hibernate.SQL - 
    alter table if exists read_statuses 
       add constraint FKml3k4wr9sj5yxrmj6d0aoib2e 
       foreign key (user_id) 
       references users
26-07-27 18:25:27.222 [Test worker] INFO  p6spy - #1785144327222 | took 0ms | statement | connection 17| url jdbc:h2:mem:18f82bf6-6658-4ba0-8c7c-ace5c64c413d

    alter table if exists read_statuses 
       add constraint FKml3k4wr9sj5yxrmj6d0aoib2e 
       foreign key (user_id) 
       references users

    alter table if exists read_statuses 
       add constraint FKml3k4wr9sj5yxrmj6d0aoib2e 
       foreign key (user_id) 
       references users;
26-07-27 18:25:27.222 [Test worker] DEBUG org.hibernate.SQL - 
    alter table if exists user_statuses 
       add constraint FK4lfl3ei2ubchgcxrrpo3pw4mm 
       foreign key (user_id) 
       references users
26-07-27 18:25:27.223 [Test worker] INFO  p6spy - #1785144327223 | took 0ms | statement | connection 17| url jdbc:h2:mem:18f82bf6-6658-4ba0-8c7c-ace5c64c413d

    alter table if exists user_statuses 
       add constraint FK4lfl3ei2ubchgcxrrpo3pw4mm 
       foreign key (user_id) 
       references users

    alter table if exists user_statuses 
       add constraint FK4lfl3ei2ubchgcxrrpo3pw4mm 
       foreign key (user_id) 
       references users;
26-07-27 18:25:27.223 [Test worker] DEBUG org.hibernate.SQL - 
    alter table if exists users 
       add constraint FKtbudycgrip49xdptogmhfqnso 
       foreign key (profile_id) 
       references binary_contents
26-07-27 18:25:27.223 [Test worker] INFO  p6spy - #1785144327223 | took 0ms | statement | connection 17| url jdbc:h2:mem:18f82bf6-6658-4ba0-8c7c-ace5c64c413d

    alter table if exists users 
       add constraint FKtbudycgrip49xdptogmhfqnso 
       foreign key (profile_id) 
       references binary_contents

    alter table if exists users 
       add constraint FKtbudycgrip49xdptogmhfqnso 
       foreign key (profile_id) 
       references binary_contents;
26-07-27 18:25:27.224 [Test worker] INFO  o.s.o.j.LocalContainerEntityManagerFactoryBean - Initialized JPA EntityManagerFactory for persistence unit 'default'
26-07-27 18:25:27.287 [Test worker] INFO  c.s.m.d.r.ChannelRepositoryTest - Started ChannelRepositoryTest in 0.267 seconds (process running for 8.231)
26-07-27 18:25:27.298 [Test worker] INFO  p6spy - #1785144327298 | took 0ms | rollback | connection 18| url jdbc:h2:mem:18f82bf6-6658-4ba0-8c7c-ace5c64c413d

;
26-07-27 18:25:27.301 [Test worker] DEBUG org.hibernate.SQL - 
    select
        c1_0.id,
        c1_0.created_at,
        c1_0.description,
        c1_0.name,
        c1_0.type,
        c1_0.updated_at 
    from
        channels c1_0 
    where
        c1_0.id=?
26-07-27 18:25:27.302 [Test worker] TRACE org.hibernate.orm.jdbc.bind - binding parameter (1:UUID) <- [b15fae0a-3d77-4efa-b0b4-ab60f5585aa9]
26-07-27 18:25:27.302 [Test worker] INFO  p6spy - #1785144327302 | took 0ms | statement | connection 19| url jdbc:h2:mem:18f82bf6-6658-4ba0-8c7c-ace5c64c413d
select c1_0.id,c1_0.created_at,c1_0.description,c1_0.name,c1_0.type,c1_0.updated_at from channels c1_0 where c1_0.id=?
select c1_0.id,c1_0.created_at,c1_0.description,c1_0.name,c1_0.type,c1_0.updated_at from channels c1_0 where c1_0.id='b15fae0a-3d77-4efa-b0b4-ab60f5585aa9';
26-07-27 18:25:27.305 [Test worker] INFO  p6spy - #1785144327305 | took 0ms | rollback | connection 19| url jdbc:h2:mem:18f82bf6-6658-4ba0-8c7c-ace5c64c413d

;
26-07-27 18:25:27.313 [Test worker] DEBUG org.hibernate.SQL - 
    insert 
    into
        channels
        (created_at, description, name, type, updated_at, id) 
    values
        (?, ?, ?, ?, ?, ?)
26-07-27 18:25:27.313 [Test worker] TRACE org.hibernate.orm.jdbc.bind - binding parameter (1:TIMESTAMP_UTC) <- [2026-07-27T09:25:27.310188Z]
26-07-27 18:25:27.313 [Test worker] TRACE org.hibernate.orm.jdbc.bind - binding parameter (2:VARCHAR) <- [notice channel]
26-07-27 18:25:27.313 [Test worker] TRACE org.hibernate.orm.jdbc.bind - binding parameter (3:VARCHAR) <- [notice]
26-07-27 18:25:27.313 [Test worker] TRACE org.hibernate.orm.jdbc.bind - binding parameter (4:ENUM) <- [PUBLIC]
26-07-27 18:25:27.313 [Test worker] TRACE org.hibernate.orm.jdbc.bind - binding parameter (5:TIMESTAMP_UTC) <- [2026-07-27T09:25:27.310188Z]
26-07-27 18:25:27.313 [Test worker] TRACE org.hibernate.orm.jdbc.bind - binding parameter (6:UUID) <- [b87d51be-9a53-49dc-9c7a-3c86f7922c93]
26-07-27 18:25:27.314 [Test worker] INFO  p6spy - #1785144327314 | took 0ms | statement | connection 20| url jdbc:h2:mem:18f82bf6-6658-4ba0-8c7c-ace5c64c413d
insert into channels (created_at,description,name,type,updated_at,id) values (?,?,?,?,?,?)
insert into channels (created_at,description,name,type,updated_at,id) values ('2026-07-27T09:25:27.310188Z','notice channel','notice','PUBLIC','2026-07-27T09:25:27.310188Z','b87d51be-9a53-49dc-9c7a-3c86f7922c93');
26-07-27 18:25:27.314 [Test worker] DEBUG org.hibernate.SQL - 
    insert 
    into
        channels
        (created_at, description, name, type, updated_at, id) 
    values
        (?, ?, ?, ?, ?, ?)
26-07-27 18:25:27.314 [Test worker] TRACE org.hibernate.orm.jdbc.bind - binding parameter (1:TIMESTAMP_UTC) <- [2026-07-27T09:25:27.310590Z]
26-07-27 18:25:27.315 [Test worker] TRACE org.hibernate.orm.jdbc.bind - binding parameter (2:VARCHAR) <- [general channel]
26-07-27 18:25:27.315 [Test worker] TRACE org.hibernate.orm.jdbc.bind - binding parameter (3:VARCHAR) <- [general]
26-07-27 18:25:27.315 [Test worker] TRACE org.hibernate.orm.jdbc.bind - binding parameter (4:ENUM) <- [PUBLIC]
26-07-27 18:25:27.315 [Test worker] TRACE org.hibernate.orm.jdbc.bind - binding parameter (5:TIMESTAMP_UTC) <- [2026-07-27T09:25:27.310590Z]
26-07-27 18:25:27.315 [Test worker] TRACE org.hibernate.orm.jdbc.bind - binding parameter (6:UUID) <- [7e641604-6ed8-4dd6-b4f0-75f80746e6df]
26-07-27 18:25:27.315 [Test worker] INFO  p6spy - #1785144327315 | took 0ms | statement | connection 20| url jdbc:h2:mem:18f82bf6-6658-4ba0-8c7c-ace5c64c413d
insert into channels (created_at,description,name,type,updated_at,id) values (?,?,?,?,?,?)
insert into channels (created_at,description,name,type,updated_at,id) values ('2026-07-27T09:25:27.310590Z','general channel','general','PUBLIC','2026-07-27T09:25:27.310590Z','7e641604-6ed8-4dd6-b4f0-75f80746e6df');
26-07-27 18:25:27.315 [Test worker] DEBUG org.hibernate.SQL - 
    insert 
    into
        channels
        (created_at, description, name, type, updated_at, id) 
    values
        (?, ?, ?, ?, ?, ?)
26-07-27 18:25:27.315 [Test worker] TRACE org.hibernate.orm.jdbc.bind - binding parameter (1:TIMESTAMP_UTC) <- [2026-07-27T09:25:27.310819Z]
26-07-27 18:25:27.315 [Test worker] TRACE org.hibernate.orm.jdbc.bind - binding parameter (2:VARCHAR) <- [archive channel]
26-07-27 18:25:27.315 [Test worker] TRACE org.hibernate.orm.jdbc.bind - binding parameter (3:VARCHAR) <- [archive]
26-07-27 18:25:27.315 [Test worker] TRACE org.hibernate.orm.jdbc.bind - binding parameter (4:ENUM) <- [PUBLIC]
26-07-27 18:25:27.315 [Test worker] TRACE org.hibernate.orm.jdbc.bind - binding parameter (5:TIMESTAMP_UTC) <- [2026-07-27T09:25:27.310819Z]
26-07-27 18:25:27.315 [Test worker] TRACE org.hibernate.orm.jdbc.bind - binding parameter (6:UUID) <- [580e8bed-f8e7-4252-9bc5-118346c3756f]
26-07-27 18:25:27.316 [Test worker] INFO  p6spy - #1785144327316 | took 0ms | statement | connection 20| url jdbc:h2:mem:18f82bf6-6658-4ba0-8c7c-ace5c64c413d
insert into channels (created_at,description,name,type,updated_at,id) values (?,?,?,?,?,?)
insert into channels (created_at,description,name,type,updated_at,id) values ('2026-07-27T09:25:27.310819Z','archive channel','archive','PUBLIC','2026-07-27T09:25:27.310819Z','580e8bed-f8e7-4252-9bc5-118346c3756f');
26-07-27 18:25:27.316 [Test worker] DEBUG org.hibernate.SQL - 
    select
        c1_0.id,
        c1_0.created_at,
        c1_0.description,
        c1_0.name,
        c1_0.type,
        c1_0.updated_at 
    from
        channels c1_0 
    order by
        c1_0.name 
    offset
        ? rows 
    fetch
        first ? rows only
26-07-27 18:25:27.316 [Test worker] TRACE org.hibernate.orm.jdbc.bind - binding parameter (1:INTEGER) <- [0]
26-07-27 18:25:27.316 [Test worker] TRACE org.hibernate.orm.jdbc.bind - binding parameter (2:INTEGER) <- [2]
26-07-27 18:25:27.316 [Test worker] INFO  p6spy - #1785144327316 | took 0ms | statement | connection 20| url jdbc:h2:mem:18f82bf6-6658-4ba0-8c7c-ace5c64c413d
select c1_0.id,c1_0.created_at,c1_0.description,c1_0.name,c1_0.type,c1_0.updated_at from channels c1_0 order by c1_0.name offset ? rows fetch first ? rows only
select c1_0.id,c1_0.created_at,c1_0.description,c1_0.name,c1_0.type,c1_0.updated_at from channels c1_0 order by c1_0.name offset 0 rows fetch first 2 rows only;
26-07-27 18:25:27.319 [Test worker] DEBUG org.hibernate.SQL - 
    select
        count(c1_0.id) 
    from
        channels c1_0
26-07-27 18:25:27.320 [Test worker] INFO  p6spy - #1785144327320 | took 0ms | statement | connection 20| url jdbc:h2:mem:18f82bf6-6658-4ba0-8c7c-ace5c64c413d
select count(c1_0.id) from channels c1_0
select count(c1_0.id) from channels c1_0;
26-07-27 18:25:27.326 [Test worker] INFO  p6spy - #1785144327326 | took 0ms | rollback | connection 20| url jdbc:h2:mem:18f82bf6-6658-4ba0-8c7c-ace5c64c413d

;
26-07-27 18:25:27.328 [Test worker] INFO  o.s.t.c.s.AnnotationConfigContextLoaderUtils - Could not detect default configuration classes for test class [com.sprint.mission.discodeit.repository.MessageRepositoryTest]: MessageRepositoryTest does not declare any static, non-private, non-final, nested classes annotated with @Configuration.
26-07-27 18:25:27.333 [Test worker] INFO  o.s.b.t.c.SpringBootTestContextBootstrapper - Found @SpringBootConfiguration com.sprint.mission.discodeit.DiscodeitApplication for test class com.sprint.mission.discodeit.repository.MessageRepositoryTest
26-07-27 18:25:27.340 [Test worker] DEBUG org.hibernate.SQL - 
    select
        m1_0.channel_id,
        max(m1_0.created_at) 
    from
        messages m1_0 
    where
        m1_0.channel_id in (?) 
    group by
        m1_0.channel_id
26-07-27 18:25:27.340 [Test worker] TRACE org.hibernate.orm.jdbc.bind - binding parameter (1:UUID) <- [bbe8f266-04e8-4755-82ea-8fd5ef6ced6f]
26-07-27 18:25:27.340 [Test worker] INFO  p6spy - #1785144327340 | took 0ms | statement | connection 21| url jdbc:h2:mem:18f82bf6-6658-4ba0-8c7c-ace5c64c413d
select m1_0.channel_id,max(m1_0.created_at) from messages m1_0 where m1_0.channel_id in (?) group by m1_0.channel_id
select m1_0.channel_id,max(m1_0.created_at) from messages m1_0 where m1_0.channel_id in ('bbe8f266-04e8-4755-82ea-8fd5ef6ced6f') group by m1_0.channel_id;
26-07-27 18:25:27.344 [Test worker] INFO  p6spy - #1785144327344 | took 0ms | rollback | connection 21| url jdbc:h2:mem:18f82bf6-6658-4ba0-8c7c-ace5c64c413d

;
26-07-27 18:25:27.352 [Test worker] DEBUG org.hibernate.SQL - 
    insert 
    into
        users
        (created_at, email, password, profile_id, updated_at, username, id) 
    values
        (?, ?, ?, ?, ?, ?, ?)
26-07-27 18:25:27.352 [Test worker] TRACE org.hibernate.orm.jdbc.bind - binding parameter (1:TIMESTAMP_UTC) <- [2026-07-27T09:25:27.348841Z]
26-07-27 18:25:27.352 [Test worker] TRACE org.hibernate.orm.jdbc.bind - binding parameter (2:VARCHAR) <- [woody@codeit.com]
26-07-27 18:25:27.352 [Test worker] TRACE org.hibernate.orm.jdbc.bind - binding parameter (3:VARCHAR) <- [password1]
26-07-27 18:25:27.352 [Test worker] TRACE org.hibernate.orm.jdbc.bind - binding parameter (4:UUID) <- [null]
26-07-27 18:25:27.352 [Test worker] TRACE org.hibernate.orm.jdbc.bind - binding parameter (5:TIMESTAMP_UTC) <- [2026-07-27T09:25:27.348841Z]
26-07-27 18:25:27.352 [Test worker] TRACE org.hibernate.orm.jdbc.bind - binding parameter (6:VARCHAR) <- [woody]
26-07-27 18:25:27.352 [Test worker] TRACE org.hibernate.orm.jdbc.bind - binding parameter (7:UUID) <- [ec685cdf-cc15-407b-a2d2-bb28e8d342eb]
26-07-27 18:25:27.352 [Test worker] INFO  p6spy - #1785144327352 | took 0ms | statement | connection 22| url jdbc:h2:mem:18f82bf6-6658-4ba0-8c7c-ace5c64c413d
insert into users (created_at,email,password,profile_id,updated_at,username,id) values (?,?,?,?,?,?,?)
insert into users (created_at,email,password,profile_id,updated_at,username,id) values ('2026-07-27T09:25:27.348841Z','woody@codeit.com','password1',NULL,'2026-07-27T09:25:27.348841Z','woody','ec685cdf-cc15-407b-a2d2-bb28e8d342eb');
26-07-27 18:25:27.353 [Test worker] DEBUG org.hibernate.SQL - 
    insert 
    into
        channels
        (created_at, description, name, type, updated_at, id) 
    values
        (?, ?, ?, ?, ?, ?)
26-07-27 18:25:27.353 [Test worker] TRACE org.hibernate.orm.jdbc.bind - binding parameter (1:TIMESTAMP_UTC) <- [2026-07-27T09:25:27.349394Z]
26-07-27 18:25:27.353 [Test worker] TRACE org.hibernate.orm.jdbc.bind - binding parameter (2:VARCHAR) <- [general channel]
26-07-27 18:25:27.353 [Test worker] TRACE org.hibernate.orm.jdbc.bind - binding parameter (3:VARCHAR) <- [general]
26-07-27 18:25:27.353 [Test worker] TRACE org.hibernate.orm.jdbc.bind - binding parameter (4:ENUM) <- [PUBLIC]
26-07-27 18:25:27.353 [Test worker] TRACE org.hibernate.orm.jdbc.bind - binding parameter (5:TIMESTAMP_UTC) <- [2026-07-27T09:25:27.349394Z]
26-07-27 18:25:27.353 [Test worker] TRACE org.hibernate.orm.jdbc.bind - binding parameter (6:UUID) <- [f2201ccf-ce0d-41f1-8396-57d0de9a9107]
26-07-27 18:25:27.354 [Test worker] INFO  p6spy - #1785144327353 | took 0ms | statement | connection 22| url jdbc:h2:mem:18f82bf6-6658-4ba0-8c7c-ace5c64c413d
insert into channels (created_at,description,name,type,updated_at,id) values (?,?,?,?,?,?)
insert into channels (created_at,description,name,type,updated_at,id) values ('2026-07-27T09:25:27.349394Z','general channel','general','PUBLIC','2026-07-27T09:25:27.349394Z','f2201ccf-ce0d-41f1-8396-57d0de9a9107');
26-07-27 18:25:27.354 [Test worker] DEBUG org.hibernate.SQL - 
    insert 
    into
        messages
        (author_id, channel_id, content, created_at, updated_at, id) 
    values
        (?, ?, ?, ?, ?, ?)
26-07-27 18:25:27.354 [Test worker] TRACE org.hibernate.orm.jdbc.bind - binding parameter (1:UUID) <- [ec685cdf-cc15-407b-a2d2-bb28e8d342eb]
26-07-27 18:25:27.354 [Test worker] TRACE org.hibernate.orm.jdbc.bind - binding parameter (2:UUID) <- [f2201ccf-ce0d-41f1-8396-57d0de9a9107]
26-07-27 18:25:27.354 [Test worker] TRACE org.hibernate.orm.jdbc.bind - binding parameter (3:VARCHAR) <- [first]
26-07-27 18:25:27.354 [Test worker] TRACE org.hibernate.orm.jdbc.bind - binding parameter (4:TIMESTAMP_UTC) <- [2026-07-27T09:25:27.351047Z]
26-07-27 18:25:27.354 [Test worker] TRACE org.hibernate.orm.jdbc.bind - binding parameter (5:TIMESTAMP_UTC) <- [2026-07-27T09:25:27.351047Z]
26-07-27 18:25:27.354 [Test worker] TRACE org.hibernate.orm.jdbc.bind - binding parameter (6:UUID) <- [58296112-12bd-4109-9428-546379aa3e7f]
26-07-27 18:25:27.354 [Test worker] INFO  p6spy - #1785144327354 | took 0ms | statement | connection 22| url jdbc:h2:mem:18f82bf6-6658-4ba0-8c7c-ace5c64c413d
insert into messages (author_id,channel_id,content,created_at,updated_at,id) values (?,?,?,?,?,?)
insert into messages (author_id,channel_id,content,created_at,updated_at,id) values ('ec685cdf-cc15-407b-a2d2-bb28e8d342eb','f2201ccf-ce0d-41f1-8396-57d0de9a9107','first','2026-07-27T09:25:27.351047Z','2026-07-27T09:25:27.351047Z','58296112-12bd-4109-9428-546379aa3e7f');
26-07-27 18:25:27.354 [Test worker] DEBUG org.hibernate.SQL - 
    insert 
    into
        messages
        (author_id, channel_id, content, created_at, updated_at, id) 
    values
        (?, ?, ?, ?, ?, ?)
26-07-27 18:25:27.355 [Test worker] TRACE org.hibernate.orm.jdbc.bind - binding parameter (1:UUID) <- [ec685cdf-cc15-407b-a2d2-bb28e8d342eb]
26-07-27 18:25:27.355 [Test worker] TRACE org.hibernate.orm.jdbc.bind - binding parameter (2:UUID) <- [f2201ccf-ce0d-41f1-8396-57d0de9a9107]
26-07-27 18:25:27.355 [Test worker] TRACE org.hibernate.orm.jdbc.bind - binding parameter (3:VARCHAR) <- [second]
26-07-27 18:25:27.355 [Test worker] TRACE org.hibernate.orm.jdbc.bind - binding parameter (4:TIMESTAMP_UTC) <- [2026-07-27T09:25:27.351265Z]
26-07-27 18:25:27.355 [Test worker] TRACE org.hibernate.orm.jdbc.bind - binding parameter (5:TIMESTAMP_UTC) <- [2026-07-27T09:25:27.351265Z]
26-07-27 18:25:27.355 [Test worker] TRACE org.hibernate.orm.jdbc.bind - binding parameter (6:UUID) <- [6d5ae52b-6080-444d-8d03-4e3fc56177f4]
26-07-27 18:25:27.355 [Test worker] INFO  p6spy - #1785144327355 | took 0ms | statement | connection 22| url jdbc:h2:mem:18f82bf6-6658-4ba0-8c7c-ace5c64c413d
insert into messages (author_id,channel_id,content,created_at,updated_at,id) values (?,?,?,?,?,?)
insert into messages (author_id,channel_id,content,created_at,updated_at,id) values ('ec685cdf-cc15-407b-a2d2-bb28e8d342eb','f2201ccf-ce0d-41f1-8396-57d0de9a9107','second','2026-07-27T09:25:27.351265Z','2026-07-27T09:25:27.351265Z','6d5ae52b-6080-444d-8d03-4e3fc56177f4');
26-07-27 18:25:27.355 [Test worker] DEBUG org.hibernate.SQL - 
    insert 
    into
        messages
        (author_id, channel_id, content, created_at, updated_at, id) 
    values
        (?, ?, ?, ?, ?, ?)
26-07-27 18:25:27.355 [Test worker] TRACE org.hibernate.orm.jdbc.bind - binding parameter (1:UUID) <- [ec685cdf-cc15-407b-a2d2-bb28e8d342eb]
26-07-27 18:25:27.355 [Test worker] TRACE org.hibernate.orm.jdbc.bind - binding parameter (2:UUID) <- [f2201ccf-ce0d-41f1-8396-57d0de9a9107]
26-07-27 18:25:27.355 [Test worker] TRACE org.hibernate.orm.jdbc.bind - binding parameter (3:VARCHAR) <- [third]
26-07-27 18:25:27.356 [Test worker] TRACE org.hibernate.orm.jdbc.bind - binding parameter (4:TIMESTAMP_UTC) <- [2026-07-27T09:25:27.351372Z]
26-07-27 18:25:27.356 [Test worker] TRACE org.hibernate.orm.jdbc.bind - binding parameter (5:TIMESTAMP_UTC) <- [2026-07-27T09:25:27.351372Z]
26-07-27 18:25:27.356 [Test worker] TRACE org.hibernate.orm.jdbc.bind - binding parameter (6:UUID) <- [eb9d9d83-d0fb-4c86-8fe7-1e8d3864ed99]
26-07-27 18:25:27.356 [Test worker] INFO  p6spy - #1785144327356 | took 0ms | statement | connection 22| url jdbc:h2:mem:18f82bf6-6658-4ba0-8c7c-ace5c64c413d
insert into messages (author_id,channel_id,content,created_at,updated_at,id) values (?,?,?,?,?,?)
insert into messages (author_id,channel_id,content,created_at,updated_at,id) values ('ec685cdf-cc15-407b-a2d2-bb28e8d342eb','f2201ccf-ce0d-41f1-8396-57d0de9a9107','third','2026-07-27T09:25:27.351372Z','2026-07-27T09:25:27.351372Z','eb9d9d83-d0fb-4c86-8fe7-1e8d3864ed99');
26-07-27 18:25:27.359 [Test worker] DEBUG org.hibernate.SQL - 
    select
        m1_0.id,
        a1_0.id,
        a1_0.created_at,
        a1_0.email,
        a1_0.password,
        p1_0.id,
        p1_0.content_type,
        p1_0.created_at,
        p1_0.file_name,
        p1_0.size,
        a1_0.updated_at,
        a1_0.username,
        m1_0.channel_id,
        m1_0.content,
        m1_0.created_at,
        m1_0.updated_at 
    from
        messages m1_0 
    left join
        users a1_0 
            on a1_0.id=m1_0.author_id 
    left join
        binary_contents p1_0 
            on p1_0.id=a1_0.profile_id 
    where
        m1_0.channel_id=? 
        and (
            ? is null 
            or m1_0.created_at<?
        ) 
    order by
        m1_0.created_at desc 
    fetch
        first ? rows only
26-07-27 18:25:27.360 [Test worker] TRACE org.hibernate.orm.jdbc.bind - binding parameter (1:UUID) <- [f2201ccf-ce0d-41f1-8396-57d0de9a9107]
26-07-27 18:25:27.360 [Test worker] TRACE org.hibernate.orm.jdbc.bind - binding parameter (2:TIMESTAMP_UTC) <- [2026-07-27T09:25:27.351265Z]
26-07-27 18:25:27.360 [Test worker] TRACE org.hibernate.orm.jdbc.bind - binding parameter (3:TIMESTAMP_UTC) <- [2026-07-27T09:25:27.351265Z]
26-07-27 18:25:27.360 [Test worker] TRACE org.hibernate.orm.jdbc.bind - binding parameter (4:INTEGER) <- [10]
26-07-27 18:25:27.360 [Test worker] INFO  p6spy - #1785144327360 | took 0ms | statement | connection 22| url jdbc:h2:mem:18f82bf6-6658-4ba0-8c7c-ace5c64c413d
select m1_0.id,a1_0.id,a1_0.created_at,a1_0.email,a1_0.password,p1_0.id,p1_0.content_type,p1_0.created_at,p1_0.file_name,p1_0.size,a1_0.updated_at,a1_0.username,m1_0.channel_id,m1_0.content,m1_0.created_at,m1_0.updated_at from messages m1_0 left join users a1_0 on a1_0.id=m1_0.author_id left join binary_contents p1_0 on p1_0.id=a1_0.profile_id where m1_0.channel_id=? and (? is null or m1_0.created_at<?) order by m1_0.created_at desc fetch first ? rows only
select m1_0.id,a1_0.id,a1_0.created_at,a1_0.email,a1_0.password,p1_0.id,p1_0.content_type,p1_0.created_at,p1_0.file_name,p1_0.size,a1_0.updated_at,a1_0.username,m1_0.channel_id,m1_0.content,m1_0.created_at,m1_0.updated_at from messages m1_0 left join users a1_0 on a1_0.id=m1_0.author_id left join binary_contents p1_0 on p1_0.id=a1_0.profile_id where m1_0.channel_id='f2201ccf-ce0d-41f1-8396-57d0de9a9107' and ('2026-07-27T09:25:27.351265Z' is null or m1_0.created_at<'2026-07-27T09:25:27.351265Z') order by m1_0.created_at desc fetch first 10 rows only;
26-07-27 18:25:27.365 [Test worker] INFO  p6spy - #1785144327365 | took 0ms | rollback | connection 22| url jdbc:h2:mem:18f82bf6-6658-4ba0-8c7c-ace5c64c413d

;
26-07-27 18:25:27.370 [Test worker] DEBUG org.hibernate.SQL - 
    insert 
    into
        users
        (created_at, email, password, profile_id, updated_at, username, id) 
    values
        (?, ?, ?, ?, ?, ?, ?)
26-07-27 18:25:27.370 [Test worker] TRACE org.hibernate.orm.jdbc.bind - binding parameter (1:TIMESTAMP_UTC) <- [2026-07-27T09:25:27.369059Z]
26-07-27 18:25:27.370 [Test worker] TRACE org.hibernate.orm.jdbc.bind - binding parameter (2:VARCHAR) <- [woody@codeit.com]
26-07-27 18:25:27.370 [Test worker] TRACE org.hibernate.orm.jdbc.bind - binding parameter (3:VARCHAR) <- [password1]
26-07-27 18:25:27.370 [Test worker] TRACE org.hibernate.orm.jdbc.bind - binding parameter (4:UUID) <- [null]
26-07-27 18:25:27.370 [Test worker] TRACE org.hibernate.orm.jdbc.bind - binding parameter (5:TIMESTAMP_UTC) <- [2026-07-27T09:25:27.369059Z]
26-07-27 18:25:27.371 [Test worker] TRACE org.hibernate.orm.jdbc.bind - binding parameter (6:VARCHAR) <- [woody]
26-07-27 18:25:27.371 [Test worker] TRACE org.hibernate.orm.jdbc.bind - binding parameter (7:UUID) <- [5470c7b8-cc17-441f-bc44-01a4c5102d7a]
26-07-27 18:25:27.371 [Test worker] INFO  p6spy - #1785144327371 | took 0ms | statement | connection 23| url jdbc:h2:mem:18f82bf6-6658-4ba0-8c7c-ace5c64c413d
insert into users (created_at,email,password,profile_id,updated_at,username,id) values (?,?,?,?,?,?,?)
insert into users (created_at,email,password,profile_id,updated_at,username,id) values ('2026-07-27T09:25:27.369059Z','woody@codeit.com','password1',NULL,'2026-07-27T09:25:27.369059Z','woody','5470c7b8-cc17-441f-bc44-01a4c5102d7a');
26-07-27 18:25:27.372 [Test worker] DEBUG org.hibernate.SQL - 
    insert 
    into
        channels
        (created_at, description, name, type, updated_at, id) 
    values
        (?, ?, ?, ?, ?, ?)
26-07-27 18:25:27.373 [Test worker] TRACE org.hibernate.orm.jdbc.bind - binding parameter (1:TIMESTAMP_UTC) <- [2026-07-27T09:25:27.369276Z]
26-07-27 18:25:27.373 [Test worker] TRACE org.hibernate.orm.jdbc.bind - binding parameter (2:VARCHAR) <- [general channel]
26-07-27 18:25:27.373 [Test worker] TRACE org.hibernate.orm.jdbc.bind - binding parameter (3:VARCHAR) <- [general]
26-07-27 18:25:27.373 [Test worker] TRACE org.hibernate.orm.jdbc.bind - binding parameter (4:ENUM) <- [PUBLIC]
26-07-27 18:25:27.373 [Test worker] TRACE org.hibernate.orm.jdbc.bind - binding parameter (5:TIMESTAMP_UTC) <- [2026-07-27T09:25:27.369276Z]
26-07-27 18:25:27.373 [Test worker] TRACE org.hibernate.orm.jdbc.bind - binding parameter (6:UUID) <- [787ad40b-02ab-4bb5-a3b6-495ffaf2a84e]
26-07-27 18:25:27.374 [Test worker] INFO  p6spy - #1785144327374 | took 0ms | statement | connection 23| url jdbc:h2:mem:18f82bf6-6658-4ba0-8c7c-ace5c64c413d
insert into channels (created_at,description,name,type,updated_at,id) values (?,?,?,?,?,?)
insert into channels (created_at,description,name,type,updated_at,id) values ('2026-07-27T09:25:27.369276Z','general channel','general','PUBLIC','2026-07-27T09:25:27.369276Z','787ad40b-02ab-4bb5-a3b6-495ffaf2a84e');
26-07-27 18:25:27.374 [Test worker] DEBUG org.hibernate.SQL - 
    insert 
    into
        messages
        (author_id, channel_id, content, created_at, updated_at, id) 
    values
        (?, ?, ?, ?, ?, ?)
26-07-27 18:25:27.375 [Test worker] TRACE org.hibernate.orm.jdbc.bind - binding parameter (1:UUID) <- [5470c7b8-cc17-441f-bc44-01a4c5102d7a]
26-07-27 18:25:27.375 [Test worker] TRACE org.hibernate.orm.jdbc.bind - binding parameter (2:UUID) <- [787ad40b-02ab-4bb5-a3b6-495ffaf2a84e]
26-07-27 18:25:27.375 [Test worker] TRACE org.hibernate.orm.jdbc.bind - binding parameter (3:VARCHAR) <- [first]
26-07-27 18:25:27.375 [Test worker] TRACE org.hibernate.orm.jdbc.bind - binding parameter (4:TIMESTAMP_UTC) <- [2026-07-27T09:25:27.369532Z]
26-07-27 18:25:27.375 [Test worker] TRACE org.hibernate.orm.jdbc.bind - binding parameter (5:TIMESTAMP_UTC) <- [2026-07-27T09:25:27.369532Z]
26-07-27 18:25:27.375 [Test worker] TRACE org.hibernate.orm.jdbc.bind - binding parameter (6:UUID) <- [e75ee39b-5d5f-4fc7-a404-b85e4f42a809]
26-07-27 18:25:27.375 [Test worker] INFO  p6spy - #1785144327375 | took 0ms | statement | connection 23| url jdbc:h2:mem:18f82bf6-6658-4ba0-8c7c-ace5c64c413d
insert into messages (author_id,channel_id,content,created_at,updated_at,id) values (?,?,?,?,?,?)
insert into messages (author_id,channel_id,content,created_at,updated_at,id) values ('5470c7b8-cc17-441f-bc44-01a4c5102d7a','787ad40b-02ab-4bb5-a3b6-495ffaf2a84e','first','2026-07-27T09:25:27.369532Z','2026-07-27T09:25:27.369532Z','e75ee39b-5d5f-4fc7-a404-b85e4f42a809');
26-07-27 18:25:27.375 [Test worker] DEBUG org.hibernate.SQL - 
    insert 
    into
        messages
        (author_id, channel_id, content, created_at, updated_at, id) 
    values
        (?, ?, ?, ?, ?, ?)
26-07-27 18:25:27.375 [Test worker] TRACE org.hibernate.orm.jdbc.bind - binding parameter (1:UUID) <- [5470c7b8-cc17-441f-bc44-01a4c5102d7a]
26-07-27 18:25:27.375 [Test worker] TRACE org.hibernate.orm.jdbc.bind - binding parameter (2:UUID) <- [787ad40b-02ab-4bb5-a3b6-495ffaf2a84e]
26-07-27 18:25:27.376 [Test worker] TRACE org.hibernate.orm.jdbc.bind - binding parameter (3:VARCHAR) <- [second]
26-07-27 18:25:27.376 [Test worker] TRACE org.hibernate.orm.jdbc.bind - binding parameter (4:TIMESTAMP_UTC) <- [2026-07-27T09:25:27.369677Z]
26-07-27 18:25:27.376 [Test worker] TRACE org.hibernate.orm.jdbc.bind - binding parameter (5:TIMESTAMP_UTC) <- [2026-07-27T09:25:27.369677Z]
26-07-27 18:25:27.376 [Test worker] TRACE org.hibernate.orm.jdbc.bind - binding parameter (6:UUID) <- [2eed6c27-8210-4d0c-8b01-6e46c198f1ef]
26-07-27 18:25:27.376 [Test worker] INFO  p6spy - #1785144327376 | took 0ms | statement | connection 23| url jdbc:h2:mem:18f82bf6-6658-4ba0-8c7c-ace5c64c413d
insert into messages (author_id,channel_id,content,created_at,updated_at,id) values (?,?,?,?,?,?)
insert into messages (author_id,channel_id,content,created_at,updated_at,id) values ('5470c7b8-cc17-441f-bc44-01a4c5102d7a','787ad40b-02ab-4bb5-a3b6-495ffaf2a84e','second','2026-07-27T09:25:27.369677Z','2026-07-27T09:25:27.369677Z','2eed6c27-8210-4d0c-8b01-6e46c198f1ef');
26-07-27 18:25:27.376 [Test worker] DEBUG org.hibernate.SQL - 
    insert 
    into
        messages
        (author_id, channel_id, content, created_at, updated_at, id) 
    values
        (?, ?, ?, ?, ?, ?)
26-07-27 18:25:27.377 [Test worker] TRACE org.hibernate.orm.jdbc.bind - binding parameter (1:UUID) <- [5470c7b8-cc17-441f-bc44-01a4c5102d7a]
26-07-27 18:25:27.377 [Test worker] TRACE org.hibernate.orm.jdbc.bind - binding parameter (2:UUID) <- [787ad40b-02ab-4bb5-a3b6-495ffaf2a84e]
26-07-27 18:25:27.377 [Test worker] TRACE org.hibernate.orm.jdbc.bind - binding parameter (3:VARCHAR) <- [third]
26-07-27 18:25:27.377 [Test worker] TRACE org.hibernate.orm.jdbc.bind - binding parameter (4:TIMESTAMP_UTC) <- [2026-07-27T09:25:27.369780Z]
26-07-27 18:25:27.377 [Test worker] TRACE org.hibernate.orm.jdbc.bind - binding parameter (5:TIMESTAMP_UTC) <- [2026-07-27T09:25:27.369780Z]
26-07-27 18:25:27.377 [Test worker] TRACE org.hibernate.orm.jdbc.bind - binding parameter (6:UUID) <- [66d69bdf-0a11-404b-832c-aa0cf7709761]
26-07-27 18:25:27.377 [Test worker] INFO  p6spy - #1785144327377 | took 0ms | statement | connection 23| url jdbc:h2:mem:18f82bf6-6658-4ba0-8c7c-ace5c64c413d
insert into messages (author_id,channel_id,content,created_at,updated_at,id) values (?,?,?,?,?,?)
insert into messages (author_id,channel_id,content,created_at,updated_at,id) values ('5470c7b8-cc17-441f-bc44-01a4c5102d7a','787ad40b-02ab-4bb5-a3b6-495ffaf2a84e','third','2026-07-27T09:25:27.369780Z','2026-07-27T09:25:27.369780Z','66d69bdf-0a11-404b-832c-aa0cf7709761');
26-07-27 18:25:27.379 [Test worker] DEBUG org.hibernate.SQL - 
    select
        m1_0.id,
        a1_0.id,
        a1_0.created_at,
        a1_0.email,
        a1_0.password,
        p1_0.id,
        p1_0.content_type,
        p1_0.created_at,
        p1_0.file_name,
        p1_0.size,
        a1_0.updated_at,
        a1_0.username,
        m1_0.channel_id,
        m1_0.content,
        m1_0.created_at,
        m1_0.updated_at 
    from
        messages m1_0 
    left join
        users a1_0 
            on a1_0.id=m1_0.author_id 
    left join
        binary_contents p1_0 
            on p1_0.id=a1_0.profile_id 
    where
        m1_0.channel_id=? 
        and (
            ? is null 
            or m1_0.created_at<?
        ) 
    order by
        m1_0.created_at desc 
    fetch
        first ? rows only
26-07-27 18:25:27.380 [Test worker] TRACE org.hibernate.orm.jdbc.bind - binding parameter (1:UUID) <- [787ad40b-02ab-4bb5-a3b6-495ffaf2a84e]
26-07-27 18:25:27.380 [Test worker] TRACE org.hibernate.orm.jdbc.bind - binding parameter (2:TIMESTAMP_UTC) <- [null]
26-07-27 18:25:27.380 [Test worker] TRACE org.hibernate.orm.jdbc.bind - binding parameter (3:TIMESTAMP_UTC) <- [null]
26-07-27 18:25:27.380 [Test worker] TRACE org.hibernate.orm.jdbc.bind - binding parameter (4:INTEGER) <- [10]
26-07-27 18:25:27.381 [Test worker] INFO  p6spy - #1785144327381 | took 0ms | statement | connection 23| url jdbc:h2:mem:18f82bf6-6658-4ba0-8c7c-ace5c64c413d
select m1_0.id,a1_0.id,a1_0.created_at,a1_0.email,a1_0.password,p1_0.id,p1_0.content_type,p1_0.created_at,p1_0.file_name,p1_0.size,a1_0.updated_at,a1_0.username,m1_0.channel_id,m1_0.content,m1_0.created_at,m1_0.updated_at from messages m1_0 left join users a1_0 on a1_0.id=m1_0.author_id left join binary_contents p1_0 on p1_0.id=a1_0.profile_id where m1_0.channel_id=? and (? is null or m1_0.created_at<?) order by m1_0.created_at desc fetch first ? rows only
select m1_0.id,a1_0.id,a1_0.created_at,a1_0.email,a1_0.password,p1_0.id,p1_0.content_type,p1_0.created_at,p1_0.file_name,p1_0.size,a1_0.updated_at,a1_0.username,m1_0.channel_id,m1_0.content,m1_0.created_at,m1_0.updated_at from messages m1_0 left join users a1_0 on a1_0.id=m1_0.author_id left join binary_contents p1_0 on p1_0.id=a1_0.profile_id where m1_0.channel_id='787ad40b-02ab-4bb5-a3b6-495ffaf2a84e' and (NULL is null or m1_0.created_at<NULL) order by m1_0.created_at desc fetch first 10 rows only;
26-07-27 18:25:27.384 [Test worker] INFO  p6spy - #1785144327384 | took 0ms | rollback | connection 23| url jdbc:h2:mem:18f82bf6-6658-4ba0-8c7c-ace5c64c413d

;
26-07-27 18:25:27.389 [Test worker] DEBUG org.hibernate.SQL - 
    insert 
    into
        users
        (created_at, email, password, profile_id, updated_at, username, id) 
    values
        (?, ?, ?, ?, ?, ?, ?)
26-07-27 18:25:27.389 [Test worker] TRACE org.hibernate.orm.jdbc.bind - binding parameter (1:TIMESTAMP_UTC) <- [2026-07-27T09:25:27.388214Z]
26-07-27 18:25:27.389 [Test worker] TRACE org.hibernate.orm.jdbc.bind - binding parameter (2:VARCHAR) <- [woody@codeit.com]
26-07-27 18:25:27.389 [Test worker] TRACE org.hibernate.orm.jdbc.bind - binding parameter (3:VARCHAR) <- [password1]
26-07-27 18:25:27.390 [Test worker] TRACE org.hibernate.orm.jdbc.bind - binding parameter (4:UUID) <- [null]
26-07-27 18:25:27.390 [Test worker] TRACE org.hibernate.orm.jdbc.bind - binding parameter (5:TIMESTAMP_UTC) <- [2026-07-27T09:25:27.388214Z]
26-07-27 18:25:27.390 [Test worker] TRACE org.hibernate.orm.jdbc.bind - binding parameter (6:VARCHAR) <- [woody]
26-07-27 18:25:27.390 [Test worker] TRACE org.hibernate.orm.jdbc.bind - binding parameter (7:UUID) <- [b8aaee0e-260f-4039-a5b0-6abb029d9996]
26-07-27 18:25:27.390 [Test worker] INFO  p6spy - #1785144327390 | took 0ms | statement | connection 24| url jdbc:h2:mem:18f82bf6-6658-4ba0-8c7c-ace5c64c413d
insert into users (created_at,email,password,profile_id,updated_at,username,id) values (?,?,?,?,?,?,?)
insert into users (created_at,email,password,profile_id,updated_at,username,id) values ('2026-07-27T09:25:27.388214Z','woody@codeit.com','password1',NULL,'2026-07-27T09:25:27.388214Z','woody','b8aaee0e-260f-4039-a5b0-6abb029d9996');
26-07-27 18:25:27.391 [Test worker] DEBUG org.hibernate.SQL - 
    insert 
    into
        channels
        (created_at, description, name, type, updated_at, id) 
    values
        (?, ?, ?, ?, ?, ?)
26-07-27 18:25:27.391 [Test worker] TRACE org.hibernate.orm.jdbc.bind - binding parameter (1:TIMESTAMP_UTC) <- [2026-07-27T09:25:27.388456Z]
26-07-27 18:25:27.391 [Test worker] TRACE org.hibernate.orm.jdbc.bind - binding parameter (2:VARCHAR) <- [general channel]
26-07-27 18:25:27.391 [Test worker] TRACE org.hibernate.orm.jdbc.bind - binding parameter (3:VARCHAR) <- [general]
26-07-27 18:25:27.391 [Test worker] TRACE org.hibernate.orm.jdbc.bind - binding parameter (4:ENUM) <- [PUBLIC]
26-07-27 18:25:27.391 [Test worker] TRACE org.hibernate.orm.jdbc.bind - binding parameter (5:TIMESTAMP_UTC) <- [2026-07-27T09:25:27.388456Z]
26-07-27 18:25:27.391 [Test worker] TRACE org.hibernate.orm.jdbc.bind - binding parameter (6:UUID) <- [26e32311-dfe8-4f2b-a818-fc6153c1c03b]
26-07-27 18:25:27.391 [Test worker] INFO  p6spy - #1785144327391 | took 0ms | statement | connection 24| url jdbc:h2:mem:18f82bf6-6658-4ba0-8c7c-ace5c64c413d
insert into channels (created_at,description,name,type,updated_at,id) values (?,?,?,?,?,?)
insert into channels (created_at,description,name,type,updated_at,id) values ('2026-07-27T09:25:27.388456Z','general channel','general','PUBLIC','2026-07-27T09:25:27.388456Z','26e32311-dfe8-4f2b-a818-fc6153c1c03b');
26-07-27 18:25:27.391 [Test worker] DEBUG org.hibernate.SQL - 
    insert 
    into
        messages
        (author_id, channel_id, content, created_at, updated_at, id) 
    values
        (?, ?, ?, ?, ?, ?)
26-07-27 18:25:27.392 [Test worker] TRACE org.hibernate.orm.jdbc.bind - binding parameter (1:UUID) <- [b8aaee0e-260f-4039-a5b0-6abb029d9996]
26-07-27 18:25:27.392 [Test worker] TRACE org.hibernate.orm.jdbc.bind - binding parameter (2:UUID) <- [26e32311-dfe8-4f2b-a818-fc6153c1c03b]
26-07-27 18:25:27.392 [Test worker] TRACE org.hibernate.orm.jdbc.bind - binding parameter (3:VARCHAR) <- [first]
26-07-27 18:25:27.392 [Test worker] TRACE org.hibernate.orm.jdbc.bind - binding parameter (4:TIMESTAMP_UTC) <- [2026-07-27T09:25:27.388715Z]
26-07-27 18:25:27.392 [Test worker] TRACE org.hibernate.orm.jdbc.bind - binding parameter (5:TIMESTAMP_UTC) <- [2026-07-27T09:25:27.388715Z]
26-07-27 18:25:27.392 [Test worker] TRACE org.hibernate.orm.jdbc.bind - binding parameter (6:UUID) <- [ed954ddb-2d5d-4f2b-bc85-eff4dda5eb5e]
26-07-27 18:25:27.392 [Test worker] INFO  p6spy - #1785144327392 | took 0ms | statement | connection 24| url jdbc:h2:mem:18f82bf6-6658-4ba0-8c7c-ace5c64c413d
insert into messages (author_id,channel_id,content,created_at,updated_at,id) values (?,?,?,?,?,?)
insert into messages (author_id,channel_id,content,created_at,updated_at,id) values ('b8aaee0e-260f-4039-a5b0-6abb029d9996','26e32311-dfe8-4f2b-a818-fc6153c1c03b','first','2026-07-27T09:25:27.388715Z','2026-07-27T09:25:27.388715Z','ed954ddb-2d5d-4f2b-bc85-eff4dda5eb5e');
26-07-27 18:25:27.392 [Test worker] DEBUG org.hibernate.SQL - 
    insert 
    into
        messages
        (author_id, channel_id, content, created_at, updated_at, id) 
    values
        (?, ?, ?, ?, ?, ?)
26-07-27 18:25:27.392 [Test worker] TRACE org.hibernate.orm.jdbc.bind - binding parameter (1:UUID) <- [b8aaee0e-260f-4039-a5b0-6abb029d9996]
26-07-27 18:25:27.392 [Test worker] TRACE org.hibernate.orm.jdbc.bind - binding parameter (2:UUID) <- [26e32311-dfe8-4f2b-a818-fc6153c1c03b]
26-07-27 18:25:27.393 [Test worker] TRACE org.hibernate.orm.jdbc.bind - binding parameter (3:VARCHAR) <- [second]
26-07-27 18:25:27.393 [Test worker] TRACE org.hibernate.orm.jdbc.bind - binding parameter (4:TIMESTAMP_UTC) <- [2026-07-27T09:25:27.388858Z]
26-07-27 18:25:27.394 [Test worker] TRACE org.hibernate.orm.jdbc.bind - binding parameter (5:TIMESTAMP_UTC) <- [2026-07-27T09:25:27.388858Z]
26-07-27 18:25:27.394 [Test worker] TRACE org.hibernate.orm.jdbc.bind - binding parameter (6:UUID) <- [bbc1de33-96e4-49eb-88cb-a6f2bee75b20]
26-07-27 18:25:27.395 [Test worker] INFO  p6spy - #1785144327395 | took 0ms | statement | connection 24| url jdbc:h2:mem:18f82bf6-6658-4ba0-8c7c-ace5c64c413d
insert into messages (author_id,channel_id,content,created_at,updated_at,id) values (?,?,?,?,?,?)
insert into messages (author_id,channel_id,content,created_at,updated_at,id) values ('b8aaee0e-260f-4039-a5b0-6abb029d9996','26e32311-dfe8-4f2b-a818-fc6153c1c03b','second','2026-07-27T09:25:27.388858Z','2026-07-27T09:25:27.388858Z','bbc1de33-96e4-49eb-88cb-a6f2bee75b20');
26-07-27 18:25:27.395 [Test worker] DEBUG org.hibernate.SQL - 
    insert 
    into
        messages
        (author_id, channel_id, content, created_at, updated_at, id) 
    values
        (?, ?, ?, ?, ?, ?)
26-07-27 18:25:27.395 [Test worker] TRACE org.hibernate.orm.jdbc.bind - binding parameter (1:UUID) <- [b8aaee0e-260f-4039-a5b0-6abb029d9996]
26-07-27 18:25:27.395 [Test worker] TRACE org.hibernate.orm.jdbc.bind - binding parameter (2:UUID) <- [26e32311-dfe8-4f2b-a818-fc6153c1c03b]
26-07-27 18:25:27.395 [Test worker] TRACE org.hibernate.orm.jdbc.bind - binding parameter (3:VARCHAR) <- [third]
26-07-27 18:25:27.396 [Test worker] TRACE org.hibernate.orm.jdbc.bind - binding parameter (4:TIMESTAMP_UTC) <- [2026-07-27T09:25:27.388962Z]
26-07-27 18:25:27.396 [Test worker] TRACE org.hibernate.orm.jdbc.bind - binding parameter (5:TIMESTAMP_UTC) <- [2026-07-27T09:25:27.388962Z]
26-07-27 18:25:27.396 [Test worker] TRACE org.hibernate.orm.jdbc.bind - binding parameter (6:UUID) <- [5c99cf2c-23b4-4944-87ce-4eff02471171]
26-07-27 18:25:27.398 [Test worker] INFO  p6spy - #1785144327398 | took 0ms | statement | connection 24| url jdbc:h2:mem:18f82bf6-6658-4ba0-8c7c-ace5c64c413d
insert into messages (author_id,channel_id,content,created_at,updated_at,id) values (?,?,?,?,?,?)
insert into messages (author_id,channel_id,content,created_at,updated_at,id) values ('b8aaee0e-260f-4039-a5b0-6abb029d9996','26e32311-dfe8-4f2b-a818-fc6153c1c03b','third','2026-07-27T09:25:27.388962Z','2026-07-27T09:25:27.388962Z','5c99cf2c-23b4-4944-87ce-4eff02471171');
26-07-27 18:25:27.400 [Test worker] DEBUG org.hibernate.SQL - 
    select
        m1_0.channel_id,
        max(m1_0.created_at) 
    from
        messages m1_0 
    where
        m1_0.channel_id in (?) 
    group by
        m1_0.channel_id
26-07-27 18:25:27.401 [Test worker] TRACE org.hibernate.orm.jdbc.bind - binding parameter (1:UUID) <- [26e32311-dfe8-4f2b-a818-fc6153c1c03b]
26-07-27 18:25:27.402 [Test worker] INFO  p6spy - #1785144327402 | took 1ms | statement | connection 24| url jdbc:h2:mem:18f82bf6-6658-4ba0-8c7c-ace5c64c413d
select m1_0.channel_id,max(m1_0.created_at) from messages m1_0 where m1_0.channel_id in (?) group by m1_0.channel_id
select m1_0.channel_id,max(m1_0.created_at) from messages m1_0 where m1_0.channel_id in ('26e32311-dfe8-4f2b-a818-fc6153c1c03b') group by m1_0.channel_id;
26-07-27 18:25:27.407 [Test worker] INFO  p6spy - #1785144327407 | took 0ms | rollback | connection 24| url jdbc:h2:mem:18f82bf6-6658-4ba0-8c7c-ace5c64c413d

;
26-07-27 18:25:27.412 [Test worker] DEBUG org.hibernate.SQL - 
    select
        m1_0.id,
        m1_0.author_id,
        m1_0.channel_id,
        m1_0.content,
        m1_0.created_at,
        m1_0.updated_at 
    from
        messages m1_0 
    left join
        channels c1_0 
            on c1_0.id=m1_0.channel_id 
    where
        c1_0.id=?
26-07-27 18:25:27.413 [Test worker] TRACE org.hibernate.orm.jdbc.bind - binding parameter (1:UUID) <- [b3a3c424-1eca-4f47-b928-9924be09f7af]
26-07-27 18:25:27.413 [Test worker] INFO  p6spy - #1785144327413 | took 0ms | statement | connection 25| url jdbc:h2:mem:18f82bf6-6658-4ba0-8c7c-ace5c64c413d
select m1_0.id,m1_0.author_id,m1_0.channel_id,m1_0.content,m1_0.created_at,m1_0.updated_at from messages m1_0 left join channels c1_0 on c1_0.id=m1_0.channel_id where c1_0.id=?
select m1_0.id,m1_0.author_id,m1_0.channel_id,m1_0.content,m1_0.created_at,m1_0.updated_at from messages m1_0 left join channels c1_0 on c1_0.id=m1_0.channel_id where c1_0.id='b3a3c424-1eca-4f47-b928-9924be09f7af';
26-07-27 18:25:27.416 [Test worker] INFO  p6spy - #1785144327416 | took 0ms | rollback | connection 25| url jdbc:h2:mem:18f82bf6-6658-4ba0-8c7c-ace5c64c413d

;
26-07-27 18:25:27.421 [Test worker] DEBUG org.hibernate.SQL - 
    insert 
    into
        users
        (created_at, email, password, profile_id, updated_at, username, id) 
    values
        (?, ?, ?, ?, ?, ?, ?)
26-07-27 18:25:27.421 [Test worker] TRACE org.hibernate.orm.jdbc.bind - binding parameter (1:TIMESTAMP_UTC) <- [2026-07-27T09:25:27.420358Z]
26-07-27 18:25:27.422 [Test worker] TRACE org.hibernate.orm.jdbc.bind - binding parameter (2:VARCHAR) <- [woody@codeit.com]
26-07-27 18:25:27.422 [Test worker] TRACE org.hibernate.orm.jdbc.bind - binding parameter (3:VARCHAR) <- [password1]
26-07-27 18:25:27.422 [Test worker] TRACE org.hibernate.orm.jdbc.bind - binding parameter (4:UUID) <- [null]
26-07-27 18:25:27.422 [Test worker] TRACE org.hibernate.orm.jdbc.bind - binding parameter (5:TIMESTAMP_UTC) <- [2026-07-27T09:25:27.420358Z]
26-07-27 18:25:27.422 [Test worker] TRACE org.hibernate.orm.jdbc.bind - binding parameter (6:VARCHAR) <- [woody]
26-07-27 18:25:27.422 [Test worker] TRACE org.hibernate.orm.jdbc.bind - binding parameter (7:UUID) <- [615c67a5-6b90-4983-b984-6955bc668cf2]
26-07-27 18:25:27.422 [Test worker] INFO  p6spy - #1785144327422 | took 0ms | statement | connection 26| url jdbc:h2:mem:18f82bf6-6658-4ba0-8c7c-ace5c64c413d
insert into users (created_at,email,password,profile_id,updated_at,username,id) values (?,?,?,?,?,?,?)
insert into users (created_at,email,password,profile_id,updated_at,username,id) values ('2026-07-27T09:25:27.420358Z','woody@codeit.com','password1',NULL,'2026-07-27T09:25:27.420358Z','woody','615c67a5-6b90-4983-b984-6955bc668cf2');
26-07-27 18:25:27.423 [Test worker] DEBUG org.hibernate.SQL - 
    insert 
    into
        channels
        (created_at, description, name, type, updated_at, id) 
    values
        (?, ?, ?, ?, ?, ?)
26-07-27 18:25:27.423 [Test worker] TRACE org.hibernate.orm.jdbc.bind - binding parameter (1:TIMESTAMP_UTC) <- [2026-07-27T09:25:27.420584Z]
26-07-27 18:25:27.423 [Test worker] TRACE org.hibernate.orm.jdbc.bind - binding parameter (2:VARCHAR) <- [general channel]
26-07-27 18:25:27.423 [Test worker] TRACE org.hibernate.orm.jdbc.bind - binding parameter (3:VARCHAR) <- [general]
26-07-27 18:25:27.423 [Test worker] TRACE org.hibernate.orm.jdbc.bind - binding parameter (4:ENUM) <- [PUBLIC]
26-07-27 18:25:27.423 [Test worker] TRACE org.hibernate.orm.jdbc.bind - binding parameter (5:TIMESTAMP_UTC) <- [2026-07-27T09:25:27.420584Z]
26-07-27 18:25:27.423 [Test worker] TRACE org.hibernate.orm.jdbc.bind - binding parameter (6:UUID) <- [aa2888ad-b7ae-44f0-8538-e85534985eac]
26-07-27 18:25:27.423 [Test worker] INFO  p6spy - #1785144327423 | took 0ms | statement | connection 26| url jdbc:h2:mem:18f82bf6-6658-4ba0-8c7c-ace5c64c413d
insert into channels (created_at,description,name,type,updated_at,id) values (?,?,?,?,?,?)
insert into channels (created_at,description,name,type,updated_at,id) values ('2026-07-27T09:25:27.420584Z','general channel','general','PUBLIC','2026-07-27T09:25:27.420584Z','aa2888ad-b7ae-44f0-8538-e85534985eac');
26-07-27 18:25:27.424 [Test worker] DEBUG org.hibernate.SQL - 
    insert 
    into
        messages
        (author_id, channel_id, content, created_at, updated_at, id) 
    values
        (?, ?, ?, ?, ?, ?)
26-07-27 18:25:27.424 [Test worker] TRACE org.hibernate.orm.jdbc.bind - binding parameter (1:UUID) <- [615c67a5-6b90-4983-b984-6955bc668cf2]
26-07-27 18:25:27.424 [Test worker] TRACE org.hibernate.orm.jdbc.bind - binding parameter (2:UUID) <- [aa2888ad-b7ae-44f0-8538-e85534985eac]
26-07-27 18:25:27.424 [Test worker] TRACE org.hibernate.orm.jdbc.bind - binding parameter (3:VARCHAR) <- [first]
26-07-27 18:25:27.424 [Test worker] TRACE org.hibernate.orm.jdbc.bind - binding parameter (4:TIMESTAMP_UTC) <- [2026-07-27T09:25:27.420835Z]
26-07-27 18:25:27.424 [Test worker] TRACE org.hibernate.orm.jdbc.bind - binding parameter (5:TIMESTAMP_UTC) <- [2026-07-27T09:25:27.420835Z]
26-07-27 18:25:27.424 [Test worker] TRACE org.hibernate.orm.jdbc.bind - binding parameter (6:UUID) <- [49997beb-c777-4a80-b405-cc1f64acc9c6]
26-07-27 18:25:27.424 [Test worker] INFO  p6spy - #1785144327424 | took 0ms | statement | connection 26| url jdbc:h2:mem:18f82bf6-6658-4ba0-8c7c-ace5c64c413d
insert into messages (author_id,channel_id,content,created_at,updated_at,id) values (?,?,?,?,?,?)
insert into messages (author_id,channel_id,content,created_at,updated_at,id) values ('615c67a5-6b90-4983-b984-6955bc668cf2','aa2888ad-b7ae-44f0-8538-e85534985eac','first','2026-07-27T09:25:27.420835Z','2026-07-27T09:25:27.420835Z','49997beb-c777-4a80-b405-cc1f64acc9c6');
26-07-27 18:25:27.424 [Test worker] DEBUG org.hibernate.SQL - 
    insert 
    into
        messages
        (author_id, channel_id, content, created_at, updated_at, id) 
    values
        (?, ?, ?, ?, ?, ?)
26-07-27 18:25:27.425 [Test worker] TRACE org.hibernate.orm.jdbc.bind - binding parameter (1:UUID) <- [615c67a5-6b90-4983-b984-6955bc668cf2]
26-07-27 18:25:27.425 [Test worker] TRACE org.hibernate.orm.jdbc.bind - binding parameter (2:UUID) <- [aa2888ad-b7ae-44f0-8538-e85534985eac]
26-07-27 18:25:27.425 [Test worker] TRACE org.hibernate.orm.jdbc.bind - binding parameter (3:VARCHAR) <- [second]
26-07-27 18:25:27.425 [Test worker] TRACE org.hibernate.orm.jdbc.bind - binding parameter (4:TIMESTAMP_UTC) <- [2026-07-27T09:25:27.420968Z]
26-07-27 18:25:27.425 [Test worker] TRACE org.hibernate.orm.jdbc.bind - binding parameter (5:TIMESTAMP_UTC) <- [2026-07-27T09:25:27.420968Z]
26-07-27 18:25:27.425 [Test worker] TRACE org.hibernate.orm.jdbc.bind - binding parameter (6:UUID) <- [408832cb-5ba4-4e1a-a346-23033d5b0673]
26-07-27 18:25:27.425 [Test worker] INFO  p6spy - #1785144327425 | took 0ms | statement | connection 26| url jdbc:h2:mem:18f82bf6-6658-4ba0-8c7c-ace5c64c413d
insert into messages (author_id,channel_id,content,created_at,updated_at,id) values (?,?,?,?,?,?)
insert into messages (author_id,channel_id,content,created_at,updated_at,id) values ('615c67a5-6b90-4983-b984-6955bc668cf2','aa2888ad-b7ae-44f0-8538-e85534985eac','second','2026-07-27T09:25:27.420968Z','2026-07-27T09:25:27.420968Z','408832cb-5ba4-4e1a-a346-23033d5b0673');
26-07-27 18:25:27.425 [Test worker] DEBUG org.hibernate.SQL - 
    insert 
    into
        messages
        (author_id, channel_id, content, created_at, updated_at, id) 
    values
        (?, ?, ?, ?, ?, ?)
26-07-27 18:25:27.425 [Test worker] TRACE org.hibernate.orm.jdbc.bind - binding parameter (1:UUID) <- [615c67a5-6b90-4983-b984-6955bc668cf2]
26-07-27 18:25:27.425 [Test worker] TRACE org.hibernate.orm.jdbc.bind - binding parameter (2:UUID) <- [aa2888ad-b7ae-44f0-8538-e85534985eac]
26-07-27 18:25:27.425 [Test worker] TRACE org.hibernate.orm.jdbc.bind - binding parameter (3:VARCHAR) <- [third]
26-07-27 18:25:27.425 [Test worker] TRACE org.hibernate.orm.jdbc.bind - binding parameter (4:TIMESTAMP_UTC) <- [2026-07-27T09:25:27.421080Z]
26-07-27 18:25:27.425 [Test worker] TRACE org.hibernate.orm.jdbc.bind - binding parameter (5:TIMESTAMP_UTC) <- [2026-07-27T09:25:27.421080Z]
26-07-27 18:25:27.425 [Test worker] TRACE org.hibernate.orm.jdbc.bind - binding parameter (6:UUID) <- [ba71b9b8-2a68-4a51-9dfb-a5a7c238fc24]
26-07-27 18:25:27.425 [Test worker] INFO  p6spy - #1785144327425 | took 0ms | statement | connection 26| url jdbc:h2:mem:18f82bf6-6658-4ba0-8c7c-ace5c64c413d
insert into messages (author_id,channel_id,content,created_at,updated_at,id) values (?,?,?,?,?,?)
insert into messages (author_id,channel_id,content,created_at,updated_at,id) values ('615c67a5-6b90-4983-b984-6955bc668cf2','aa2888ad-b7ae-44f0-8538-e85534985eac','third','2026-07-27T09:25:27.421080Z','2026-07-27T09:25:27.421080Z','ba71b9b8-2a68-4a51-9dfb-a5a7c238fc24');
26-07-27 18:25:27.427 [Test worker] DEBUG org.hibernate.SQL - 
    select
        m1_0.id,
        m1_0.author_id,
        m1_0.channel_id,
        m1_0.content,
        m1_0.created_at,
        m1_0.updated_at 
    from
        messages m1_0 
    order by
        m1_0.created_at desc 
    offset
        ? rows 
    fetch
        first ? rows only
26-07-27 18:25:27.427 [Test worker] TRACE org.hibernate.orm.jdbc.bind - binding parameter (1:INTEGER) <- [0]
26-07-27 18:25:27.427 [Test worker] TRACE org.hibernate.orm.jdbc.bind - binding parameter (2:INTEGER) <- [2]
26-07-27 18:25:27.427 [Test worker] INFO  p6spy - #1785144327427 | took 0ms | statement | connection 26| url jdbc:h2:mem:18f82bf6-6658-4ba0-8c7c-ace5c64c413d
select m1_0.id,m1_0.author_id,m1_0.channel_id,m1_0.content,m1_0.created_at,m1_0.updated_at from messages m1_0 order by m1_0.created_at desc offset ? rows fetch first ? rows only
select m1_0.id,m1_0.author_id,m1_0.channel_id,m1_0.content,m1_0.created_at,m1_0.updated_at from messages m1_0 order by m1_0.created_at desc offset 0 rows fetch first 2 rows only;
26-07-27 18:25:27.428 [Test worker] DEBUG org.hibernate.SQL - 
    select
        count(m1_0.id) 
    from
        messages m1_0
26-07-27 18:25:27.428 [Test worker] INFO  p6spy - #1785144327428 | took 0ms | statement | connection 26| url jdbc:h2:mem:18f82bf6-6658-4ba0-8c7c-ace5c64c413d
select count(m1_0.id) from messages m1_0
select count(m1_0.id) from messages m1_0;
26-07-27 18:25:27.432 [Test worker] INFO  p6spy - #1785144327432 | took 0ms | rollback | connection 26| url jdbc:h2:mem:18f82bf6-6658-4ba0-8c7c-ace5c64c413d

;
26-07-27 18:25:27.435 [Test worker] INFO  o.s.t.c.s.AnnotationConfigContextLoaderUtils - Could not detect default configuration classes for test class [com.sprint.mission.discodeit.repository.UserRepositoryTest]: UserRepositoryTest does not declare any static, non-private, non-final, nested classes annotated with @Configuration.
26-07-27 18:25:27.436 [Test worker] INFO  o.s.b.t.c.SpringBootTestContextBootstrapper - Found @SpringBootConfiguration com.sprint.mission.discodeit.DiscodeitApplication for test class com.sprint.mission.discodeit.repository.UserRepositoryTest
26-07-27 18:25:27.443 [Test worker] DEBUG org.hibernate.SQL - 
    select
        u1_0.id,
        u1_0.created_at,
        u1_0.email,
        u1_0.password,
        u1_0.profile_id,
        u1_0.updated_at,
        u1_0.username 
    from
        users u1_0 
    where
        u1_0.username=?
26-07-27 18:25:27.443 [Test worker] TRACE org.hibernate.orm.jdbc.bind - binding parameter (1:VARCHAR) <- [unknown]
26-07-27 18:25:27.444 [Test worker] INFO  p6spy - #1785144327444 | took 0ms | statement | connection 27| url jdbc:h2:mem:18f82bf6-6658-4ba0-8c7c-ace5c64c413d
select u1_0.id,u1_0.created_at,u1_0.email,u1_0.password,u1_0.profile_id,u1_0.updated_at,u1_0.username from users u1_0 where u1_0.username=?
select u1_0.id,u1_0.created_at,u1_0.email,u1_0.password,u1_0.profile_id,u1_0.updated_at,u1_0.username from users u1_0 where u1_0.username='unknown';
26-07-27 18:25:27.447 [Test worker] INFO  p6spy - #1785144327447 | took 0ms | rollback | connection 27| url jdbc:h2:mem:18f82bf6-6658-4ba0-8c7c-ace5c64c413d

;
26-07-27 18:25:27.451 [Test worker] DEBUG org.hibernate.SQL - 
    insert 
    into
        users
        (created_at, email, password, profile_id, updated_at, username, id) 
    values
        (?, ?, ?, ?, ?, ?, ?)
26-07-27 18:25:27.452 [Test worker] TRACE org.hibernate.orm.jdbc.bind - binding parameter (1:TIMESTAMP_UTC) <- [2026-07-27T09:25:27.450774Z]
26-07-27 18:25:27.452 [Test worker] TRACE org.hibernate.orm.jdbc.bind - binding parameter (2:VARCHAR) <- [woody@codeit.com]
26-07-27 18:25:27.452 [Test worker] TRACE org.hibernate.orm.jdbc.bind - binding parameter (3:VARCHAR) <- [password1]
26-07-27 18:25:27.452 [Test worker] TRACE org.hibernate.orm.jdbc.bind - binding parameter (4:UUID) <- [null]
26-07-27 18:25:27.452 [Test worker] TRACE org.hibernate.orm.jdbc.bind - binding parameter (5:TIMESTAMP_UTC) <- [2026-07-27T09:25:27.450774Z]
26-07-27 18:25:27.452 [Test worker] TRACE org.hibernate.orm.jdbc.bind - binding parameter (6:VARCHAR) <- [woody]
26-07-27 18:25:27.452 [Test worker] TRACE org.hibernate.orm.jdbc.bind - binding parameter (7:UUID) <- [ed569bdf-9a77-48e6-9251-4ff32f8d1b4d]
26-07-27 18:25:27.452 [Test worker] INFO  p6spy - #1785144327452 | took 0ms | statement | connection 28| url jdbc:h2:mem:18f82bf6-6658-4ba0-8c7c-ace5c64c413d
insert into users (created_at,email,password,profile_id,updated_at,username,id) values (?,?,?,?,?,?,?)
insert into users (created_at,email,password,profile_id,updated_at,username,id) values ('2026-07-27T09:25:27.450774Z','woody@codeit.com','password1',NULL,'2026-07-27T09:25:27.450774Z','woody','ed569bdf-9a77-48e6-9251-4ff32f8d1b4d');
26-07-27 18:25:27.452 [Test worker] DEBUG org.hibernate.SQL - 
    select
        u1_0.id 
    from
        users u1_0 
    where
        u1_0.username=? 
        or u1_0.email=? 
    fetch
        first ? rows only
26-07-27 18:25:27.453 [Test worker] TRACE org.hibernate.orm.jdbc.bind - binding parameter (1:VARCHAR) <- [woody]
26-07-27 18:25:27.453 [Test worker] TRACE org.hibernate.orm.jdbc.bind - binding parameter (2:VARCHAR) <- [other@codeit.com]
26-07-27 18:25:27.453 [Test worker] TRACE org.hibernate.orm.jdbc.bind - binding parameter (3:INTEGER) <- [1]
26-07-27 18:25:27.453 [Test worker] INFO  p6spy - #1785144327453 | took 0ms | statement | connection 28| url jdbc:h2:mem:18f82bf6-6658-4ba0-8c7c-ace5c64c413d
select u1_0.id from users u1_0 where u1_0.username=? or u1_0.email=? fetch first ? rows only
select u1_0.id from users u1_0 where u1_0.username='woody' or u1_0.email='other@codeit.com' fetch first 1 rows only;
26-07-27 18:25:27.454 [Test worker] DEBUG org.hibernate.SQL - 
    select
        u1_0.id 
    from
        users u1_0 
    where
        u1_0.username=? 
        or u1_0.email=? 
    fetch
        first ? rows only
26-07-27 18:25:27.454 [Test worker] TRACE org.hibernate.orm.jdbc.bind - binding parameter (1:VARCHAR) <- [other]
26-07-27 18:25:27.454 [Test worker] TRACE org.hibernate.orm.jdbc.bind - binding parameter (2:VARCHAR) <- [woody@codeit.com]
26-07-27 18:25:27.454 [Test worker] TRACE org.hibernate.orm.jdbc.bind - binding parameter (3:INTEGER) <- [1]
26-07-27 18:25:27.454 [Test worker] INFO  p6spy - #1785144327454 | took 0ms | statement | connection 28| url jdbc:h2:mem:18f82bf6-6658-4ba0-8c7c-ace5c64c413d
select u1_0.id from users u1_0 where u1_0.username=? or u1_0.email=? fetch first ? rows only
select u1_0.id from users u1_0 where u1_0.username='other' or u1_0.email='woody@codeit.com' fetch first 1 rows only;
26-07-27 18:25:27.457 [Test worker] INFO  p6spy - #1785144327457 | took 0ms | rollback | connection 28| url jdbc:h2:mem:18f82bf6-6658-4ba0-8c7c-ace5c64c413d

;
26-07-27 18:25:27.461 [Test worker] DEBUG org.hibernate.SQL - 
    insert 
    into
        users
        (created_at, email, password, profile_id, updated_at, username, id) 
    values
        (?, ?, ?, ?, ?, ?, ?)
26-07-27 18:25:27.461 [Test worker] TRACE org.hibernate.orm.jdbc.bind - binding parameter (1:TIMESTAMP_UTC) <- [2026-07-27T09:25:27.460677Z]
26-07-27 18:25:27.461 [Test worker] TRACE org.hibernate.orm.jdbc.bind - binding parameter (2:VARCHAR) <- [woody@codeit.com]
26-07-27 18:25:27.461 [Test worker] TRACE org.hibernate.orm.jdbc.bind - binding parameter (3:VARCHAR) <- [password1]
26-07-27 18:25:27.461 [Test worker] TRACE org.hibernate.orm.jdbc.bind - binding parameter (4:UUID) <- [null]
26-07-27 18:25:27.462 [Test worker] TRACE org.hibernate.orm.jdbc.bind - binding parameter (5:TIMESTAMP_UTC) <- [2026-07-27T09:25:27.460677Z]
26-07-27 18:25:27.462 [Test worker] TRACE org.hibernate.orm.jdbc.bind - binding parameter (6:VARCHAR) <- [woody]
26-07-27 18:25:27.462 [Test worker] TRACE org.hibernate.orm.jdbc.bind - binding parameter (7:UUID) <- [6d47441a-ce44-4373-82ed-371607839d1a]
26-07-27 18:25:27.462 [Test worker] INFO  p6spy - #1785144327462 | took 0ms | statement | connection 29| url jdbc:h2:mem:18f82bf6-6658-4ba0-8c7c-ace5c64c413d
insert into users (created_at,email,password,profile_id,updated_at,username,id) values (?,?,?,?,?,?,?)
insert into users (created_at,email,password,profile_id,updated_at,username,id) values ('2026-07-27T09:25:27.460677Z','woody@codeit.com','password1',NULL,'2026-07-27T09:25:27.460677Z','woody','6d47441a-ce44-4373-82ed-371607839d1a');
26-07-27 18:25:27.462 [Test worker] DEBUG org.hibernate.SQL - 
    select
        u1_0.id,
        u1_0.created_at,
        u1_0.email,
        u1_0.password,
        u1_0.profile_id,
        u1_0.updated_at,
        u1_0.username 
    from
        users u1_0 
    where
        u1_0.username=?
26-07-27 18:25:27.463 [Test worker] TRACE org.hibernate.orm.jdbc.bind - binding parameter (1:VARCHAR) <- [woody]
26-07-27 18:25:27.464 [Test worker] INFO  p6spy - #1785144327464 | took 0ms | statement | connection 29| url jdbc:h2:mem:18f82bf6-6658-4ba0-8c7c-ace5c64c413d
select u1_0.id,u1_0.created_at,u1_0.email,u1_0.password,u1_0.profile_id,u1_0.updated_at,u1_0.username from users u1_0 where u1_0.username=?
select u1_0.id,u1_0.created_at,u1_0.email,u1_0.password,u1_0.profile_id,u1_0.updated_at,u1_0.username from users u1_0 where u1_0.username='woody';
26-07-27 18:25:27.468 [Test worker] INFO  p6spy - #1785144327468 | took 0ms | rollback | connection 29| url jdbc:h2:mem:18f82bf6-6658-4ba0-8c7c-ace5c64c413d

;
26-07-27 18:25:27.473 [Test worker] DEBUG org.hibernate.SQL - 
    insert 
    into
        users
        (created_at, email, password, profile_id, updated_at, username, id) 
    values
        (?, ?, ?, ?, ?, ?, ?)
26-07-27 18:25:27.474 [Test worker] TRACE org.hibernate.orm.jdbc.bind - binding parameter (1:TIMESTAMP_UTC) <- [2026-07-27T09:25:27.472343Z]
26-07-27 18:25:27.474 [Test worker] TRACE org.hibernate.orm.jdbc.bind - binding parameter (2:VARCHAR) <- [charlie@codeit.com]
26-07-27 18:25:27.474 [Test worker] TRACE org.hibernate.orm.jdbc.bind - binding parameter (3:VARCHAR) <- [password1]
26-07-27 18:25:27.474 [Test worker] TRACE org.hibernate.orm.jdbc.bind - binding parameter (4:UUID) <- [null]
26-07-27 18:25:27.474 [Test worker] TRACE org.hibernate.orm.jdbc.bind - binding parameter (5:TIMESTAMP_UTC) <- [2026-07-27T09:25:27.472343Z]
26-07-27 18:25:27.474 [Test worker] TRACE org.hibernate.orm.jdbc.bind - binding parameter (6:VARCHAR) <- [charlie]
26-07-27 18:25:27.474 [Test worker] TRACE org.hibernate.orm.jdbc.bind - binding parameter (7:UUID) <- [ec76a5a8-cfa5-426d-8593-da1c22865f26]
26-07-27 18:25:27.474 [Test worker] INFO  p6spy - #1785144327474 | took 0ms | statement | connection 30| url jdbc:h2:mem:18f82bf6-6658-4ba0-8c7c-ace5c64c413d
insert into users (created_at,email,password,profile_id,updated_at,username,id) values (?,?,?,?,?,?,?)
insert into users (created_at,email,password,profile_id,updated_at,username,id) values ('2026-07-27T09:25:27.472343Z','charlie@codeit.com','password1',NULL,'2026-07-27T09:25:27.472343Z','charlie','ec76a5a8-cfa5-426d-8593-da1c22865f26');
26-07-27 18:25:27.475 [Test worker] DEBUG org.hibernate.SQL - 
    insert 
    into
        users
        (created_at, email, password, profile_id, updated_at, username, id) 
    values
        (?, ?, ?, ?, ?, ?, ?)
26-07-27 18:25:27.475 [Test worker] TRACE org.hibernate.orm.jdbc.bind - binding parameter (1:TIMESTAMP_UTC) <- [2026-07-27T09:25:27.472540Z]
26-07-27 18:25:27.475 [Test worker] TRACE org.hibernate.orm.jdbc.bind - binding parameter (2:VARCHAR) <- [alice@codeit.com]
26-07-27 18:25:27.475 [Test worker] TRACE org.hibernate.orm.jdbc.bind - binding parameter (3:VARCHAR) <- [password1]
26-07-27 18:25:27.475 [Test worker] TRACE org.hibernate.orm.jdbc.bind - binding parameter (4:UUID) <- [null]
26-07-27 18:25:27.475 [Test worker] TRACE org.hibernate.orm.jdbc.bind - binding parameter (5:TIMESTAMP_UTC) <- [2026-07-27T09:25:27.472540Z]
26-07-27 18:25:27.475 [Test worker] TRACE org.hibernate.orm.jdbc.bind - binding parameter (6:VARCHAR) <- [alice]
26-07-27 18:25:27.475 [Test worker] TRACE org.hibernate.orm.jdbc.bind - binding parameter (7:UUID) <- [d9a189e5-e6cd-47b2-80b0-6b530f18f51d]
26-07-27 18:25:27.475 [Test worker] INFO  p6spy - #1785144327475 | took 0ms | statement | connection 30| url jdbc:h2:mem:18f82bf6-6658-4ba0-8c7c-ace5c64c413d
insert into users (created_at,email,password,profile_id,updated_at,username,id) values (?,?,?,?,?,?,?)
insert into users (created_at,email,password,profile_id,updated_at,username,id) values ('2026-07-27T09:25:27.472540Z','alice@codeit.com','password1',NULL,'2026-07-27T09:25:27.472540Z','alice','d9a189e5-e6cd-47b2-80b0-6b530f18f51d');
26-07-27 18:25:27.475 [Test worker] DEBUG org.hibernate.SQL - 
    insert 
    into
        users
        (created_at, email, password, profile_id, updated_at, username, id) 
    values
        (?, ?, ?, ?, ?, ?, ?)
26-07-27 18:25:27.475 [Test worker] TRACE org.hibernate.orm.jdbc.bind - binding parameter (1:TIMESTAMP_UTC) <- [2026-07-27T09:25:27.472661Z]
26-07-27 18:25:27.476 [Test worker] TRACE org.hibernate.orm.jdbc.bind - binding parameter (2:VARCHAR) <- [bravo@codeit.com]
26-07-27 18:25:27.476 [Test worker] TRACE org.hibernate.orm.jdbc.bind - binding parameter (3:VARCHAR) <- [password1]
26-07-27 18:25:27.476 [Test worker] TRACE org.hibernate.orm.jdbc.bind - binding parameter (4:UUID) <- [null]
26-07-27 18:25:27.476 [Test worker] TRACE org.hibernate.orm.jdbc.bind - binding parameter (5:TIMESTAMP_UTC) <- [2026-07-27T09:25:27.472661Z]
26-07-27 18:25:27.476 [Test worker] TRACE org.hibernate.orm.jdbc.bind - binding parameter (6:VARCHAR) <- [bravo]
26-07-27 18:25:27.476 [Test worker] TRACE org.hibernate.orm.jdbc.bind - binding parameter (7:UUID) <- [c74e2179-b7da-4215-9e56-c9c0c53aed0f]
26-07-27 18:25:27.476 [Test worker] INFO  p6spy - #1785144327476 | took 0ms | statement | connection 30| url jdbc:h2:mem:18f82bf6-6658-4ba0-8c7c-ace5c64c413d
insert into users (created_at,email,password,profile_id,updated_at,username,id) values (?,?,?,?,?,?,?)
insert into users (created_at,email,password,profile_id,updated_at,username,id) values ('2026-07-27T09:25:27.472661Z','bravo@codeit.com','password1',NULL,'2026-07-27T09:25:27.472661Z','bravo','c74e2179-b7da-4215-9e56-c9c0c53aed0f');
26-07-27 18:25:27.476 [Test worker] DEBUG org.hibernate.SQL - 
    select
        u1_0.id,
        u1_0.created_at,
        u1_0.email,
        u1_0.password,
        u1_0.profile_id,
        u1_0.updated_at,
        u1_0.username 
    from
        users u1_0 
    order by
        u1_0.username 
    offset
        ? rows 
    fetch
        first ? rows only
26-07-27 18:25:27.476 [Test worker] TRACE org.hibernate.orm.jdbc.bind - binding parameter (1:INTEGER) <- [0]
26-07-27 18:25:27.477 [Test worker] TRACE org.hibernate.orm.jdbc.bind - binding parameter (2:INTEGER) <- [2]
26-07-27 18:25:27.477 [Test worker] INFO  p6spy - #1785144327477 | took 0ms | statement | connection 30| url jdbc:h2:mem:18f82bf6-6658-4ba0-8c7c-ace5c64c413d
select u1_0.id,u1_0.created_at,u1_0.email,u1_0.password,u1_0.profile_id,u1_0.updated_at,u1_0.username from users u1_0 order by u1_0.username offset ? rows fetch first ? rows only
select u1_0.id,u1_0.created_at,u1_0.email,u1_0.password,u1_0.profile_id,u1_0.updated_at,u1_0.username from users u1_0 order by u1_0.username offset 0 rows fetch first 2 rows only;
26-07-27 18:25:27.478 [Test worker] DEBUG org.hibernate.SQL - 
    select
        count(u1_0.id) 
    from
        users u1_0
26-07-27 18:25:27.478 [Test worker] INFO  p6spy - #1785144327478 | took 0ms | statement | connection 30| url jdbc:h2:mem:18f82bf6-6658-4ba0-8c7c-ace5c64c413d
select count(u1_0.id) from users u1_0
select count(u1_0.id) from users u1_0;
26-07-27 18:25:27.482 [Test worker] INFO  p6spy - #1785144327482 | took 0ms | rollback | connection 30| url jdbc:h2:mem:18f82bf6-6658-4ba0-8c7c-ace5c64c413d

;
26-07-27 18:25:27.841 [Test worker] DEBUG c.s.m.d.s.basic.BasicChannelService - Deleting channel. channelId=a62990e0-4688-4137-9cc5-ae601112b36d
26-07-27 18:25:27.841 [Test worker] INFO  c.s.m.d.s.basic.BasicChannelService - Channel deleted. channelId=a62990e0-4688-4137-9cc5-ae601112b36d
26-07-27 18:25:27.850 [Test worker] DEBUG c.s.m.d.s.basic.BasicChannelService - Creating public channel. name=공지
26-07-27 18:25:27.851 [Test worker] INFO  c.s.m.d.s.basic.BasicChannelService - Public channel created. channelId=b50ecbb7-f054-400c-b952-ebf2f5504220, name=공지
26-07-27 18:25:27.853 [Test worker] DEBUG c.s.m.d.s.basic.BasicChannelService - Creating private channel. participantCount=1
26-07-27 18:25:27.853 [Test worker] INFO  c.s.m.d.s.basic.BasicChannelService - Private channel created. channelId=e0932d48-b66e-425e-b93b-0c6a509727da, participantCount=1
26-07-27 18:25:27.860 [Test worker] WARN  c.s.m.d.s.basic.BasicChannelService - Private channel update rejected. channelId=ab97e584-80c8-4c1d-8de6-c7ab84f8dbfb
26-07-27 18:25:27.861 [Test worker] DEBUG c.s.m.d.s.basic.BasicChannelService - Updating channel. channelId=c45529b7-ce39-482b-900f-7af4a720d374
26-07-27 18:25:27.861 [Test worker] INFO  c.s.m.d.s.basic.BasicChannelService - Channel updated. channelId=c45529b7-ce39-482b-900f-7af4a720d374
26-07-27 18:25:27.921 [Test worker] DEBUG c.s.m.d.s.basic.BasicMessageService - Creating message. channelId=9e8d2dad-b1b3-4bc1-946a-e0fdc8219c03, authorId=a3f2b0f5-21b8-45df-9070-0e13e9badf7d, attachmentCount=1
26-07-27 18:25:27.921 [Test worker] INFO  c.s.m.d.s.basic.BasicMessageService - Message created. messageId=ef7b86a0-baac-4781-b586-a166e87e9b96, channelId=9e8d2dad-b1b3-4bc1-946a-e0fdc8219c03, authorId=a3f2b0f5-21b8-45df-9070-0e13e9badf7d, attachmentCount=1
26-07-27 18:25:27.923 [Test worker] DEBUG c.s.m.d.s.basic.BasicMessageService - Deleting message. messageId=f3551740-ff78-4804-bd8c-b9db01bbec5b
26-07-27 18:25:27.924 [Test worker] INFO  c.s.m.d.s.basic.BasicMessageService - Message deleted. messageId=f3551740-ff78-4804-bd8c-b9db01bbec5b
26-07-27 18:25:27.925 [Test worker] DEBUG c.s.m.d.s.basic.BasicMessageService - Creating message. channelId=d63fdc5e-ca5f-4041-a021-c37317b95694, authorId=6678c636-d50e-4992-bd7c-6303ce84a9a8, attachmentCount=0
26-07-27 18:25:27.927 [Test worker] DEBUG c.s.m.d.s.basic.BasicMessageService - Deleting message. messageId=5dac1a8a-d17d-4ba0-99bc-9aaff2ce5d76
26-07-27 18:25:27.931 [Test worker] DEBUG c.s.m.d.s.basic.BasicMessageService - Creating message. channelId=95ebafb1-3f8b-4a4d-a74f-fe9c641271ad, authorId=abc2887a-1e65-4e3c-a922-e2b4c7617d6e, attachmentCount=0
26-07-27 18:25:27.934 [Test worker] DEBUG c.s.m.d.s.basic.BasicMessageService - Updating message. messageId=8641dda0-ca57-4ba7-8d15-c7d2c9f3d87c
26-07-27 18:25:27.937 [Test worker] DEBUG c.s.m.d.s.basic.BasicMessageService - Updating message. messageId=9f76eb3b-b933-49ce-82f9-02068c895fd5
26-07-27 18:25:27.937 [Test worker] INFO  c.s.m.d.s.basic.BasicMessageService - Message updated. messageId=9f76eb3b-b933-49ce-82f9-02068c895fd5
26-07-27 18:25:27.939 [Test worker] DEBUG c.s.m.d.s.basic.BasicMessageService - Creating message. channelId=a26f6a21-7fd0-41e4-9024-08e8a7963123, authorId=4c93a74d-7af6-4a1e-a885-fea967958c6e, attachmentCount=0
26-07-27 18:25:27.939 [Test worker] INFO  c.s.m.d.s.basic.BasicMessageService - Message created. messageId=27c2f32d-d077-4069-a2cb-897d088233ba, channelId=a26f6a21-7fd0-41e4-9024-08e8a7963123, authorId=4c93a74d-7af6-4a1e-a885-fea967958c6e, attachmentCount=0
26-07-27 18:25:27.948 [Test worker] DEBUG c.s.m.d.s.basic.BasicUserService - Deleting user. userId=b427cdc5-f602-44a0-9297-1263d4aa912b
26-07-27 18:25:27.948 [Test worker] INFO  c.s.m.d.s.basic.BasicUserService - User deleted. userId=b427cdc5-f602-44a0-9297-1263d4aa912b
26-07-27 18:25:27.950 [Test worker] DEBUG c.s.m.d.s.basic.BasicUserService - Updating user. userId=dd351235-f70a-4ac1-bbd7-e020397073ee, hasProfileImage=false
26-07-27 18:25:27.954 [Test worker] DEBUG c.s.m.d.s.basic.BasicUserService - Updating user. userId=d24ae1c1-d6b3-423f-b744-e5adab19c51c, hasProfileImage=false
26-07-27 18:25:27.960 [Test worker] DEBUG c.s.m.d.s.basic.BasicUserService - Updating user. userId=0e0248e2-d291-4e5c-933e-b00f4055e2d1, hasProfileImage=false
26-07-27 18:25:27.960 [Test worker] INFO  c.s.m.d.s.basic.BasicUserService - User updated. userId=0e0248e2-d291-4e5c-933e-b00f4055e2d1
26-07-27 18:25:27.963 [Test worker] DEBUG c.s.m.d.s.basic.BasicUserService - Creating user. username=woody, email=woody@codeit.com, hasProfileImage=false
26-07-27 18:25:27.963 [Test worker] INFO  c.s.m.d.s.basic.BasicUserService - User created. userId=b433191c-0b58-4d1b-8006-5ae8da7a4c47, username=woody
26-07-27 18:25:27.966 [Test worker] DEBUG c.s.m.d.s.basic.BasicUserService - Deleting user. userId=e4f53a2c-4acd-4d65-a43f-abd146882bf7
26-07-27 18:25:27.966 [Test worker] INFO  c.s.m.d.s.basic.BasicUserService - User deleted. userId=e4f53a2c-4acd-4d65-a43f-abd146882bf7
26-07-27 18:25:27.968 [Test worker] DEBUG c.s.m.d.s.basic.BasicUserService - Creating user. username=woody, email=woody@codeit.com, hasProfileImage=true
26-07-27 18:25:27.968 [Test worker] INFO  c.s.m.d.s.basic.BasicUserService - User created. userId=98217295-55e1-4538-8f65-1324290ed81c, username=woody
26-07-27 18:25:27.970 [Test worker] DEBUG c.s.m.d.s.basic.BasicUserService - Creating user. username=woody, email=woody@codeit.com, hasProfileImage=false
26-07-27 18:25:27.970 [Test worker] WARN  c.s.m.d.s.basic.BasicUserService - User creation failed. duplicated username or email. username=woody
26-07-27 18:25:27.985 [SpringApplicationShutdownHook] INFO  o.s.o.j.LocalContainerEntityManagerFactoryBean - Closing JPA EntityManagerFactory for persistence unit 'default'
26-07-27 18:25:27.985 [SpringApplicationShutdownHook] DEBUG org.hibernate.SQL - 
    drop table if exists binary_contents cascade 
26-07-27 18:25:27.986 [SpringApplicationShutdownHook] INFO  p6spy - #1785144327986 | took 0ms | statement | connection 31| url jdbc:h2:mem:discodeit-test

    drop table if exists binary_contents cascade 

    drop table if exists binary_contents cascade ;
26-07-27 18:25:27.986 [SpringApplicationShutdownHook] DEBUG org.hibernate.SQL - 
    drop table if exists channels cascade 
26-07-27 18:25:27.986 [SpringApplicationShutdownHook] INFO  p6spy - #1785144327986 | took 0ms | statement | connection 31| url jdbc:h2:mem:discodeit-test

    drop table if exists channels cascade 

    drop table if exists channels cascade ;
26-07-27 18:25:27.986 [SpringApplicationShutdownHook] DEBUG org.hibernate.SQL - 
    drop table if exists message_attachments cascade 
26-07-27 18:25:27.986 [SpringApplicationShutdownHook] INFO  p6spy - #1785144327986 | took 0ms | statement | connection 31| url jdbc:h2:mem:discodeit-test

    drop table if exists message_attachments cascade 

    drop table if exists message_attachments cascade ;
26-07-27 18:25:27.986 [SpringApplicationShutdownHook] DEBUG org.hibernate.SQL - 
    drop table if exists messages cascade 
26-07-27 18:25:27.986 [SpringApplicationShutdownHook] INFO  p6spy - #1785144327986 | took 0ms | statement | connection 31| url jdbc:h2:mem:discodeit-test

    drop table if exists messages cascade 

    drop table if exists messages cascade ;
26-07-27 18:25:27.986 [SpringApplicationShutdownHook] DEBUG org.hibernate.SQL - 
    drop table if exists read_statuses cascade 
26-07-27 18:25:27.987 [SpringApplicationShutdownHook] INFO  p6spy - #1785144327987 | took 0ms | statement | connection 31| url jdbc:h2:mem:discodeit-test

    drop table if exists read_statuses cascade 

    drop table if exists read_statuses cascade ;
26-07-27 18:25:27.987 [SpringApplicationShutdownHook] DEBUG org.hibernate.SQL - 
    drop table if exists user_statuses cascade 
26-07-27 18:25:27.987 [SpringApplicationShutdownHook] INFO  p6spy - #1785144327987 | took 0ms | statement | connection 31| url jdbc:h2:mem:discodeit-test

    drop table if exists user_statuses cascade 

    drop table if exists user_statuses cascade ;
26-07-27 18:25:27.987 [SpringApplicationShutdownHook] DEBUG org.hibernate.SQL - 
    drop table if exists users cascade 
26-07-27 18:25:27.987 [SpringApplicationShutdownHook] INFO  p6spy - #1785144327987 | took 0ms | statement | connection 31| url jdbc:h2:mem:discodeit-test

    drop table if exists users cascade 

    drop table if exists users cascade ;
26-07-27 18:25:27.989 [SpringApplicationShutdownHook] INFO  com.zaxxer.hikari.HikariDataSource - HikariPool-1 - Shutdown initiated...
26-07-27 18:25:27.990 [SpringApplicationShutdownHook] INFO  com.zaxxer.hikari.HikariDataSource - HikariPool-1 - Shutdown completed.
26-07-27 18:25:27.997 [SpringApplicationShutdownHook] INFO  o.s.o.j.LocalContainerEntityManagerFactoryBean - Closing JPA EntityManagerFactory for persistence unit 'default'
26-07-27 18:25:27.997 [SpringApplicationShutdownHook] DEBUG org.hibernate.SQL - 
    drop table if exists binary_contents cascade 
26-07-27 18:25:27.998 [SpringApplicationShutdownHook] DEBUG org.hibernate.SQL - 
    drop table if exists channels cascade 
26-07-27 18:25:27.998 [SpringApplicationShutdownHook] DEBUG org.hibernate.SQL - 
    drop table if exists message_attachments cascade 
26-07-27 18:25:27.998 [SpringApplicationShutdownHook] DEBUG org.hibernate.SQL - 
    drop table if exists messages cascade 
26-07-27 18:25:27.998 [SpringApplicationShutdownHook] DEBUG org.hibernate.SQL - 
    drop table if exists read_statuses cascade 
26-07-27 18:25:27.998 [SpringApplicationShutdownHook] DEBUG org.hibernate.SQL - 
    drop table if exists user_statuses cascade 
26-07-27 18:25:27.999 [SpringApplicationShutdownHook] DEBUG org.hibernate.SQL - 
    drop table if exists users cascade 
26-07-27 18:25:27.999 [SpringApplicationShutdownHook] INFO  com.zaxxer.hikari.HikariDataSource - HikariPool-2 - Shutdown initiated...
26-07-27 18:25:28.000 [SpringApplicationShutdownHook] INFO  com.zaxxer.hikari.HikariDataSource - HikariPool-2 - Shutdown completed.
26-07-27 18:25:28.001 [SpringApplicationShutdownHook] INFO  o.s.o.j.LocalContainerEntityManagerFactoryBean - Closing JPA EntityManagerFactory for persistence unit 'default'
26-07-27 18:25:28.001 [SpringApplicationShutdownHook] DEBUG org.hibernate.SQL - 
    drop table if exists binary_contents cascade 
26-07-27 18:25:28.002 [SpringApplicationShutdownHook] DEBUG org.hibernate.SQL - 
    drop table if exists channels cascade 
26-07-27 18:25:28.002 [SpringApplicationShutdownHook] DEBUG org.hibernate.SQL - 
    drop table if exists message_attachments cascade 
26-07-27 18:25:28.003 [SpringApplicationShutdownHook] DEBUG org.hibernate.SQL - 
    drop table if exists messages cascade 
26-07-27 18:25:28.003 [SpringApplicationShutdownHook] DEBUG org.hibernate.SQL - 
    drop table if exists read_statuses cascade 
26-07-27 18:25:28.003 [SpringApplicationShutdownHook] DEBUG org.hibernate.SQL - 
    drop table if exists user_statuses cascade 
26-07-27 18:25:28.003 [SpringApplicationShutdownHook] DEBUG org.hibernate.SQL - 
    drop table if exists users cascade 
26-07-27 18:41:06.713 [SpringApplicationShutdownHook] INFO  o.s.b.w.e.tomcat.GracefulShutdown - Commencing graceful shutdown. Waiting for active requests to complete
26-07-27 18:41:06.736 [tomcat-shutdown] INFO  o.s.b.w.e.tomcat.GracefulShutdown - Graceful shutdown complete
26-07-27 18:41:06.769 [SpringApplicationShutdownHook] INFO  o.s.o.j.LocalContainerEntityManagerFactoryBean - Closing JPA EntityManagerFactory for persistence unit 'default'
26-07-27 18:41:06.810 [SpringApplicationShutdownHook] INFO  com.zaxxer.hikari.HikariDataSource - HikariPool-1 - Shutdown initiated...
26-07-27 18:41:06.818 [SpringApplicationShutdownHook] INFO  com.zaxxer.hikari.HikariDataSource - HikariPool-1 - Shutdown completed.
